riskScore,failedLoginCount,contentLength,headerCount,hasAuthHeader,isLocalIP,isPrivateIP,requestFrequency,isAuthEndpoint,isSensitiveEndpoint
-0.4936984278204041,-0.595092777301473,-0.42804001823957993,0.7966361921672381,-0.8356850873489315,1.2105714496526023,1.2926485102069203,-0.3933579327442396,0.9592303622513327,-1.2196565865253737
-0.6559853408925039,-0.3018858511576648,-0.4246864839586986,0.049883106146205045,1.1966230044529447,1.2105714496526023,1.2926485102069203,-0.47910353116260246,0.9592303622513327,-1.2196565865253737
-0.16912460167620436,-0.3018858511576648,-0.4555389993428064,0.2988008014865494,1.1966230044529447,-0.8260561574345483,-0.7736055022721724,-0.5005399307671932,-1.0425024471212316,0.8199029227143817
-0.06093332629480444,-0.595092777301473,-0.42887840180980025,1.294471582847927,1.1966230044529447,1.2105714496526023,1.2926485102069203,-0.45766713155801175,0.9592303622513327,0.8199029227143817
-0.27731587705760424,-0.595092777301473,-0.39542689735800945,-0.19903458919413933,1.1966230044529447,1.2105714496526023,-0.7736055022721724,-0.47910353116260246,-1.0425024471212316,-1.2196565865253737
-0.4396027901297041,-0.595092777301473,-0.47322889267445517,-0.19903458919413933,1.1966230044529447,-0.8260561574345483,-0.7736055022721724,-0.3933579327442396,0.9592303622513327,0.8199029227143817
-0.16912460167620436,-0.3018858511576648,-0.4431309225035457,0.049883106146205045,-0.8356850873489315,-0.8260561574345483,1.2926485102069203,-0.3719215331396489,-1.0425024471212316,0.8199029227143817
-0.6018897032018039,-0.595092777301473,-0.45268849520405735,0.049883106146205045,1.1966230044529447,1.2105714496526023,1.2926485102069203,-0.41479433234883034,0.9592303622513327,0.8199029227143817
-0.4936984278204041,-0.595092777301473,-0.43130971416343916,0.049883106146205045,1.1966230044529447,1.2105714496526023,1.2926485102069203,-0.47910353116260246,-1.0425024471212316,-1.2196565865253737
-0.3314115147483042,-0.3018858511576648,-0.44380162935972195,0.5477184968268938,-0.8356850873489315,-0.8260561574345483,-0.7736055022721724,-0.41479433234883034,-1.0425024471212316,0.8199029227143817
-0.7100809785832038,-0.595092777301473,-0.3843602342311012,0.5477184968268938,-0.8356850873489315,-0.8260561574345483,1.2926485102069203,-0.5005399307671932,0.9592303622513327,0.8199029227143817
-0.4936984278204041,-0.595092777301473,-0.40179861249168386,0.7966361921672381,-0.8356850873489315,1.2105714496526023,-0.7736055022721724,-0.3933579327442396,-1.0425024471212316,-1.2196565865253737
-0.27731587705760424,-0.595092777301473,-0.45797031169644536,0.5477184968268938,1.1966230044529447,1.2105714496526023,1.2926485102069203,-0.3933579327442396,0.9592303622513327,-1.2196565865253737
-0.27731587705760424,-0.3018858511576648,-0.44438849785887613,1.0455538875075825,1.1966230044529447,1.2105714496526023,1.2926485102069203,-0.45766713155801175,0.9592303622513327,-1.2196565865253737
-0.4396027901297041,-0.3018858511576648,-0.41353598247476836,1.0455538875075825,1.1966230044529447,-0.8260561574345483,-0.7736055022721724,-0.3719215331396489,-1.0425024471212316,-1.2196565865253737
-0.6018897032018039,-0.3018858511576648,-0.4580541500534674,-0.4479522845344837,1.1966230044529447,1.2105714496526023,-0.7736055022721724,-0.45766713155801175,-1.0425024471212316,-1.2196565865253737
-0.6559853408925039,-0.3018858511576648,-0.4692884898944197,1.294471582847927,1.1966230044529447,-0.8260561574345483,1.2926485102069203,-0.3933579327442396,0.9592303622513327,-1.2196565865253737
-0.4396027901297041,-0.3018858511576648,-0.4232612318893241,0.7966361921672381,1.1966230044529447,-0.8260561574345483,1.2926485102069203,-0.45766713155801175,0.9592303622513327,0.8199029227143817
-0.4396027901297041,-0.3018858511576648,-0.42527335245785286,1.294471582847927,-0.8356850873489315,-0.8260561574345483,1.2926485102069203,-0.43623073195342105,0.9592303622513327,0.8199029227143817
-0.7100809785832038,-0.3018858511576648,-0.41035012490793116,-0.19903458919413933,-0.8356850873489315,1.2105714496526023,1.2926485102069203,-0.3933579327442396,-1.0425024471212316,0.8199029227143817
-0.547794065511104,-0.595092777301473,-0.3919895247201061,0.2988008014865494,1.1966230044529447,1.2105714496526023,1.2926485102069203,-0.47910353116260246,0.9592303622513327,0.8199029227143817
-0.6018897032018039,-0.595092777301473,-0.4189016373241784,-0.4479522845344837,1.1966230044529447,1.2105714496526023,-0.7736055022721724,-0.43623073195342105,-1.0425024471212316,-1.2196565865253737
-0.7641766162739038,-0.3018858511576648,-0.47104909539188233,-0.19903458919413933,1.1966230044529447,-0.8260561574345483,-0.7736055022721724,-0.47910353116260246,-1.0425024471212316,0.8199029227143817
-0.4396027901297041,-0.595092777301473,-0.3878814452260266,-0.19903458919413933,1.1966230044529447,1.2105714496526023,-0.7736055022721724,-0.43623073195342105,0.9592303622513327,-1.2196565865253737
-0.2232202393669043,-0.595092777301473,-0.40205012756275,0.7966361921672381,1.1966230044529447,-0.8260561574345483,-0.7736055022721724,-0.47910353116260246,0.9592303622513327,-1.2196565865253737
-0.1150289639855044,-0.3018858511576648,-0.4384359745103119,0.049883106146205045,-0.8356850873489315,-0.8260561574345483,1.2926485102069203,-0.3933579327442396,-1.0425024471212316,0.8199029227143817
-0.547794065511104,-0.595092777301473,-0.47037838853570607,0.049883106146205045,-0.8356850873489315,-0.8260561574345483,-0.7736055022721724,-0.5219763303717839,-1.0425024471212316,0.8199029227143817
-0.7641766162739038,-0.595092777301473,-0.38637235479963,1.294471582847927,1.1966230044529447,-0.8260561574345483,-0.7736055022721724,-0.35048513353505817,-1.0425024471212316,-1.2196565865253737
-0.2232202393669043,-0.595092777301473,-0.3910673027928638,-0.4479522845344837,-0.8356850873489315,-0.8260561574345483,-0.7736055022721724,-0.35048513353505817,-1.0425024471212316,-1.2196565865253737
-0.6018897032018039,-0.595092777301473,-0.4568804130551589,0.049883106146205045,1.1966230044529447,-0.8260561574345483,1.2926485102069203,-0.43623073195342105,0.9592303622513327,-1.2196565865253737
-0.8182722539646038,-0.595092777301473,-0.4110208317641074,-0.19903458919413933,1.1966230044529447,1.2105714496526023,-0.7736055022721724,-0.35048513353505817,-1.0425024471212316,-1.2196565865253737
-0.2232202393669043,-0.3018858511576648,-0.4189854756812004,0.049883106146205045,1.1966230044529447,-0.8260561574345483,1.2926485102069203,-0.41479433234883034,0.9592303622513327,0.8199029227143817
-0.3314115147483042,-0.3018858511576648,-0.42552486752891894,0.5477184968268938,-0.8356850873489315,1.2105714496526023,-0.7736055022721724,-0.43623073195342105,0.9592303622513327,-1.2196565865253737
-0.547794065511104,-0.3018858511576648,-0.44413698278781005,0.049883106146205045,-0.8356850873489315,-0.8260561574345483,1.2926485102069203,-0.47910353116260246,0.9592303622513327,0.8199029227143817
-0.16912460167620436,-0.595092777301473,-0.4164703249705395,-0.19903458919413933,1.1966230044529447,1.2105714496526023,-0.7736055022721724,-0.3719215331396489,-1.0425024471212316,-1.2196565865253737
-0.2232202393669043,-0.3018858511576648,-0.45017334449339635,1.294471582847927,-0.8356850873489315,1.2105714496526023,1.2926485102069203,-0.45766713155801175,-1.0425024471212316,-1.2196565865253737
-0.38550715243900413,-0.595092777301473,-0.41060163997899723,0.7966361921672381,-0.8356850873489315,1.2105714496526023,-0.7736055022721724,-0.47910353116260246,0.9592303622513327,-1.2196565865253737
-0.8182722539646038,-0.595092777301473,-0.43365718816005605,-0.4479522845344837,1.1966230044529447,1.2105714496526023,1.2926485102069203,-0.41479433234883034,0.9592303622513327,0.8199029227143817
-0.27731587705760424,-0.595092777301473,-0.45344304041725564,0.2988008014865494,-0.8356850873489315,-0.8260561574345483,1.2926485102069203,-0.3719215331396489,0.9592303622513327,-1.2196565865253737
-0.27731587705760424,-0.595092777301473,-0.47524101324298396,0.049883106146205045,-0.8356850873489315,-0.8260561574345483,-0.7736055022721724,-0.35048513353505817,0.9592303622513327,0.8199029227143817
-0.06093332629480444,-0.3018858511576648,-0.43332183473196795,1.0455538875075825,1.1966230044529447,-0.8260561574345483,1.2926485102069203,-0.41479433234883034,-1.0425024471212316,0.8199029227143817
-0.3314115147483042,-0.3018858511576648,-0.43600466215667294,1.0455538875075825,1.1966230044529447,-0.8260561574345483,1.2926485102069203,-0.43623073195342105,0.9592303622513327,0.8199029227143817
-0.2232202393669043,-0.595092777301473,-0.46216222954754693,1.294471582847927,-0.8356850873489315,1.2105714496526023,-0.7736055022721724,-0.5005399307671932,-1.0425024471212316,-1.2196565865253737
-0.2232202393669043,-0.3018858511576648,-0.43525011694347465,-0.19903458919413933,1.1966230044529447,1.2105714496526023,-0.7736055022721724,-0.5005399307671932,-1.0425024471212316,0.8199029227143817
-0.06093332629480444,-0.595092777301473,-0.38402488080301306,0.2988008014865494,-0.8356850873489315,1.2105714496526023,1.2926485102069203,-0.35048513353505817,-1.0425024471212316,0.8199029227143817
-0.1150289639855044,-0.3018858511576648,-0.42837537166766804,0.2988008014865494,1.1966230044529447,-0.8260561574345483,-0.7736055022721724,-0.5005399307671932,-1.0425024471212316,-1.2196565865253737
-0.1150289639855044,-0.3018858511576648,-0.4000380069942212,0.5477184968268938,1.1966230044529447,1.2105714496526023,-0.7736055022721724,-0.5005399307671932,0.9592303622513327,-1.2196565865253737
-0.06093332629480444,-0.595092777301473,-0.4290460785238443,0.2988008014865494,1.1966230044529447,-0.8260561574345483,-0.7736055022721724,-0.47910353116260246,-1.0425024471212316,0.8199029227143817
-0.1150289639855044,-0.3018858511576648,-0.4559581911279166,1.0455538875075825,1.1966230044529447,1.2105714496526023,1.2926485102069203,-0.47910353116260246,0.9592303622513327,0.8199029227143817
-0.7100809785832038,-0.595092777301473,-0.4294652703089544,0.7966361921672381,-0.8356850873489315,1.2105714496526023,1.2926485102069203,-0.45766713155801175,-1.0425024471212316,-1.2196565865253737
-0.2232202393669043,-0.3018858511576648,-0.4064935604849177,-0.19903458919413933,1.1966230044529447,1.2105714496526023,1.2926485102069203,-0.3933579327442396,0.9592303622513327,0.8199029227143817
-0.4936984278204041,-0.595092777301473,-0.4366753690128492,-0.19903458919413933,1.1966230044529447,1.2105714496526023,1.2926485102069203,-0.35048513353505817,0.9592303622513327,0.8199029227143817
-0.6559853408925039,-0.595092777301473,-0.4435501142886558,0.049883106146205045,1.1966230044529447,1.2105714496526023,1.2926485102069203,-0.5005399307671932,0.9592303622513327,0.8199029227143817
-0.38550715243900413,-0.3018858511576648,-0.4109369934070854,0.049883106146205045,-0.8356850873489315,-0.8260561574345483,1.2926485102069203,-0.45766713155801175,0.9592303622513327,-1.2196565865253737
-0.7100809785832038,-0.3018858511576648,-0.404816793344477,0.049883106146205045,-0.8356850873489315,1.2105714496526023,1.2926485102069203,-0.35048513353505817,0.9592303622513327,0.8199029227143817
-0.6018897032018039,-0.595092777301473,-0.4434662759316338,1.0455538875075825,1.1966230044529447,-0.8260561574345483,-0.7736055022721724,-0.5005399307671932,-1.0425024471212316,-1.2196565865253737
-0.7100809785832038,-0.3018858511576648,-0.4023854809908381,1.0455538875075825,1.1966230044529447,-0.8260561574345483,1.2926485102069203,-0.5219763303717839,0.9592303622513327,-1.2196565865253737
-0.4936984278204041,-0.3018858511576648,-0.4541975856304539,1.294471582847927,1.1966230044529447,-0.8260561574345483,1.2926485102069203,-0.3719215331396489,-1.0425024471212316,-1.2196565865253737
-0.6018897032018039,-0.595092777301473,-0.45218546506192514,1.0455538875075825,1.1966230044529447,-0.8260561574345483,-0.7736055022721724,-0.35048513353505817,0.9592303622513327,0.8199029227143817
-0.38550715243900413,-0.595092777301473,-0.4725581858182789,1.0455538875075825,1.1966230044529447,-0.8260561574345483,-0.7736055022721724,-0.3933579327442396,-1.0425024471212316,-1.2196565865253737
-0.4936984278204041,-0.3018858511576648,-0.4351662785864526,1.0455538875075825,1.1966230044529447,-0.8260561574345483,-0.7736055022721724,-0.3719215331396489,-1.0425024471212316,0.8199029227143817
-0.7641766162739038,-0.595092777301473,-0.3980258864256924,1.0455538875075825,-0.8356850873489315,-0.8260561574345483,1.2926485102069203,-0.45766713155801175,-1.0425024471212316,-1.2196565865253737
-0.6559853408925039,-0.595092777301473,-0.45746728155431315,0.7966361921672381,1.1966230044529447,-0.8260561574345483,-0.7736055022721724,-0.45766713155801175,0.9592303622513327,0.8199029227143817
-0.38550715243900413,-0.595092777301473,-0.3908157877217977,1.0455538875075825,1.1966230044529447,1.2105714496526023,1.2926485102069203,-0.5005399307671932,-1.0425024471212316,0.8199029227143817
-0.2232202393669043,-0.3018858511576648,-0.3900612425085994,1.294471582847927,1.1966230044529447,1.2105714496526023,1.2926485102069203,-0.3719215331396489,0.9592303622513327,0.8199029227143817
-0.1150289639855044,-0.3018858511576648,-0.4245188072446546,0.2988008014865494,1.1966230044529447,-0.8260561574345483,1.2926485102069203,-0.5005399307671932,0.9592303622513327,-1.2196565865253737
-0.7641766162739038,-0.595092777301473,-0.39810972478271445,0.2988008014865494,1.1966230044529447,-0.8260561574345483,-0.7736055022721724,-0.35048513353505817,-1.0425024471212316,0.8199029227143817
-0.3314115147483042,-0.3018858511576648,-0.41823093046800214,0.5477184968268938,1.1966230044529447,-0.8260561574345483,-0.7736055022721724,-0.45766713155801175,-1.0425024471212316,0.8199029227143817
-0.38550715243900413,-0.595092777301473,-0.4245188072446546,0.7966361921672381,-0.8356850873489315,1.2105714496526023,1.2926485102069203,-0.5219763303717839,0.9592303622513327,-1.2196565865253737
-0.3314115147483042,-0.3018858511576648,-0.4541137472734319,0.049883106146205045,-0.8356850873489315,1.2105714496526023,1.2926485102069203,-0.45766713155801175,0.9592303622513327,-1.2196565865253737
-0.6018897032018039,-0.595092777301473,-0.39291174664734846,-0.4479522845344837,-0.8356850873489315,-0.8260561574345483,1.2926485102069203,-0.47910353116260246,0.9592303622513327,0.8199029227143817
-0.7641766162739038,-0.595092777301473,-0.39492386721587724,1.0455538875075825,-0.8356850873489315,-0.8260561574345483,-0.7736055022721724,-0.41479433234883034,0.9592303622513327,-1.2196565865253737
-0.6559853408925039,-0.3018858511576648,-0.4452268814290965,0.5477184968268938,-0.8356850873489315,1.2105714496526023,1.2926485102069203,-0.3933579327442396,0.9592303622513327,-1.2196565865253737
-0.2232202393669043,-0.595092777301473,-0.4303036538791748,-0.4479522845344837,-0.8356850873489315,1.2105714496526023,-0.7736055022721724,-0.3719215331396489,0.9592303622513327,-1.2196565865253737
-0.06093332629480444,-0.3018858511576648,-0.4215006263918614,1.294471582847927,1.1966230044529447,-0.8260561574345483,1.2926485102069203,-0.5005399307671932,-1.0425024471212316,0.8199029227143817
-0.2232202393669043,-0.3018858511576648,-0.4076672974832261,0.2988008014865494,1.1966230044529447,-0.8260561574345483,-0.7736055022721724,-0.41479433234883034,0.9592303622513327,-1.2196565865253737
-0.4936984278204041,-0.595092777301473,-0.3887198287962469,0.5477184968268938,1.1966230044529447,-0.8260561574345483,1.2926485102069203,-0.41479433234883034,0.9592303622513327,0.8199029227143817
-0.2232202393669043,-0.595092777301473,-0.4277046648114918,1.294471582847927,1.1966230044529447,-0.8260561574345483,-0.7736055022721724,-0.43623073195342105,-1.0425024471212316,-1.2196565865253737
-0.16912460167620436,-0.3018858511576648,-0.39098346443584175,0.5477184968268938,1.1966230044529447,1.2105714496526023,-0.7736055022721724,-0.3933579327442396,-1.0425024471212316,-1.2196565865253737
-0.4396027901297041,-0.595092777301473,-0.4197400208943987,-0.19903458919413933,1.1966230044529447,1.2105714496526023,-0.7736055022721724,-0.47910353116260246,-1.0425024471212316,0.8199029227143817
-0.06093332629480444,-0.595092777301473,-0.4533592020602336,1.294471582847927,-0.8356850873489315,-0.8260561574345483,-0.7736055022721724,-0.45766713155801175,0.9592303622513327,-1.2196565865253737
-0.7100809785832038,-0.595092777301473,-0.3984450782108026,0.2988008014865494,1.1966230044529447,-0.8260561574345483,-0.7736055022721724,-0.35048513353505817,-1.0425024471212316,-1.2196565865253737
-0.1150289639855044,-0.595092777301473,-0.4552036459147183,0.2988008014865494,-0.8356850873489315,-0.8260561574345483,-0.7736055022721724,-0.45766713155801175,-1.0425024471212316,-1.2196565865253737
-0.8182722539646038,-0.595092777301473,-0.464928895329274,0.7966361921672381,-0.8356850873489315,1.2105714496526023,1.2926485102069203,-0.47910353116260246,0.9592303622513327,-1.2196565865253737
-0.6559853408925039,-0.3018858511576648,-0.4463167800703829,0.5477184968268938,1.1966230044529447,-0.8260561574345483,1.2926485102069203,-0.5005399307671932,0.9592303622513327,0.8199029227143817
-0.7641766162739038,-0.3018858511576648,-0.45947940212284194,1.0455538875075825,1.1966230044529447,-0.8260561574345483,1.2926485102069203,-0.43623073195342105,0.9592303622513327,0.8199029227143817
-0.4396027901297041,-0.595092777301473,-0.3979420480686704,0.2988008014865494,1.1966230044529447,-0.8260561574345483,1.2926485102069203,-0.45766713155801175,0.9592303622513327,0.8199029227143817
-0.6559853408925039,-0.595092777301473,-0.39022891922264347,0.5477184968268938,1.1966230044529447,1.2105714496526023,-0.7736055022721724,-0.3719215331396489,-1.0425024471212316,0.8199029227143817
-0.7641766162739038,-0.595092777301473,-0.4218359798199495,0.7966361921672381,1.1966230044529447,-0.8260561574345483,1.2926485102069203,-0.3933579327442396,0.9592303622513327,0.8199029227143817
-0.1150289639855044,-0.3018858511576648,-0.4568804130551589,1.0455538875075825,1.1966230044529447,1.2105714496526023,-0.7736055022721724,-0.41479433234883034,-1.0425024471212316,0.8199029227143817
-0.547794065511104,-0.595092777301473,-0.41714103182671575,1.294471582847927,1.1966230044529447,-0.8260561574345483,-0.7736055022721724,-0.5005399307671932,0.9592303622513327,0.8199029227143817
-0.547794065511104,-0.3018858511576648,-0.4536945554883217,0.7966361921672381,-0.8356850873489315,-0.8260561574345483,-0.7736055022721724,-0.47910353116260246,-1.0425024471212316,-1.2196565865253737
-0.3314115147483042,-0.3018858511576648,-0.4217521414629275,-0.19903458919413933,1.1966230044529447,-0.8260561574345483,1.2926485102069203,-0.35048513353505817,0.9592303622513327,0.8199029227143817
-0.6559853408925039,-0.3018858511576648,-0.45822182676751144,1.0455538875075825,1.1966230044529447,1.2105714496526023,-0.7736055022721724,-0.35048513353505817,0.9592303622513327,0.8199029227143817
-0.547794065511104,-0.595092777301473,-0.396852149427384,0.5477184968268938,-0.8356850873489315,-0.8260561574345483,1.2926485102069203,-0.43623073195342105,0.9592303622513327,0.8199029227143817
-0.16912460167620436,-0.3018858511576648,-0.43759759094009154,0.2988008014865494,1.1966230044529447,-0.8260561574345483,1.2926485102069203,-0.47910353116260246,-1.0425024471212316,-1.2196565865253737
-0.06093332629480444,-0.595092777301473,-0.41512891125818696,0.2988008014865494,1.1966230044529447,1.2105714496526023,1.2926485102069203,-0.5005399307671932,-1.0425024471212316,0.8199029227143817
-0.7641766162739038,-0.3018858511576648,-0.3935824535035247,0.5477184968268938,-0.8356850873489315,1.2105714496526023,1.2926485102069203,-0.3719215331396489,-1.0425024471212316,0.8199029227143817
-0.3314115147483042,-0.595092777301473,-0.4266147661702054,0.5477184968268938,1.1966230044529447,1.2105714496526023,1.2926485102069203,-0.41479433234883034,0.9592303622513327,0.8199029227143817
-0.2232202393669043,-0.3018858511576648,-0.43600466215667294,0.5477184968268938,1.1966230044529447,-0.8260561574345483,-0.7736055022721724,-0.3933579327442396,-1.0425024471212316,-1.2196565865253737
-0.7641766162739038,-0.595092777301473,-0.3932471000754366,0.049883106146205045,1.1966230044529447,1.2105714496526023,-0.7736055022721724,-0.5219763303717839,0.9592303622513327,0.8199029227143817
-0.3314115147483042,-0.3018858511576648,-0.4628329364037232,1.0455538875075825,1.1966230044529447,-0.8260561574345483,1.2926485102069203,-0.5219763303717839,0.9592303622513327,-1.2196565865253737
-0.1150289639855044,-0.595092777301473,-0.4599824322649741,0.2988008014865494,1.1966230044529447,1.2105714496526023,-0.7736055022721724,-0.5005399307671932,0.9592303622513327,-1.2196565865253737
-0.6559853408925039,-0.595092777301473,-0.39366629186054675,1.0455538875075825,1.1966230044529447,1.2105714496526023,1.2926485102069203,-0.47910353116260246,-1.0425024471212316,-1.2196565865253737
-0.1150289639855044,-0.595092777301473,-0.4301359771651307,0.7966361921672381,-0.8356850873489315,1.2105714496526023,-0.7736055022721724,-0.5219763303717839,0.9592303622513327,-1.2196565865253737
-0.06093332629480444,-0.595092777301473,-0.4724743474612569,0.2988008014865494,1.1966230044529447,-0.8260561574345483,-0.7736055022721724,-0.43623073195342105,-1.0425024471212316,0.8199029227143817
-0.06093332629480444,-0.3018858511576648,-0.45017334449339635,0.049883106146205045,1.1966230044529447,-0.8260561574345483,-0.7736055022721724,-0.47910353116260246,0.9592303622513327,-1.2196565865253737
-0.4396027901297041,-0.3018858511576648,-0.396852149427384,0.5477184968268938,-0.8356850873489315,-0.8260561574345483,-0.7736055022721724,-0.5219763303717839,0.9592303622513327,-1.2196565865253737
-0.1150289639855044,-0.595092777301473,-0.4475743554257134,-0.19903458919413933,-0.8356850873489315,-0.8260561574345483,-0.7736055022721724,-0.3719215331396489,0.9592303622513327,0.8199029227143817
-0.4936984278204041,-0.3018858511576648,-0.383773365731947,0.5477184968268938,1.1966230044529447,-0.8260561574345483,-0.7736055022721724,-0.41479433234883034,-1.0425024471212316,-1.2196565865253737
-0.2232202393669043,-0.595092777301473,-0.3960137658571637,1.294471582847927,-0.8356850873489315,-0.8260561574345483,-0.7736055022721724,-0.35048513353505817,-1.0425024471212316,-1.2196565865253737
-0.38550715243900413,-0.595092777301473,-0.45252081849001324,0.5477184968268938,1.1966230044529447,-0.8260561574345483,-0.7736055022721724,-0.47910353116260246,0.9592303622513327,-1.2196565865253737
-0.1150289639855044,-0.3018858511576648,-0.4007925522074195,0.049883106146205045,1.1966230044529447,-0.8260561574345483,-0.7736055022721724,-0.35048513353505817,-1.0425024471212316,-1.2196565865253737
-0.4396027901297041,-0.595092777301473,-0.45302384863214545,1.0455538875075825,-0.8356850873489315,-0.8260561574345483,-0.7736055022721724,-0.35048513353505817,-1.0425024471212316,-1.2196565865253737
-0.6018897032018039,-0.595092777301473,-0.4057390152717194,0.2988008014865494,1.1966230044529447,1.2105714496526023,-0.7736055022721724,-0.5219763303717839,0.9592303622513327,-1.2196565865253737
-0.16912460167620436,-0.3018858511576648,-0.42393193874550034,0.5477184968268938,1.1966230044529447,1.2105714496526023,-0.7736055022721724,-0.47910353116260246,0.9592303622513327,0.8199029227143817
-0.7641766162739038,-0.595092777301473,-0.4036430563461686,0.2988008014865494,-0.8356850873489315,-0.8260561574345483,-0.7736055022721724,-0.41479433234883034,-1.0425024471212316,0.8199029227143817
-0.06093332629480444,-0.595092777301473,-0.39785820971164837,-0.4479522845344837,-0.8356850873489315,-0.8260561574345483,1.2926485102069203,-0.3719215331396489,0.9592303622513327,0.8199029227143817
-0.6018897032018039,-0.595092777301473,-0.45168243491979293,0.7966361921672381,-0.8356850873489315,-0.8260561574345483,-0.7736055022721724,-0.45766713155801175,0.9592303622513327,0.8199029227143817
-0.4396027901297041,-0.595092777301473,-0.415212749615209,1.0455538875075825,-0.8356850873489315,-0.8260561574345483,-0.7736055022721724,-0.43623073195342105,-1.0425024471212316,-1.2196565865253737
-0.3314115147483042,-0.3018858511576648,-0.40104406727848557,0.2988008014865494,1.1966230044529447,1.2105714496526023,-0.7736055022721724,-0.35048513353505817,-1.0425024471212316,-1.2196565865253737
-0.38550715243900413,-0.3018858511576648,-0.4531076869891675,-0.19903458919413933,-0.8356850873489315,1.2105714496526023,-0.7736055022721724,-0.41479433234883034,0.9592303622513327,-1.2196565865253737
-0.2232202393669043,-0.3018858511576648,-0.38452791094514527,0.7966361921672381,-0.8356850873489315,-0.8260561574345483,-0.7736055022721724,-0.3933579327442396,-1.0425024471212316,0.8199029227143817
-0.2232202393669043,-0.595092777301473,-0.4354177936575187,1.294471582847927,-0.8356850873489315,1.2105714496526023,-0.7736055022721724,-0.3933579327442396,-1.0425024471212316,0.8199029227143817
-0.2232202393669043,-0.595092777301473,-0.3974390179265382,1.294471582847927,-0.8356850873489315,1.2105714496526023,1.2926485102069203,-0.45766713155801175,0.9592303622513327,-1.2196565865253737
-0.16912460167620436,-0.3018858511576648,-0.45511980755769627,-0.19903458919413933,-0.8356850873489315,-0.8260561574345483,1.2926485102069203,-0.45766713155801175,0.9592303622513327,-1.2196565865253737
-0.38550715243900413,-0.595092777301473,-0.4628329364037232,0.5477184968268938,1.1966230044529447,-0.8260561574345483,1.2926485102069203,-0.45766713155801175,0.9592303622513327,0.8199029227143817
-0.16912460167620436,-0.595092777301473,-0.38612083972856387,0.7966361921672381,-0.8356850873489315,-0.8260561574345483,-0.7736055022721724,-0.43623073195342105,0.9592303622513327,0.8199029227143817
-0.06093332629480444,-0.595092777301473,-0.4378491060111577,0.2988008014865494,1.1966230044529447,-0.8260561574345483,-0.7736055022721724,-0.43623073195342105,-1.0425024471212316,0.8199029227143817
-0.16912460167620436,-0.595092777301473,-0.45906021033773176,0.7966361921672381,-0.8356850873489315,1.2105714496526023,-0.7736055022721724,-0.3719215331396489,-1.0425024471212316,0.8199029227143817
-0.8182722539646038,-0.3018858511576648,-0.46551576382842824,0.5477184968268938,-0.8356850873489315,-0.8260561574345483,1.2926485102069203,-0.35048513353505817,0.9592303622513327,-1.2196565865253737
-0.38550715243900413,-0.3018858511576648,-0.4758278817421382,0.049883106146205045,-0.8356850873489315,1.2105714496526023,-0.7736055022721724,-0.5005399307671932,0.9592303622513327,0.8199029227143817
-0.4936984278204041,-0.3018858511576648,-0.3947561905018332,1.0455538875075825,-0.8356850873489315,-0.8260561574345483,-0.7736055022721724,-0.3933579327442396,0.9592303622513327,0.8199029227143817
-0.38550715243900413,-0.595092777301473,-0.40422992484532283,-0.19903458919413933,-0.8356850873489315,1.2105714496526023,1.2926485102069203,-0.5219763303717839,0.9592303622513327,-1.2196565865253737
-0.4396027901297041,-0.3018858511576648,-0.4222551716050597,0.5477184968268938,-0.8356850873489315,-0.8260561574345483,1.2926485102069203,-0.5219763303717839,-1.0425024471212316,-1.2196565865253737
-0.8182722539646038,-0.3018858511576648,-0.45989859390795207,0.049883106146205045,-0.8356850873489315,-0.8260561574345483,-0.7736055022721724,-0.45766713155801175,-1.0425024471212316,-1.2196565865253737
-0.2232202393669043,-0.595092777301473,-0.4326511278757917,0.7966361921672381,-0.8356850873489315,1.2105714496526023,-0.7736055022721724,-0.3933579327442396,0.9592303622513327,0.8199029227143817
-0.4396027901297041,-0.595092777301473,-0.43885516629542204,0.7966361921672381,1.1966230044529447,1.2105714496526023,-0.7736055022721724,-0.5005399307671932,0.9592303622513327,0.8199029227143817
-0.4396027901297041,-0.3018858511576648,-0.46392283504500964,0.5477184968268938,-0.8356850873489315,1.2105714496526023,-0.7736055022721724,-0.5005399307671932,-1.0425024471212316,0.8199029227143817
-0.06093332629480444,-0.3018858511576648,-0.43122587580641714,0.2988008014865494,1.1966230044529447,-0.8260561574345483,1.2926485102069203,-0.5219763303717839,-1.0425024471212316,0.8199029227143817
-0.27731587705760424,-0.3018858511576648,-0.4568804130551589,0.7966361921672381,-0.8356850873489315,1.2105714496526023,-0.7736055022721724,-0.5005399307671932,-1.0425024471212316,-1.2196565865253737
-0.7100809785832038,-0.3018858511576648,-0.3963491192852518,0.2988008014865494,1.1966230044529447,1.2105714496526023,-0.7736055022721724,-0.3933579327442396,-1.0425024471212316,-1.2196565865253737
-0.8182722539646038,-0.595092777301473,-0.43734607586902546,0.2988008014865494,-0.8356850873489315,1.2105714496526023,1.2926485102069203,-0.35048513353505817,0.9592303622513327,0.8199029227143817
-0.4396027901297041,-0.3018858511576648,-0.42971678538002056,1.0455538875075825,-0.8356850873489315,1.2105714496526023,-0.7736055022721724,-0.41479433234883034,-1.0425024471212316,0.8199029227143817
-0.7100809785832038,-0.3018858511576648,-0.44296324578950164,0.2988008014865494,-0.8356850873489315,1.2105714496526023,-0.7736055022721724,-0.5005399307671932,-1.0425024471212316,0.8199029227143817
-0.7100809785832038,-0.595092777301473,-0.40506830841554314,-0.4479522845344837,1.1966230044529447,1.2105714496526023,1.2926485102069203,-0.35048513353505817,-1.0425024471212316,-1.2196565865253737
-0.8182722539646038,-0.3018858511576648,-0.45830566512453347,1.0455538875075825,1.1966230044529447,1.2105714496526023,1.2926485102069203,-0.3933579327442396,0.9592303622513327,0.8199029227143817
-0.27731587705760424,-0.595092777301473,-0.4217521414629275,0.049883106146205045,1.1966230044529447,1.2105714496526023,-0.7736055022721724,-0.5219763303717839,0.9592303622513327,-1.2196565865253737
-0.6018897032018039,-0.595092777301473,-0.4575511199113352,0.049883106146205045,1.1966230044529447,1.2105714496526023,1.2926485102069203,-0.35048513353505817,-1.0425024471212316,0.8199029227143817
-0.3314115147483042,-0.595092777301473,-0.44178950879119316,0.7966361921672381,-0.8356850873489315,-0.8260561574345483,1.2926485102069203,-0.5005399307671932,-1.0425024471212316,-1.2196565865253737
-0.4936984278204041,-0.3018858511576648,-0.40146325906359576,0.7966361921672381,-0.8356850873489315,-0.8260561574345483,-0.7736055022721724,-0.45766713155801175,0.9592303622513327,-1.2196565865253737
-0.3314115147483042,-0.3018858511576648,-0.4291299168808663,0.2988008014865494,-0.8356850873489315,1.2105714496526023,1.2926485102069203,-0.35048513353505817,0.9592303622513327,0.8199029227143817
-0.38550715243900413,-0.595092777301473,-0.4298006237370426,1.0455538875075825,1.1966230044529447,-0.8260561574345483,-0.7736055022721724,-0.45766713155801175,-1.0425024471212316,-1.2196565865253737
-0.2232202393669043,-0.3018858511576648,-0.46400667340203167,1.0455538875075825,-0.8356850873489315,-0.8260561574345483,-0.7736055022721724,-0.47910353116260246,0.9592303622513327,-1.2196565865253737
-0.4936984278204041,-0.3018858511576648,-0.4246026456016766,-0.4479522845344837,1.1966230044529447,1.2105714496526023,-0.7736055022721724,-0.5219763303717839,-1.0425024471212316,0.8199029227143817
-0.38550715243900413,-0.595092777301473,-0.43390870323112213,0.2988008014865494,1.1966230044529447,1.2105714496526023,-0.7736055022721724,-0.3933579327442396,0.9592303622513327,-1.2196565865253737
-0.4396027901297041,-0.595092777301473,-0.4054875002006533,-0.4479522845344837,1.1966230044529447,1.2105714496526023,1.2926485102069203,-0.41479433234883034,-1.0425024471212316,0.8199029227143817
-0.2232202393669043,-0.3018858511576648,-0.4170571934696937,1.294471582847927,1.1966230044529447,1.2105714496526023,-0.7736055022721724,-0.45766713155801175,-1.0425024471212316,-1.2196565865253737
-0.7641766162739038,-0.595092777301473,-0.4259440593140291,0.2988008014865494,1.1966230044529447,1.2105714496526023,-0.7736055022721724,-0.41479433234883034,0.9592303622513327,-1.2196565865253737
-0.8182722539646038,-0.3018858511576648,-0.4523531417759692,-0.19903458919413933,-0.8356850873489315,1.2105714496526023,-0.7736055022721724,-0.41479433234883034,-1.0425024471212316,-1.2196565865253737
-0.4936984278204041,-0.3018858511576648,-0.4403642567218186,-0.19903458919413933,1.1966230044529447,-0.8260561574345483,-0.7736055022721724,-0.45766713155801175,0.9592303622513327,-1.2196565865253737
-0.4936984278204041,-0.3018858511576648,-0.40414608648830075,0.5477184968268938,1.1966230044529447,1.2105714496526023,1.2926485102069203,-0.41479433234883034,0.9592303622513327,0.8199029227143817
-0.1150289639855044,-0.3018858511576648,-0.45327536370321153,0.2988008014865494,-0.8356850873489315,-0.8260561574345483,1.2926485102069203,-0.3719215331396489,0.9592303622513327,0.8199029227143817
-0.4396027901297041,-0.595092777301473,-0.46300061311776725,1.0455538875075825,1.1966230044529447,1.2105714496526023,1.2926485102069203,-0.47910353116260246,-1.0425024471212316,0.8199029227143817
-0.6018897032018039,-0.595092777301473,-0.42443496888763255,0.7966361921672381,1.1966230044529447,1.2105714496526023,-0.7736055022721724,-0.45766713155801175,-1.0425024471212316,-1.2196565865253737
-0.7100809785832038,-0.595092777301473,-0.420410727750575,0.049883106146205045,-0.8356850873489315,-0.8260561574345483,1.2926485102069203,-0.5219763303717839,-1.0425024471212316,-1.2196565865253737
-0.2232202393669043,-0.595092777301473,-0.4689531364663315,0.5477184968268938,-0.8356850873489315,1.2105714496526023,1.2926485102069203,-0.45766713155801175,0.9592303622513327,0.8199029227143817
-0.4396027901297041,-0.3018858511576648,-0.39651679599929585,0.7966361921672381,-0.8356850873489315,1.2105714496526023,-0.7736055022721724,-0.35048513353505817,-1.0425024471212316,0.8199029227143817
-0.547794065511104,-0.3018858511576648,-0.4005410371363534,-0.19903458919413933,1.1966230044529447,-0.8260561574345483,1.2926485102069203,-0.3719215331396489,-1.0425024471212316,0.8199029227143817
-0.27731587705760424,-0.595092777301473,-0.4521016267049031,0.2988008014865494,-0.8356850873489315,1.2105714496526023,-0.7736055022721724,-0.45766713155801175,-1.0425024471212316,0.8199029227143817
-0.7100809785832038,-0.3018858511576648,-0.3937501302175688,0.5477184968268938,-0.8356850873489315,-0.8260561574345483,1.2926485102069203,-0.3933579327442396,-1.0425024471212316,-1.2196565865253737
-0.8182722539646038,-0.3018858511576648,-0.46140768433434864,0.2988008014865494,-0.8356850873489315,1.2105714496526023,1.2926485102069203,-0.47910353116260246,0.9592303622513327,0.8199029227143817
-0.7100809785832038,-0.3018858511576648,-0.38477942601621135,-0.19903458919413933,1.1966230044529447,1.2105714496526023,1.2926485102069203,-0.35048513353505817,-1.0425024471212316,-1.2196565865253737
-0.6018897032018039,-0.595092777301473,-0.38394104244599103,0.5477184968268938,-0.8356850873489315,-0.8260561574345483,1.2926485102069203,-0.45766713155801175,0.9592303622513327,0.8199029227143817
-0.06093332629480444,-0.595092777301473,-0.41194305369134976,-0.19903458919413933,1.1966230044529447,1.2105714496526023,-0.7736055022721724,-0.5005399307671932,0.9592303622513327,-1.2196565865253737
-0.1150289639855044,-0.595092777301473,-0.42284204010421395,-0.4479522845344837,1.1966230044529447,-0.8260561574345483,-0.7736055022721724,-0.43623073195342105,0.9592303622513327,0.8199029227143817
-0.7100809785832038,-0.3018858511576648,-0.409930933122821,-0.19903458919413933,-0.8356850873489315,-0.8260561574345483,1.2926485102069203,-0.5005399307671932,0.9592303622513327,0.8199029227143817
-0.8182722539646038,-0.595092777301473,-0.396852149427384,1.0455538875075825,1.1966230044529447,-0.8260561574345483,-0.7736055022721724,-0.41479433234883034,-1.0425024471212316,-1.2196565865253737
-0.6018897032018039,-0.595092777301473,-0.3910673027928638,1.0455538875075825,1.1966230044529447,1.2105714496526023,1.2926485102069203,-0.5219763303717839,-1.0425024471212316,-1.2196565865253737
-0.3314115147483042,-0.595092777301473,-0.44254405400439145,0.2988008014865494,-0.8356850873489315,1.2105714496526023,1.2926485102069203,-0.41479433234883034,-1.0425024471212316,0.8199029227143817
-0.4936984278204041,-0.595092777301473,-0.3976066946405823,0.049883106146205045,1.1966230044529447,-0.8260561574345483,1.2926485102069203,-0.45766713155801175,0.9592303622513327,-1.2196565865253737
-0.06093332629480444,-0.595092777301473,-0.41923699075226656,-0.19903458919413933,-0.8356850873489315,1.2105714496526023,1.2926485102069203,-0.47910353116260246,-1.0425024471212316,0.8199029227143817
-0.1150289639855044,-0.595092777301473,-0.3974390179265382,0.7966361921672381,1.1966230044529447,1.2105714496526023,1.2926485102069203,-0.5005399307671932,0.9592303622513327,-1.2196565865253737
-0.4936984278204041,-0.3018858511576648,-0.4369268840839153,1.0455538875075825,1.1966230044529447,1.2105714496526023,1.2926485102069203,-0.3933579327442396,-1.0425024471212316,0.8199029227143817
-0.27731587705760424,-0.3018858511576648,-0.45193394999085906,1.294471582847927,-0.8356850873489315,-0.8260561574345483,-0.7736055022721724,-0.35048513353505817,-1.0425024471212316,0.8199029227143817
-0.38550715243900413,-0.595092777301473,-0.4536945554883217,0.049883106146205045,-0.8356850873489315,1.2105714496526023,-0.7736055022721724,-0.47910353116260246,-1.0425024471212316,0.8199029227143817
-0.06093332629480444,-0.595092777301473,-0.44908344585210996,-0.4479522845344837,1.1966230044529447,-0.8260561574345483,1.2926485102069203,-0.41479433234883034,0.9592303622513327,0.8199029227143817
-0.06093332629480444,-0.3018858511576648,-0.41948850582333264,0.5477184968268938,1.1966230044529447,1.2105714496526023,-0.7736055022721724,-0.35048513353505817,-1.0425024471212316,0.8199029227143817
-0.3314115147483042,-0.3018858511576648,-0.40716426734109396,0.5477184968268938,-0.8356850873489315,1.2105714496526023,1.2926485102069203,-0.5005399307671932,0.9592303622513327,0.8199029227143817
-0.3314115147483042,-0.595092777301473,-0.46845010632419937,1.0455538875075825,1.1966230044529447,-0.8260561574345483,-0.7736055022721724,-0.3933579327442396,0.9592303622513327,0.8199029227143817
-0.2232202393669043,-0.595092777301473,-0.4070804289840719,0.049883106146205045,1.1966230044529447,1.2105714496526023,-0.7736055022721724,-0.43623073195342105,0.9592303622513327,0.8199029227143817
-0.16912460167620436,-0.595092777301473,-0.3919895247201061,1.0455538875075825,1.1966230044529447,-0.8260561574345483,-0.7736055022721724,-0.43623073195342105,-1.0425024471212316,-1.2196565865253737
-0.7100809785832038,-0.595092777301473,-0.4479097088538015,0.5477184968268938,1.1966230044529447,1.2105714496526023,1.2926485102069203,-0.3933579327442396,-1.0425024471212316,-1.2196565865253737
-0.06093332629480444,-0.3018858511576648,-0.4572996048402691,1.294471582847927,-0.8356850873489315,-0.8260561574345483,-0.7736055022721724,-0.35048513353505817,0.9592303622513327,-1.2196565865253737
-0.4936984278204041,-0.595092777301473,-0.4724743474612569,-0.19903458919413933,-0.8356850873489315,1.2105714496526023,1.2926485102069203,-0.45766713155801175,0.9592303622513327,0.8199029227143817
-0.8182722539646038,-0.595092777301473,-0.470210711821662,0.049883106146205045,-0.8356850873489315,1.2105714496526023,1.2926485102069203,-0.35048513353505817,0.9592303622513327,0.8199029227143817
-0.6559853408925039,-0.595092777301473,-0.39307942336139257,0.2988008014865494,-0.8356850873489315,1.2105714496526023,1.2926485102069203,-0.35048513353505817,0.9592303622513327,0.8199029227143817
-0.16912460167620436,-0.595092777301473,-0.43281880458983574,-0.19903458919413933,-0.8356850873489315,-0.8260561574345483,-0.7736055022721724,-0.45766713155801175,0.9592303622513327,-1.2196565865253737
-0.6559853408925039,-0.3018858511576648,-0.41764406196884796,-0.19903458919413933,-0.8356850873489315,-0.8260561574345483,-0.7736055022721724,-0.47910353116260246,-1.0425024471212316,-1.2196565865253737
-0.1150289639855044,-0.3018858511576648,-0.3887198287962469,-0.19903458919413933,1.1966230044529447,-0.8260561574345483,-0.7736055022721724,-0.5005399307671932,-1.0425024471212316,-1.2196565865253737
-0.6018897032018039,-0.3018858511576648,-0.4359208237996509,0.2988008014865494,-0.8356850873489315,1.2105714496526023,1.2926485102069203,-0.35048513353505817,-1.0425024471212316,-1.2196565865253737
-0.4936984278204041,-0.595092777301473,-0.3848632643732334,1.294471582847927,1.1966230044529447,-0.8260561574345483,1.2926485102069203,-0.5005399307671932,0.9592303622513327,-1.2196565865253737
-0.4936984278204041,-0.595092777301473,-0.40205012756275,-0.4479522845344837,1.1966230044529447,-0.8260561574345483,-0.7736055022721724,-0.41479433234883034,0.9592303622513327,0.8199029227143817
-0.16912460167620436,-0.3018858511576648,-0.43969354986564235,1.294471582847927,1.1966230044529447,-0.8260561574345483,1.2926485102069203,-0.43623073195342105,-1.0425024471212316,-1.2196565865253737
-0.06093332629480444,-0.595092777301473,-0.45344304041725564,1.294471582847927,-0.8356850873489315,-0.8260561574345483,-0.7736055022721724,-0.43623073195342105,-1.0425024471212316,0.8199029227143817
-0.27731587705760424,-0.595092777301473,-0.3871269000128283,1.294471582847927,1.1966230044529447,-0.8260561574345483,-0.7736055022721724,-0.45766713155801175,0.9592303622513327,0.8199029227143817
-0.16912460167620436,-0.3018858511576648,-0.41060163997899723,0.7966361921672381,-0.8356850873489315,-0.8260561574345483,-0.7736055022721724,-0.41479433234883034,0.9592303622513327,0.8199029227143817
-0.6559853408925039,-0.3018858511576648,-0.43449557173027636,1.0455538875075825,1.1966230044529447,-0.8260561574345483,-0.7736055022721724,-0.43623073195342105,0.9592303622513327,-1.2196565865253737
-0.16912460167620436,-0.3018858511576648,-0.420494566107597,0.5477184968268938,1.1966230044529447,-0.8260561574345483,1.2926485102069203,-0.45766713155801175,-1.0425024471212316,-1.2196565865253737
-0.4936984278204041,-0.3018858511576648,-0.39098346443584175,1.0455538875075825,-0.8356850873489315,-0.8260561574345483,-0.7736055022721724,-0.35048513353505817,0.9592303622513327,0.8199029227143817
-0.27731587705760424,-0.595092777301473,-0.3871269000128283,0.049883106146205045,1.1966230044529447,-0.8260561574345483,-0.7736055022721724,-0.41479433234883034,0.9592303622513327,-1.2196565865253737
-0.7100809785832038,-0.595092777301473,-0.3940016452886349,1.294471582847927,1.1966230044529447,1.2105714496526023,-0.7736055022721724,-0.47910353116260246,0.9592303622513327,-1.2196565865253737
-0.547794065511104,-0.3018858511576648,-0.4355016320145408,-0.4479522845344837,1.1966230044529447,1.2105714496526023,-0.7736055022721724,-0.41479433234883034,-1.0425024471212316,0.8199029227143817
-0.2232202393669043,-0.595092777301473,-0.4148773961871209,0.049883106146205045,1.1966230044529447,-0.8260561574345483,-0.7736055022721724,-0.5219763303717839,0.9592303622513327,0.8199029227143817
-0.7641766162739038,-0.3018858511576648,-0.43566930872858484,1.0455538875075825,-0.8356850873489315,1.2105714496526023,-0.7736055022721724,-0.43623073195342105,-1.0425024471212316,0.8199029227143817
-0.3314115147483042,-0.3018858511576648,-0.3846117493021673,0.5477184968268938,1.1966230044529447,1.2105714496526023,-0.7736055022721724,-0.41479433234883034,0.9592303622513327,0.8199029227143817
-0.16912460167620436,-0.595092777301473,-0.38939053565242315,0.2988008014865494,1.1966230044529447,-0.8260561574345483,1.2926485102069203,-0.3719215331396489,0.9592303622513327,0.8199029227143817
-0.1150289639855044,-0.3018858511576648,-0.4471551636406032,1.0455538875075825,-0.8356850873489315,-0.8260561574345483,1.2926485102069203,-0.35048513353505817,-1.0425024471212316,-1.2196565865253737
-0.38550715243900413,-0.595092777301473,-0.44807738556784554,-0.19903458919413933,1.1966230044529447,-0.8260561574345483,1.2926485102069203,-0.47910353116260246,0.9592303622513327,0.8199029227143817
-0.6018897032018039,-0.595092777301473,-0.4391905197235102,1.0455538875075825,1.1966230044529447,1.2105714496526023,1.2926485102069203,-0.5005399307671932,-1.0425024471212316,-1.2196565865253737
-0.547794065511104,-0.595092777301473,-0.4613238459773266,-0.19903458919413933,1.1966230044529447,-0.8260561574345483,-0.7736055022721724,-0.45766713155801175,0.9592303622513327,-1.2196565865253737
-0.2232202393669043,-0.595092777301473,-0.4290460785238443,0.2988008014865494,1.1966230044529447,1.2105714496526023,1.2926485102069203,-0.3719215331396489,-1.0425024471212316,0.8199029227143817
-0.2232202393669043,-0.3018858511576648,-0.4317289059485493,1.0455538875075825,-0.8356850873489315,-0.8260561574345483,1.2926485102069203,-0.3719215331396489,0.9592303622513327,0.8199029227143817
-0.2232202393669043,-0.595092777301473,-0.4206622428216411,-0.4479522845344837,1.1966230044529447,1.2105714496526023,1.2926485102069203,-0.47910353116260246,-1.0425024471212316,-1.2196565865253737
-0.2232202393669043,-0.3018858511576648,-0.4737319228165874,-0.4479522845344837,-0.8356850873489315,1.2105714496526023,-0.7736055022721724,-0.45766713155801175,-1.0425024471212316,0.8199029227143817
-0.6559853408925039,-0.3018858511576648,-0.40716426734109396,0.049883106146205045,1.1966230044529447,-0.8260561574345483,1.2926485102069203,-0.47910353116260246,0.9592303622513327,-1.2196565865253737
-0.1150289639855044,-0.3018858511576648,-0.42518951410083083,0.2988008014865494,1.1966230044529447,-0.8260561574345483,1.2926485102069203,-0.5005399307671932,-1.0425024471212316,0.8199029227143817
-0.1150289639855044,-0.3018858511576648,-0.4418733471482152,1.294471582847927,1.1966230044529447,1.2105714496526023,-0.7736055022721724,-0.45766713155801175,0.9592303622513327,0.8199029227143817
-0.27731587705760424,-0.595092777301473,-0.4564612212700488,-0.4479522845344837,-0.8356850873489315,1.2105714496526023,1.2926485102069203,-0.41479433234883034,-1.0425024471212316,-1.2196565865253737
-0.3314115147483042,-0.595092777301473,-0.43122587580641714,1.0455538875075825,1.1966230044529447,-0.8260561574345483,-0.7736055022721724,-0.43623073195342105,0.9592303622513327,-1.2196565865253737
-0.4936984278204041,-0.3018858511576648,-0.433573349803034,0.2988008014865494,1.1966230044529447,-0.8260561574345483,1.2926485102069203,-0.47910353116260246,0.9592303622513327,0.8199029227143817
-0.2232202393669043,-0.3018858511576648,-0.4609046541922165,0.5477184968268938,-0.8356850873489315,1.2105714496526023,-0.7736055022721724,-0.5005399307671932,0.9592303622513327,0.8199029227143817
-0.38550715243900413,-0.595092777301473,-0.464845056972252,-0.19903458919413933,-0.8356850873489315,-0.8260561574345483,1.2926485102069203,-0.35048513353505817,0.9592303622513327,0.8199029227143817
-0.4936984278204041,-0.3018858511576648,-0.4467359718554931,1.0455538875075825,-0.8356850873489315,1.2105714496526023,1.2926485102069203,-0.5219763303717839,-1.0425024471212316,-1.2196565865253737
-0.1150289639855044,-0.595092777301473,-0.4306390073072629,-0.19903458919413933,-0.8356850873489315,-0.8260561574345483,1.2926485102069203,-0.35048513353505817,0.9592303622513327,0.8199029227143817
-0.8182722539646038,-0.3018858511576648,-0.41118850847815147,-0.19903458919413933,1.1966230044529447,-0.8260561574345483,-0.7736055022721724,-0.5219763303717839,0.9592303622513327,0.8199029227143817
-0.8182722539646038,-0.595092777301473,-0.46954000496548576,1.294471582847927,1.1966230044529447,-0.8260561574345483,1.2926485102069203,-0.3933579327442396,0.9592303622513327,0.8199029227143817
-0.38550715243900413,-0.3018858511576648,-0.42736931138340367,0.2988008014865494,1.1966230044529447,1.2105714496526023,-0.7736055022721724,-0.41479433234883034,0.9592303622513327,0.8199029227143817
-0.27731587705760424,-0.3018858511576648,-0.40431376320234486,0.2988008014865494,1.1966230044529447,-0.8260561574345483,-0.7736055022721724,-0.3933579327442396,0.9592303622513327,-1.2196565865253737
-0.1150289639855044,-0.595092777301473,-0.459647078836886,0.049883106146205045,-0.8356850873489315,1.2105714496526023,-0.7736055022721724,-0.47910353116260246,-1.0425024471212316,-1.2196565865253737
-0.38550715243900413,-0.3018858511576648,-0.4468198102125151,-0.19903458919413933,1.1966230044529447,-0.8260561574345483,-0.7736055022721724,-0.47910353116260246,0.9592303622513327,-1.2196565865253737
-0.6559853408925039,-0.3018858511576648,-0.39618144257120774,0.049883106146205045,1.1966230044529447,1.2105714496526023,1.2926485102069203,-0.5219763303717839,-1.0425024471212316,0.8199029227143817
-0.16912460167620436,-0.595092777301473,-0.45797031169644536,1.294471582847927,1.1966230044529447,1.2105714496526023,1.2926485102069203,-0.45766713155801175,-1.0425024471212316,0.8199029227143817
-0.38550715243900413,-0.3018858511576648,-0.4278723415255358,-0.19903458919413933,1.1966230044529447,-0.8260561574345483,1.2926485102069203,-0.5005399307671932,0.9592303622513327,0.8199029227143817
-0.7100809785832038,-0.595092777301473,-0.4105178016219752,0.049883106146205045,-0.8356850873489315,1.2105714496526023,-0.7736055022721724,-0.3719215331396489,0.9592303622513327,-1.2196565865253737
-0.4936984278204041,-0.595092777301473,-0.4539460705593878,0.049883106146205045,1.1966230044529447,1.2105714496526023,1.2926485102069203,-0.47910353116260246,-1.0425024471212316,-1.2196565865253737
-0.547794065511104,-0.3018858511576648,-0.41470971947307683,0.5477184968268938,1.1966230044529447,1.2105714496526023,-0.7736055022721724,-0.3933579327442396,-1.0425024471212316,-1.2196565865253737
-0.4396027901297041,-0.3018858511576648,-0.45218546506192514,0.049883106146205045,1.1966230044529447,1.2105714496526023,-0.7736055022721724,-0.3933579327442396,-1.0425024471212316,-1.2196565865253737
-0.27731587705760424,-0.3018858511576648,-0.4455622348571846,0.2988008014865494,-0.8356850873489315,-0.8260561574345483,-0.7736055022721724,-0.35048513353505817,0.9592303622513327,0.8199029227143817
-0.38550715243900413,-0.3018858511576648,-0.43893900465244406,0.049883106146205045,-0.8356850873489315,-0.8260561574345483,1.2926485102069203,-0.41479433234883034,-1.0425024471212316,-1.2196565865253737
-0.1150289639855044,-0.3018858511576648,-0.4681147528961112,-0.19903458919413933,1.1966230044529447,-0.8260561574345483,1.2926485102069203,-0.5219763303717839,-1.0425024471212316,-1.2196565865253737
-0.6018897032018039,-0.3018858511576648,-0.41278143726157007,0.049883106146205045,1.1966230044529447,1.2105714496526023,-0.7736055022721724,-0.3719215331396489,0.9592303622513327,0.8199029227143817
-0.8182722539646038,-0.3018858511576648,-0.4032238645610584,-0.4479522845344837,1.1966230044529447,1.2105714496526023,1.2926485102069203,-0.5219763303717839,-1.0425024471212316,-1.2196565865253737
-0.7100809785832038,-0.595092777301473,-0.46400667340203167,0.7966361921672381,-0.8356850873489315,-0.8260561574345483,1.2926485102069203,-0.47910353116260246,0.9592303622513327,0.8199029227143817
-0.3314115147483042,-0.3018858511576648,-0.4131167906896582,-0.19903458919413933,1.1966230044529447,-0.8260561574345483,-0.7736055022721724,-0.43623073195342105,-1.0425024471212316,0.8199029227143817
-0.2232202393669043,-0.595092777301473,-0.42116527296377326,-0.4479522845344837,1.1966230044529447,1.2105714496526023,-0.7736055022721724,-0.3719215331396489,0.9592303622513327,0.8199029227143817
-0.4396027901297041,-0.3018858511576648,-0.41714103182671575,1.294471582847927,1.1966230044529447,-0.8260561574345483,1.2926485102069203,-0.35048513353505817,-1.0425024471212316,0.8199029227143817
-0.06093332629480444,-0.3018858511576648,-0.3922410397911722,-0.19903458919413933,-0.8356850873489315,-0.8260561574345483,-0.7736055022721724,-0.3933579327442396,0.9592303622513327,0.8199029227143817
-0.27731587705760424,-0.595092777301473,-0.4718036406050806,0.2988008014865494,1.1966230044529447,1.2105714496526023,-0.7736055022721724,-0.35048513353505817,0.9592303622513327,-1.2196565865253737
-0.547794065511104,-0.3018858511576648,-0.40205012756275,0.7966361921672381,1.1966230044529447,-0.8260561574345483,1.2926485102069203,-0.47910353116260246,-1.0425024471212316,-1.2196565865253737
-0.4396027901297041,-0.3018858511576648,-0.4293814319519324,0.7966361921672381,-0.8356850873489315,1.2105714496526023,1.2926485102069203,-0.43623073195342105,0.9592303622513327,0.8199029227143817
-0.38550715243900413,-0.595092777301473,-0.44204102386225924,0.2988008014865494,-0.8356850873489315,-0.8260561574345483,-0.7736055022721724,-0.3719215331396489,-1.0425024471212316,-1.2196565865253737
-0.6559853408925039,-0.3018858511576648,-0.4011279056355076,0.7966361921672381,1.1966230044529447,1.2105714496526023,1.2926485102069203,-0.5219763303717839,0.9592303622513327,0.8199029227143817
-0.8182722539646038,-0.3018858511576648,-0.40339154127510246,0.2988008014865494,-0.8356850873489315,1.2105714496526023,-0.7736055022721724,-0.3719215331396489,0.9592303622513327,-1.2196565865253737
-0.1150289639855044,-0.3018858511576648,-0.4254410291718969,-0.4479522845344837,1.1966230044529447,1.2105714496526023,-0.7736055022721724,-0.3933579327442396,0.9592303622513327,-1.2196565865253737
-0.8182722539646038,-0.595092777301473,-0.44732284035464726,1.294471582847927,-0.8356850873489315,1.2105714496526023,1.2926485102069203,-0.5219763303717839,0.9592303622513327,-1.2196565865253737
-0.3314115147483042,-0.3018858511576648,-0.41688951675564967,0.5477184968268938,-0.8356850873489315,1.2105714496526023,-0.7736055022721724,-0.41479433234883034,0.9592303622513327,-1.2196565865253737
-0.6559853408925039,-0.3018858511576648,-0.449251122566154,-0.19903458919413933,1.1966230044529447,-0.8260561574345483,-0.7736055022721724,-0.5219763303717839,0.9592303622513327,-1.2196565865253737
-0.2232202393669043,-0.3018858511576648,-0.4240996154595444,0.2988008014865494,1.1966230044529447,-0.8260561574345483,-0.7736055022721724,-0.5005399307671932,0.9592303622513327,-1.2196565865253737
-0.1150289639855044,-0.3018858511576648,-0.443885467716744,-0.19903458919413933,1.1966230044529447,-0.8260561574345483,1.2926485102069203,-0.43623073195342105,-1.0425024471212316,-1.2196565865253737
-0.4936984278204041,-0.595092777301473,-0.45637738291302676,1.294471582847927,-0.8356850873489315,1.2105714496526023,1.2926485102069203,-0.5005399307671932,-1.0425024471212316,0.8199029227143817
-0.7641766162739038,-0.595092777301473,-0.40741578241216003,-0.4479522845344837,1.1966230044529447,-0.8260561574345483,1.2926485102069203,-0.5219763303717839,0.9592303622513327,0.8199029227143817
-0.7100809785832038,-0.3018858511576648,-0.4295491086659765,0.5477184968268938,1.1966230044529447,1.2105714496526023,-0.7736055022721724,-0.41479433234883034,0.9592303622513327,0.8199029227143817
-0.8182722539646038,-0.3018858511576648,-0.40414608648830075,1.294471582847927,1.1966230044529447,1.2105714496526023,-0.7736055022721724,-0.3719215331396489,0.9592303622513327,-1.2196565865253737
-0.6018897032018039,-0.595092777301473,-0.407248105698116,-0.4479522845344837,1.1966230044529447,-0.8260561574345483,1.2926485102069203,-0.3719215331396489,-1.0425024471212316,-1.2196565865253737
-0.8182722539646038,-0.595092777301473,-0.46056930076412833,0.7966361921672381,1.1966230044529447,1.2105714496526023,1.2926485102069203,-0.3719215331396489,0.9592303622513327,0.8199029227143817
-0.4396027901297041,-0.3018858511576648,-0.3866238698706961,-0.19903458919413933,-0.8356850873489315,-0.8260561574345483,1.2926485102069203,-0.41479433234883034,-1.0425024471212316,0.8199029227143817
-0.8182722539646038,-0.595092777301473,-0.4426278923614135,1.0455538875075825,1.1966230044529447,1.2105714496526023,-0.7736055022721724,-0.47910353116260246,0.9592303622513327,-1.2196565865253737
-0.27731587705760424,-0.3018858511576648,-0.41060163997899723,0.5477184968268938,1.1966230044529447,1.2105714496526023,1.2926485102069203,-0.5219763303717839,0.9592303622513327,0.8199029227143817
-0.8182722539646038,-0.595092777301473,-0.39987033028017716,0.7966361921672381,-0.8356850873489315,-0.8260561574345483,-0.7736055022721724,-0.5005399307671932,0.9592303622513327,0.8199029227143817
-0.7641766162739038,-0.595092777301473,-0.46526424875736216,1.294471582847927,1.1966230044529447,1.2105714496526023,1.2926485102069203,-0.43623073195342105,0.9592303622513327,0.8199029227143817
-0.7641766162739038,-0.595092777301473,-0.4758278817421382,0.5477184968268938,1.1966230044529447,-0.8260561574345483,-0.7736055022721724,-0.43623073195342105,0.9592303622513327,0.8199029227143817
-0.2232202393669043,-0.595092777301473,-0.4743187913157416,0.7966361921672381,1.1966230044529447,1.2105714496526023,-0.7736055022721724,-0.5219763303717839,-1.0425024471212316,-1.2196565865253737
-0.547794065511104,-0.3018858511576648,-0.4269501195982935,-0.4479522845344837,1.1966230044529447,-0.8260561574345483,1.2926485102069203,-0.5219763303717839,0.9592303622513327,0.8199029227143817
-0.4936984278204041,-0.595092777301473,-0.43768142929711357,0.2988008014865494,1.1966230044529447,1.2105714496526023,-0.7736055022721724,-0.35048513353505817,-1.0425024471212316,0.8199029227143817
-0.6018897032018039,-0.595092777301473,-0.39567841242907553,-0.19903458919413933,-0.8356850873489315,-0.8260561574345483,1.2926485102069203,-0.5005399307671932,-1.0425024471212316,0.8199029227143817
-0.8182722539646038,-0.3018858511576648,-0.43860365122435596,0.049883106146205045,-0.8356850873489315,-0.8260561574345483,-0.7736055022721724,-0.3933579327442396,0.9592303622513327,0.8199029227143817
-0.8182722539646038,-0.595092777301473,-0.4254410291718969,0.049883106146205045,-0.8356850873489315,1.2105714496526023,-0.7736055022721724,-0.45766713155801175,0.9592303622513327,-1.2196565865253737
-0.7100809785832038,-0.595092777301473,-0.4672763693258909,-0.4479522845344837,1.1966230044529447,-0.8260561574345483,1.2926485102069203,-0.3933579327442396,0.9592303622513327,0.8199029227143817
-0.1150289639855044,-0.3018858511576648,-0.39307942336139257,1.294471582847927,-0.8356850873489315,1.2105714496526023,-0.7736055022721724,-0.3719215331396489,-1.0425024471212316,0.8199029227143817
-0.7641766162739038,-0.595092777301473,-0.4323157744477035,-0.19903458919413933,1.1966230044529447,1.2105714496526023,1.2926485102069203,-0.43623073195342105,-1.0425024471212316,0.8199029227143817
-0.6018897032018039,-0.3018858511576648,-0.40389457141723467,1.294471582847927,1.1966230044529447,-0.8260561574345483,1.2926485102069203,-0.5219763303717839,-1.0425024471212316,0.8199029227143817
-0.2232202393669043,-0.3018858511576648,-0.4613238459773266,-0.19903458919413933,1.1966230044529447,-0.8260561574345483,1.2926485102069203,-0.45766713155801175,0.9592303622513327,0.8199029227143817
-0.3314115147483042,-0.3018858511576648,-0.391654171292018,-0.4479522845344837,-0.8356850873489315,-0.8260561574345483,-0.7736055022721724,-0.47910353116260246,-1.0425024471212316,-1.2196565865253737
-0.547794065511104,-0.3018858511576648,-0.4397773882226644,-0.19903458919413933,-0.8356850873489315,-0.8260561574345483,-0.7736055022721724,-0.43623073195342105,-1.0425024471212316,0.8199029227143817
-0.4936984278204041,-0.595092777301473,-0.4149612345441429,0.2988008014865494,-0.8356850873489315,-0.8260561574345483,-0.7736055022721724,-0.41479433234883034,-1.0425024471212316,0.8199029227143817
-0.6559853408925039,-0.3018858511576648,-0.40464911663043296,1.294471582847927,1.1966230044529447,1.2105714496526023,1.2926485102069203,-0.5005399307671932,0.9592303622513327,-1.2196565865253737
-0.4936984278204041,-0.595092777301473,-0.39291174664734846,-0.4479522845344837,-0.8356850873489315,-0.8260561574345483,1.2926485102069203,-0.3933579327442396,-1.0425024471212316,0.8199029227143817
-0.27731587705760424,-0.595092777301473,-0.42233900996208174,0.2988008014865494,1.1966230044529447,1.2105714496526023,-0.7736055022721724,-0.47910353116260246,-1.0425024471212316,-1.2196565865253737
-0.4396027901297041,-0.595092777301473,-0.4406996101499068,-0.19903458919413933,-0.8356850873489315,-0.8260561574345483,-0.7736055022721724,-0.5219763303717839,0.9592303622513327,0.8199029227143817
-0.27731587705760424,-0.595092777301473,-0.4261117360280732,-0.4479522845344837,-0.8356850873489315,-0.8260561574345483,1.2926485102069203,-0.47910353116260246,0.9592303622513327,-1.2196565865253737
-0.8182722539646038,-0.595092777301473,-0.43525011694347465,-0.19903458919413933,1.1966230044529447,-0.8260561574345483,-0.7736055022721724,-0.35048513353505817,0.9592303622513327,-1.2196565865253737
-0.06093332629480444,-0.595092777301473,-0.441370317006083,1.294471582847927,1.1966230044529447,1.2105714496526023,1.2926485102069203,-0.41479433234883034,-1.0425024471212316,0.8199029227143817
-0.547794065511104,-0.595092777301473,-0.3974390179265382,-0.4479522845344837,-0.8356850873489315,-0.8260561574345483,-0.7736055022721724,-0.41479433234883034,-1.0425024471212316,-1.2196565865253737
-0.4396027901297041,-0.595092777301473,-0.44807738556784554,-0.19903458919413933,-0.8356850873489315,1.2105714496526023,1.2926485102069203,-0.45766713155801175,-1.0425024471212316,0.8199029227143817
-0.6018897032018039,-0.595092777301473,-0.4209975962497292,1.294471582847927,-0.8356850873489315,1.2105714496526023,-0.7736055022721724,-0.3719215331396489,0.9592303622513327,-1.2196565865253737
-0.6559853408925039,-0.595092777301473,-0.4724743474612569,0.2988008014865494,1.1966230044529447,1.2105714496526023,-0.7736055022721724,-0.43623073195342105,-1.0425024471212316,-1.2196565865253737
-0.7641766162739038,-0.3018858511576648,-0.3955107357150315,1.0455538875075825,1.1966230044529447,-0.8260561574345483,1.2926485102069203,-0.3933579327442396,0.9592303622513327,0.8199029227143817
-0.547794065511104,-0.3018858511576648,-0.46710869261184684,0.2988008014865494,-0.8356850873489315,1.2105714496526023,1.2926485102069203,-0.35048513353505817,0.9592303622513327,-1.2196565865253737
-0.547794065511104,-0.3018858511576648,-0.45897637198070973,-0.19903458919413933,-0.8356850873489315,-0.8260561574345483,1.2926485102069203,-0.43623073195342105,-1.0425024471212316,0.8199029227143817
-0.27731587705760424,-0.595092777301473,-0.4381844594392458,-0.4479522845344837,1.1966230044529447,1.2105714496526023,-0.7736055022721724,-0.43623073195342105,-1.0425024471212316,-1.2196565865253737
-0.06093332629480444,-0.3018858511576648,-0.399618815209111,0.049883106146205045,-0.8356850873489315,-0.8260561574345483,1.2926485102069203,-0.45766713155801175,-1.0425024471212316,-1.2196565865253737
-0.8182722539646038,-0.3018858511576648,-0.45830566512453347,0.2988008014865494,1.1966230044529447,1.2105714496526023,1.2926485102069203,-0.41479433234883034,0.9592303622513327,0.8199029227143817
-0.38550715243900413,-0.3018858511576648,-0.42871072509575614,0.2988008014865494,1.1966230044529447,-0.8260561574345483,-0.7736055022721724,-0.5005399307671932,0.9592303622513327,0.8199029227143817
-0.2232202393669043,-0.595092777301473,-0.4161349715424514,1.294471582847927,1.1966230044529447,-0.8260561574345483,1.2926485102069203,-0.47910353116260246,-1.0425024471212316,-1.2196565865253737
-0.27731587705760424,-0.595092777301473,-0.4112723468351735,0.7966361921672381,1.1966230044529447,-0.8260561574345483,1.2926485102069203,-0.5219763303717839,0.9592303622513327,0.8199029227143817
-0.547794065511104,-0.595092777301473,-0.4378491060111577,0.049883106146205045,1.1966230044529447,1.2105714496526023,1.2926485102069203,-0.5005399307671932,-1.0425024471212316,0.8199029227143817
-0.16912460167620436,-0.595092777301473,-0.41999153596546485,-0.19903458919413933,1.1966230044529447,1.2105714496526023,-0.7736055022721724,-0.5005399307671932,-1.0425024471212316,-1.2196565865253737
-0.7100809785832038,-0.3018858511576648,-0.42317739353230205,1.0455538875075825,-0.8356850873489315,-0.8260561574345483,-0.7736055022721724,-0.3719215331396489,-1.0425024471212316,-1.2196565865253737
-0.6559853408925039,-0.3018858511576648,-0.4434662759316338,-0.4479522845344837,1.1966230044529447,1.2105714496526023,-0.7736055022721724,-0.3719215331396489,0.9592303622513327,0.8199029227143817
-0.2232202393669043,-0.3018858511576648,-0.45109556642063875,0.7966361921672381,1.1966230044529447,1.2105714496526023,1.2926485102069203,-0.5005399307671932,0.9592303622513327,-1.2196565865253737
-0.27731587705760424,-0.3018858511576648,-0.45428142398747595,-0.19903458919413933,-0.8356850873489315,1.2105714496526023,-0.7736055022721724,-0.41479433234883034,-1.0425024471212316,0.8199029227143817
-0.6559853408925039,-0.595092777301473,-0.45344304041725564,0.5477184968268938,1.1966230044529447,1.2105714496526023,1.2926485102069203,-0.43623073195342105,-1.0425024471212316,0.8199029227143817
-0.7100809785832038,-0.595092777301473,-0.4407834485069288,1.0455538875075825,-0.8356850873489315,1.2105714496526023,1.2926485102069203,-0.47910353116260246,0.9592303622513327,0.8199029227143817
-0.3314115147483042,-0.595092777301473,-0.45620970619898266,0.2988008014865494,1.1966230044529447,1.2105714496526023,1.2926485102069203,-0.43623073195342105,-1.0425024471212316,0.8199029227143817
-0.7100809785832038,-0.3018858511576648,-0.3932471000754366,0.5477184968268938,-0.8356850873489315,1.2105714496526023,-0.7736055022721724,-0.43623073195342105,0.9592303622513327,0.8199029227143817
-0.06093332629480444,-0.595092777301473,-0.4277885031685138,0.2988008014865494,-0.8356850873489315,-0.8260561574345483,-0.7736055022721724,-0.43623073195342105,-1.0425024471212316,0.8199029227143817
-0.7100809785832038,-0.595092777301473,-0.4718036406050806,0.2988008014865494,1.1966230044529447,-0.8260561574345483,1.2926485102069203,-0.47910353116260246,0.9592303622513327,-1.2196565865253737
-0.6559853408925039,-0.3018858511576648,-0.4572157664832471,0.5477184968268938,1.1966230044529447,1.2105714496526023,1.2926485102069203,-0.47910353116260246,-1.0425024471212316,0.8199029227143817
-0.4936984278204041,-0.3018858511576648,-0.3986965932818687,1.0455538875075825,1.1966230044529447,-0.8260561574345483,-0.7736055022721724,-0.45766713155801175,0.9592303622513327,-1.2196565865253737
-0.6559853408925039,-0.595092777301473,-0.45268849520405735,1.294471582847927,1.1966230044529447,-0.8260561574345483,-0.7736055022721724,-0.3933579327442396,-1.0425024471212316,0.8199029227143817
-0.38550715243900413,-0.595092777301473,-0.4406996101499068,0.5477184968268938,-0.8356850873489315,-0.8260561574345483,-0.7736055022721724,-0.5005399307671932,0.9592303622513327,-1.2196565865253737
-0.8182722539646038,-0.595092777301473,-0.4246864839586986,-0.19903458919413933,-0.8356850873489315,1.2105714496526023,1.2926485102069203,-0.45766713155801175,0.9592303622513327,-1.2196565865253737
-0.4396027901297041,-0.595092777301473,-0.4444723362158982,0.7966361921672381,-0.8356850873489315,1.2105714496526023,-0.7736055022721724,-0.45766713155801175,0.9592303622513327,-1.2196565865253737
-0.4936984278204041,-0.595092777301473,-0.4697915200365519,0.7966361921672381,1.1966230044529447,1.2105714496526023,-0.7736055022721724,-0.5219763303717839,0.9592303622513327,0.8199029227143817
-0.7641766162739038,-0.595092777301473,-0.3875460917979384,0.5477184968268938,-0.8356850873489315,1.2105714496526023,-0.7736055022721724,-0.3719215331396489,-1.0425024471212316,-1.2196565865253737
-0.4396027901297041,-0.3018858511576648,-0.45956324047986397,-0.19903458919413933,1.1966230044529447,1.2105714496526023,1.2926485102069203,-0.5219763303717839,0.9592303622513327,-1.2196565865253737
-0.8182722539646038,-0.3018858511576648,-0.40490063170149904,1.294471582847927,1.1966230044529447,-0.8260561574345483,-0.7736055022721724,-0.3719215331396489,0.9592303622513327,0.8199029227143817
-0.27731587705760424,-0.3018858511576648,-0.3866238698706961,0.7966361921672381,-0.8356850873489315,1.2105714496526023,1.2926485102069203,-0.3933579327442396,-1.0425024471212316,-1.2196565865253737
-0.2232202393669043,-0.595092777301473,-0.38477942601621135,-0.19903458919413933,1.1966230044529447,-0.8260561574345483,1.2926485102069203,-0.35048513353505817,0.9592303622513327,-1.2196565865253737
-0.38550715243900413,-0.3018858511576648,-0.47398343788765346,1.294471582847927,-0.8356850873489315,1.2105714496526023,1.2926485102069203,-0.3719215331396489,-1.0425024471212316,0.8199029227143817
-0.38550715243900413,-0.595092777301473,-0.44572991157122865,-0.19903458919413933,1.1966230044529447,-0.8260561574345483,-0.7736055022721724,-0.43623073195342105,0.9592303622513327,-1.2196565865253737
-0.7641766162739038,-0.595092777301473,-0.383773365731947,0.2988008014865494,-0.8356850873489315,1.2105714496526023,-0.7736055022721724,-0.3719215331396489,0.9592303622513327,-1.2196565865253737
-0.4936984278204041,-0.3018858511576648,-0.4289622401668223,0.7966361921672381,1.1966230044529447,1.2105714496526023,-0.7736055022721724,-0.47910353116260246,0.9592303622513327,0.8199029227143817
-0.06093332629480444,-0.595092777301473,-0.41957234418035466,1.294471582847927,-0.8356850873489315,1.2105714496526023,1.2926485102069203,-0.3933579327442396,0.9592303622513327,-1.2196565865253737
-0.1150289639855044,-0.595092777301473,-0.4189854756812004,0.7966361921672381,-0.8356850873489315,1.2105714496526023,-0.7736055022721724,-0.45766713155801175,0.9592303622513327,-1.2196565865253737
-0.3314115147483042,-0.3018858511576648,-0.4390228430094661,0.2988008014865494,1.1966230044529447,1.2105714496526023,1.2926485102069203,-0.43623073195342105,0.9592303622513327,-1.2196565865253737
-0.7100809785832038,-0.3018858511576648,-0.3976905329976043,0.5477184968268938,1.1966230044529447,1.2105714496526023,-0.7736055022721724,-0.35048513353505817,-1.0425024471212316,-1.2196565865253737
-0.4936984278204041,-0.3018858511576648,-0.475324851600006,0.2988008014865494,-0.8356850873489315,-0.8260561574345483,-0.7736055022721724,-0.3933579327442396,-1.0425024471212316,0.8199029227143817
-0.2232202393669043,-0.595092777301473,-0.4406157717928847,0.7966361921672381,1.1966230044529447,1.2105714496526023,-0.7736055022721724,-0.45766713155801175,0.9592303622513327,0.8199029227143817
-0.3314115147483042,-0.3018858511576648,-0.4060743686998075,0.7966361921672381,1.1966230044529447,-0.8260561574345483,-0.7736055022721724,-0.41479433234883034,0.9592303622513327,0.8199029227143817
-0.38550715243900413,-0.3018858511576648,-0.4290460785238443,1.0455538875075825,1.1966230044529447,1.2105714496526023,1.2926485102069203,-0.3933579327442396,-1.0425024471212316,0.8199029227143817
-0.6559853408925039,-0.595092777301473,-0.3992834617810229,1.294471582847927,-0.8356850873489315,-0.8260561574345483,1.2926485102069203,-0.35048513353505817,-1.0425024471212316,-1.2196565865253737
-0.2232202393669043,-0.3018858511576648,-0.3914864945779739,0.5477184968268938,-0.8356850873489315,-0.8260561574345483,1.2926485102069203,-0.45766713155801175,0.9592303622513327,0.8199029227143817
-0.8182722539646038,-0.3018858511576648,-0.4653480871143842,0.2988008014865494,1.1966230044529447,-0.8260561574345483,1.2926485102069203,-0.47910353116260246,0.9592303622513327,0.8199029227143817
-0.7641766162739038,-0.3018858511576648,-0.44279556907545753,1.294471582847927,1.1966230044529447,-0.8260561574345483,-0.7736055022721724,-0.3719215331396489,0.9592303622513327,-1.2196565865253737
-0.8182722539646038,-0.595092777301473,-0.40741578241216003,-0.4479522845344837,-0.8356850873489315,-0.8260561574345483,1.2926485102069203,-0.5219763303717839,0.9592303622513327,-1.2196565865253737
-0.1150289639855044,-0.595092777301473,-0.40205012756275,1.294471582847927,1.1966230044529447,-0.8260561574345483,1.2926485102069203,-0.35048513353505817,0.9592303622513327,-1.2196565865253737
-0.2232202393669043,-0.595092777301473,-0.42762082645446975,-0.4479522845344837,-0.8356850873489315,1.2105714496526023,1.2926485102069203,-0.5219763303717839,0.9592303622513327,0.8199029227143817
-0.6018897032018039,-0.595092777301473,-0.4486642540669998,0.5477184968268938,1.1966230044529447,-0.8260561574345483,-0.7736055022721724,-0.5005399307671932,-1.0425024471212316,-1.2196565865253737
-0.6018897032018039,-0.3018858511576648,-0.3979420480686704,0.2988008014865494,1.1966230044529447,1.2105714496526023,1.2926485102069203,-0.3719215331396489,0.9592303622513327,-1.2196565865253737
-0.27731587705760424,-0.595092777301473,-0.4060743686998075,0.2988008014865494,1.1966230044529447,1.2105714496526023,1.2926485102069203,-0.35048513353505817,0.9592303622513327,-1.2196565865253737
-0.4936984278204041,-0.595092777301473,-0.3874622534409164,-0.19903458919413933,-0.8356850873489315,-0.8260561574345483,-0.7736055022721724,-0.3933579327442396,-1.0425024471212316,0.8199029227143817
-0.38550715243900413,-0.3018858511576648,-0.4057390152717194,0.7966361921672381,-0.8356850873489315,-0.8260561574345483,-0.7736055022721724,-0.47910353116260246,-1.0425024471212316,0.8199029227143817
-0.38550715243900413,-0.3018858511576648,-0.39827740149675855,0.049883106146205045,-0.8356850873489315,1.2105714496526023,1.2926485102069203,-0.3933579327442396,-1.0425024471212316,0.8199029227143817
-0.7100809785832038,-0.3018858511576648,-0.4387713279384,1.0455538875075825,-0.8356850873489315,-0.8260561574345483,1.2926485102069203,-0.41479433234883034,-1.0425024471212316,0.8199029227143817
-0.7100809785832038,-0.595092777301473,-0.4696238433225078,1.294471582847927,1.1966230044529447,-0.8260561574345483,-0.7736055022721724,-0.5005399307671932,0.9592303622513327,0.8199029227143817
-0.7100809785832038,-0.595092777301473,-0.42921375523788835,0.5477184968268938,1.1966230044529447,-0.8260561574345483,1.2926485102069203,-0.47910353116260246,-1.0425024471212316,0.8199029227143817
-0.6559853408925039,-0.595092777301473,-0.4454783965001626,0.049883106146205045,-0.8356850873489315,-0.8260561574345483,-0.7736055022721724,-0.43623073195342105,-1.0425024471212316,0.8199029227143817
-0.4396027901297041,-0.3018858511576648,-0.43835213615328983,1.294471582847927,1.1966230044529447,-0.8260561574345483,1.2926485102069203,-0.45766713155801175,0.9592303622513327,-1.2196565865253737
-0.547794065511104,-0.3018858511576648,-0.4539460705593878,0.049883106146205045,1.1966230044529447,-0.8260561574345483,1.2926485102069203,-0.5005399307671932,-1.0425024471212316,-1.2196565865253737
-0.4396027901297041,-0.595092777301473,-0.4654319254714062,0.5477184968268938,-0.8356850873489315,-0.8260561574345483,1.2926485102069203,-0.45766713155801175,-1.0425024471212316,-1.2196565865253737
-0.8182722539646038,-0.3018858511576648,-0.399534976852089,0.2988008014865494,1.1966230044529447,1.2105714496526023,1.2926485102069203,-0.3719215331396489,0.9592303622513327,0.8199029227143817
-0.4396027901297041,-0.3018858511576648,-0.45537132262876234,0.5477184968268938,1.1966230044529447,-0.8260561574345483,1.2926485102069203,-0.43623073195342105,0.9592303622513327,0.8199029227143817
-0.6559853408925039,-0.3018858511576648,-0.43047133059321885,1.294471582847927,-0.8356850873489315,1.2105714496526023,-0.7736055022721724,-0.43623073195342105,0.9592303622513327,-1.2196565865253737
-0.27731587705760424,-0.595092777301473,-0.43525011694347465,0.049883106146205045,1.1966230044529447,1.2105714496526023,-0.7736055022721724,-0.47910353116260246,0.9592303622513327,-1.2196565865253737
-0.8182722539646038,-0.3018858511576648,-0.4656834405424723,0.7966361921672381,1.1966230044529447,1.2105714496526023,1.2926485102069203,-0.3719215331396489,0.9592303622513327,0.8199029227143817
-0.4396027901297041,-0.3018858511576648,-0.4654319254714062,1.0455538875075825,1.1966230044529447,1.2105714496526023,1.2926485102069203,-0.41479433234883034,0.9592303622513327,0.8199029227143817
-0.6559853408925039,-0.595092777301473,-0.4616591994054148,1.0455538875075825,-0.8356850873489315,-0.8260561574345483,1.2926485102069203,-0.5005399307671932,0.9592303622513327,0.8199029227143817
-0.547794065511104,-0.595092777301473,-0.46551576382842824,0.7966361921672381,-0.8356850873489315,1.2105714496526023,-0.7736055022721724,-0.5005399307671932,-1.0425024471212316,0.8199029227143817
-0.4396027901297041,-0.3018858511576648,-0.3871269000128283,0.7966361921672381,1.1966230044529447,1.2105714496526023,-0.7736055022721724,-0.35048513353505817,-1.0425024471212316,0.8199029227143817
-0.6559853408925039,-0.3018858511576648,-0.4217521414629275,0.2988008014865494,1.1966230044529447,1.2105714496526023,-0.7736055022721724,-0.3933579327442396,0.9592303622513327,0.8199029227143817
-0.1150289639855044,-0.595092777301473,-0.410014771479843,1.294471582847927,1.1966230044529447,1.2105714496526023,-0.7736055022721724,-0.35048513353505817,-1.0425024471212316,0.8199029227143817
-0.7100809785832038,-0.595092777301473,-0.45906021033773176,-0.4479522845344837,-0.8356850873489315,1.2105714496526023,-0.7736055022721724,-0.41479433234883034,0.9592303622513327,0.8199029227143817
-0.1150289639855044,-0.3018858511576648,-0.44497536635803037,0.5477184968268938,-0.8356850873489315,-0.8260561574345483,-0.7736055022721724,-0.43623073195342105,-1.0425024471212316,-1.2196565865253737
-0.38550715243900413,-0.3018858511576648,-0.40909254955260066,1.0455538875075825,-0.8356850873489315,-0.8260561574345483,-0.7736055022721724,-0.5219763303717839,0.9592303622513327,0.8199029227143817
-0.7100809785832038,-0.3018858511576648,-0.46945616660846373,0.7966361921672381,1.1966230044529447,1.2105714496526023,-0.7736055022721724,-0.41479433234883034,-1.0425024471212316,0.8199029227143817
-0.38550715243900413,-0.3018858511576648,-0.4709652570348603,0.5477184968268938,1.1966230044529447,-0.8260561574345483,1.2926485102069203,-0.41479433234883034,0.9592303622513327,0.8199029227143817
-0.16912460167620436,-0.595092777301473,-0.4397773882226644,1.0455538875075825,1.1966230044529447,-0.8260561574345483,-0.7736055022721724,-0.47910353116260246,-1.0425024471212316,-1.2196565865253737
-0.7641766162739038,-0.3018858511576648,-0.42242284831910376,0.7966361921672381,1.1966230044529447,1.2105714496526023,-0.7736055022721724,-0.47910353116260246,0.9592303622513327,-1.2196565865253737
-0.1150289639855044,-0.3018858511576648,-0.46677333918375874,1.294471582847927,1.1966230044529447,1.2105714496526023,-0.7736055022721724,-0.47910353116260246,-1.0425024471212316,0.8199029227143817
-0.7641766162739038,-0.595092777301473,-0.3914026562209519,1.0455538875075825,-0.8356850873489315,1.2105714496526023,-0.7736055022721724,-0.47910353116260246,-1.0425024471212316,-1.2196565865253737
-0.7641766162739038,-0.3018858511576648,-0.470210711821662,0.2988008014865494,1.1966230044529447,-0.8260561574345483,1.2926485102069203,-0.3933579327442396,0.9592303622513327,-1.2196565865253737
-0.547794065511104,-0.595092777301473,-0.3842763958740792,-0.4479522845344837,1.1966230044529447,1.2105714496526023,-0.7736055022721724,-0.5005399307671932,-1.0425024471212316,-1.2196565865253737
-0.7100809785832038,-0.3018858511576648,-0.4503410212074404,-0.4479522845344837,1.1966230044529447,-0.8260561574345483,1.2926485102069203,-0.5005399307671932,-1.0425024471212316,0.8199029227143817
-0.16912460167620436,-0.3018858511576648,-0.4194046674663106,0.7966361921672381,-0.8356850873489315,-0.8260561574345483,1.2926485102069203,-0.47910353116260246,-1.0425024471212316,0.8199029227143817
-0.38550715243900413,-0.595092777301473,-0.4453107197861185,1.0455538875075825,1.1966230044529447,-0.8260561574345483,1.2926485102069203,-0.3933579327442396,-1.0425024471212316,0.8199029227143817
-0.6559853408925039,-0.595092777301473,-0.4070804289840719,0.2988008014865494,-0.8356850873489315,1.2105714496526023,-0.7736055022721724,-0.47910353116260246,-1.0425024471212316,0.8199029227143817
-0.8182722539646038,-0.3018858511576648,-0.4471551636406032,-0.19903458919413933,-0.8356850873489315,-0.8260561574345483,-0.7736055022721724,-0.3933579327442396,0.9592303622513327,0.8199029227143817
-0.6559853408925039,-0.3018858511576648,-0.39651679599929585,0.5477184968268938,-0.8356850873489315,1.2105714496526023,-0.7736055022721724,-0.35048513353505817,0.9592303622513327,0.8199029227143817
-0.8182722539646038,-0.3018858511576648,-0.4005410371363534,0.5477184968268938,-0.8356850873489315,1.2105714496526023,1.2926485102069203,-0.45766713155801175,-1.0425024471212316,0.8199029227143817
-0.1150289639855044,-0.595092777301473,-0.4120268920483718,0.049883106146205045,-0.8356850873489315,1.2105714496526023,1.2926485102069203,-0.3933579327442396,0.9592303622513327,-1.2196565865253737
-0.6018897032018039,-0.3018858511576648,-0.44732284035464726,0.2988008014865494,1.1966230044529447,1.2105714496526023,1.2926485102069203,-0.35048513353505817,-1.0425024471212316,0.8199029227143817
-0.6559853408925039,-0.595092777301473,-0.39693598778440603,1.0455538875075825,1.1966230044529447,1.2105714496526023,1.2926485102069203,-0.3719215331396489,0.9592303622513327,0.8199029227143817
-0.4396027901297041,-0.595092777301473,-0.44380162935972195,1.294471582847927,-0.8356850873489315,-0.8260561574345483,-0.7736055022721724,-0.3719215331396489,-1.0425024471212316,0.8199029227143817
-0.4396027901297041,-0.3018858511576648,-0.39173800964904004,1.294471582847927,-0.8356850873489315,-0.8260561574345483,-0.7736055022721724,-0.35048513353505817,-1.0425024471212316,0.8199029227143817
-0.4936984278204041,-0.595092777301473,-0.4507602129925506,0.049883106146205045,-0.8356850873489315,-0.8260561574345483,-0.7736055022721724,-0.43623073195342105,-1.0425024471212316,0.8199029227143817
-0.7100809785832038,-0.3018858511576648,-0.46425818847309774,0.7966361921672381,1.1966230044529447,-0.8260561574345483,1.2926485102069203,-0.43623073195342105,-1.0425024471212316,0.8199029227143817
-0.8182722539646038,-0.3018858511576648,-0.4458137499282507,1.0455538875075825,1.1966230044529447,-0.8260561574345483,1.2926485102069203,-0.47910353116260246,0.9592303622513327,0.8199029227143817
-0.8182722539646038,-0.3018858511576648,-0.40582285362874143,0.049883106146205045,-0.8356850873489315,1.2105714496526023,-0.7736055022721724,-0.43623073195342105,0.9592303622513327,0.8199029227143817
-0.2232202393669043,-0.3018858511576648,-0.4354177936575187,-0.4479522845344837,1.1966230044529447,1.2105714496526023,-0.7736055022721724,-0.3719215331396489,0.9592303622513327,-1.2196565865253737
-0.27731587705760424,-0.3018858511576648,-0.39970265356613305,0.5477184968268938,1.1966230044529447,-0.8260561574345483,1.2926485102069203,-0.43623073195342105,-1.0425024471212316,-1.2196565865253737
-0.7100809785832038,-0.595092777301473,-0.40330770291808044,1.0455538875075825,-0.8356850873489315,-0.8260561574345483,-0.7736055022721724,-0.45766713155801175,0.9592303622513327,0.8199029227143817
-0.547794065511104,-0.595092777301473,-0.46425818847309774,0.049883106146205045,-0.8356850873489315,-0.8260561574345483,-0.7736055022721724,-0.3719215331396489,0.9592303622513327,0.8199029227143817
-0.4936984278204041,-0.3018858511576648,-0.3924087165052163,-0.4479522845344837,1.1966230044529447,1.2105714496526023,1.2926485102069203,-0.3933579327442396,-1.0425024471212316,-1.2196565865253737
-0.547794065511104,-0.3018858511576648,-0.4394420347945763,0.2988008014865494,1.1966230044529447,1.2105714496526023,1.2926485102069203,-0.41479433234883034,-1.0425024471212316,0.8199029227143817
-0.1150289639855044,-0.595092777301473,-0.4332379963749459,0.049883106146205045,1.1966230044529447,1.2105714496526023,1.2926485102069203,-0.43623073195342105,-1.0425024471212316,0.8199029227143817
-0.1150289639855044,-0.595092777301473,-0.45302384863214545,0.7966361921672381,-0.8356850873489315,-0.8260561574345483,-0.7736055022721724,-0.43623073195342105,0.9592303622513327,-1.2196565865253737
-0.547794065511104,-0.595092777301473,-0.46719253096886887,0.7966361921672381,-0.8356850873489315,-0.8260561574345483,1.2926485102069203,-0.5005399307671932,0.9592303622513327,0.8199029227143817
-0.547794065511104,-0.595092777301473,-0.4120268920483718,0.7966361921672381,-0.8356850873489315,-0.8260561574345483,-0.7736055022721724,-0.45766713155801175,-1.0425024471212316,0.8199029227143817
-0.16912460167620436,-0.3018858511576648,-0.409930933122821,1.0455538875075825,1.1966230044529447,-0.8260561574345483,-0.7736055022721724,-0.3719215331396489,0.9592303622513327,0.8199029227143817
-0.7100809785832038,-0.3018858511576648,-0.4620783911905249,1.294471582847927,1.1966230044529447,1.2105714496526023,1.2926485102069203,-0.3719215331396489,-1.0425024471212316,-1.2196565865253737
-0.547794065511104,-0.595092777301473,-0.39215720143415017,1.294471582847927,-0.8356850873489315,-0.8260561574345483,-0.7736055022721724,-0.5219763303717839,0.9592303622513327,-1.2196565865253737
-0.4396027901297041,-0.3018858511576648,-0.4323157744477035,0.5477184968268938,1.1966230044529447,-0.8260561574345483,1.2926485102069203,-0.5005399307671932,-1.0425024471212316,0.8199029227143817
-0.27731587705760424,-0.595092777301473,-0.43256728951876966,0.049883106146205045,-0.8356850873489315,-0.8260561574345483,1.2926485102069203,-0.43623073195342105,0.9592303622513327,-1.2196565865253737
-0.27731587705760424,-0.3018858511576648,-0.42082991953568516,0.2988008014865494,1.1966230044529447,1.2105714496526023,-0.7736055022721724,-0.35048513353505817,0.9592303622513327,-1.2196565865253737
-0.7641766162739038,-0.595092777301473,-0.4245188072446546,0.049883106146205045,-0.8356850873489315,1.2105714496526023,-0.7736055022721724,-0.3933579327442396,0.9592303622513327,-1.2196565865253737
-0.6018897032018039,-0.3018858511576648,-0.46216222954754693,0.5477184968268938,1.1966230044529447,-0.8260561574345483,1.2926485102069203,-0.43623073195342105,-1.0425024471212316,0.8199029227143817
-0.1150289639855044,-0.595092777301473,-0.4705460652497502,-0.4479522845344837,1.1966230044529447,1.2105714496526023,1.2926485102069203,-0.5219763303717839,-1.0425024471212316,-1.2196565865253737
-0.8182722539646038,-0.595092777301473,-0.45352687877427766,0.5477184968268938,-0.8356850873489315,1.2105714496526023,1.2926485102069203,-0.41479433234883034,-1.0425024471212316,-1.2196565865253737
-0.2232202393669043,-0.3018858511576648,-0.4552874842717403,0.7966361921672381,-0.8356850873489315,1.2105714496526023,1.2926485102069203,-0.3719215331396489,0.9592303622513327,-1.2196565865253737
-0.06093332629480444,-0.595092777301473,-0.44279556907545753,1.0455538875075825,-0.8356850873489315,1.2105714496526023,1.2926485102069203,-0.3933579327442396,-1.0425024471212316,0.8199029227143817
-0.8182722539646038,-0.3018858511576648,-0.43600466215667294,-0.4479522845344837,-0.8356850873489315,1.2105714496526023,1.2926485102069203,-0.5005399307671932,0.9592303622513327,-1.2196565865253737
-0.6018897032018039,-0.3018858511576648,-0.3940016452886349,1.0455538875075825,-0.8356850873489315,-0.8260561574345483,-0.7736055022721724,-0.43623073195342105,-1.0425024471212316,-1.2196565865253737
-0.2232202393669043,-0.595092777301473,-0.38838447536815873,0.7966361921672381,1.1966230044529447,-0.8260561574345483,-0.7736055022721724,-0.45766713155801175,-1.0425024471212316,0.8199029227143817
-0.16912460167620436,-0.3018858511576648,-0.4291299168808663,-0.19903458919413933,-0.8356850873489315,-0.8260561574345483,-0.7736055022721724,-0.35048513353505817,0.9592303622513327,-1.2196565865253737
-0.7100809785832038,-0.3018858511576648,-0.39056427265073157,0.5477184968268938,-0.8356850873489315,1.2105714496526023,-0.7736055022721724,-0.5219763303717839,0.9592303622513327,-1.2196565865253737
-0.6559853408925039,-0.3018858511576648,-0.4018824508487059,0.5477184968268938,-0.8356850873489315,1.2105714496526023,1.2926485102069203,-0.41479433234883034,-1.0425024471212316,-1.2196565865253737
-0.7100809785832038,-0.3018858511576648,-0.4635874816169215,0.2988008014865494,-0.8356850873489315,1.2105714496526023,-0.7736055022721724,-0.47910353116260246,-1.0425024471212316,0.8199029227143817
-0.8182722539646038,-0.3018858511576648,-0.42007537432248687,0.049883106146205045,-0.8356850873489315,1.2105714496526023,-0.7736055022721724,-0.35048513353505817,0.9592303622513327,0.8199029227143817
-0.8182722539646038,-0.595092777301473,-0.42393193874550034,-0.4479522845344837,1.1966230044529447,-0.8260561574345483,1.2926485102069203,-0.43623073195342105,0.9592303622513327,-1.2196565865253737
-0.2232202393669043,-0.3018858511576648,-0.40716426734109396,1.294471582847927,-0.8356850873489315,-0.8260561574345483,-0.7736055022721724,-0.41479433234883034,-1.0425024471212316,-1.2196565865253737
-0.2232202393669043,-0.3018858511576648,-0.40347537963212454,1.0455538875075825,-0.8356850873489315,-0.8260561574345483,1.2926485102069203,-0.35048513353505817,0.9592303622513327,-1.2196565865253737
-0.1150289639855044,-0.3018858511576648,-0.42711779631233754,-0.4479522845344837,-0.8356850873489315,-0.8260561574345483,1.2926485102069203,-0.35048513353505817,-1.0425024471212316,-1.2196565865253737
-0.16912460167620436,-0.3018858511576648,-0.39014508086562144,0.2988008014865494,1.1966230044529447,-0.8260561574345483,1.2926485102069203,-0.3719215331396489,-1.0425024471212316,-1.2196565865253737
-0.1150289639855044,-0.3018858511576648,-0.41764406196884796,0.2988008014865494,1.1966230044529447,-0.8260561574345483,1.2926485102069203,-0.35048513353505817,-1.0425024471212316,-1.2196565865253737
-0.6018897032018039,-0.595092777301473,-0.44178950879119316,1.0455538875075825,-0.8356850873489315,1.2105714496526023,1.2926485102069203,-0.45766713155801175,0.9592303622513327,0.8199029227143817
-0.547794065511104,-0.3018858511576648,-0.4424602156473694,1.294471582847927,-0.8356850873489315,1.2105714496526023,-0.7736055022721724,-0.41479433234883034,-1.0425024471212316,-1.2196565865253737
-0.7100809785832038,-0.595092777301473,-0.4159672948284073,0.049883106146205045,1.1966230044529447,-0.8260561574345483,-0.7736055022721724,-0.43623073195342105,-1.0425024471212316,-1.2196565865253737
-0.2232202393669043,-0.595092777301473,-0.41688951675564967,1.0455538875075825,1.1966230044529447,1.2105714496526023,-0.7736055022721724,-0.43623073195342105,0.9592303622513327,-1.2196565865253737
-0.38550715243900413,-0.595092777301473,-0.4121107304053938,1.0455538875075825,1.1966230044529447,-0.8260561574345483,1.2926485102069203,-0.45766713155801175,0.9592303622513327,0.8199029227143817
-0.6018897032018039,-0.595092777301473,-0.43407637994516624,0.7966361921672381,-0.8356850873489315,-0.8260561574345483,-0.7736055022721724,-0.5005399307671932,0.9592303622513327,-1.2196565865253737
-0.4396027901297041,-0.3018858511576648,-0.394253160359701,1.294471582847927,-0.8356850873489315,1.2105714496526023,-0.7736055022721724,-0.41479433234883034,-1.0425024471212316,0.8199029227143817
-0.16912460167620436,-0.595092777301473,-0.4690369748233536,0.049883106146205045,1.1966230044529447,-0.8260561574345483,-0.7736055022721724,-0.35048513353505817,0.9592303622513327,-1.2196565865253737
-0.8182722539646038,-0.595092777301473,-0.42527335245785286,0.5477184968268938,-0.8356850873489315,-0.8260561574345483,-0.7736055022721724,-0.5219763303717839,0.9592303622513327,-1.2196565865253737
-0.1150289639855044,-0.3018858511576648,-0.41118850847815147,0.7966361921672381,1.1966230044529447,-0.8260561574345483,1.2926485102069203,-0.3933579327442396,-1.0425024471212316,-1.2196565865253737
-0.6018897032018039,-0.3018858511576648,-0.40020568370826526,-0.19903458919413933,1.1966230044529447,1.2105714496526023,-0.7736055022721724,-0.41479433234883034,-1.0425024471212316,-1.2196565865253737
-0.06093332629480444,-0.3018858511576648,-0.4453107197861185,1.294471582847927,1.1966230044529447,1.2105714496526023,1.2926485102069203,-0.47910353116260246,-1.0425024471212316,-1.2196565865253737
-0.7100809785832038,-0.595092777301473,-0.46224606790456896,0.049883106146205045,-0.8356850873489315,1.2105714496526023,1.2926485102069203,-0.5219763303717839,-1.0425024471212316,-1.2196565865253737
-0.2232202393669043,-0.3018858511576648,-0.38603700137154184,0.2988008014865494,1.1966230044529447,1.2105714496526023,-0.7736055022721724,-0.45766713155801175,0.9592303622513327,0.8199029227143817
-0.8182722539646038,-0.3018858511576648,-0.4330703196609018,0.7966361921672381,1.1966230044529447,-0.8260561574345483,1.2926485102069203,-0.35048513353505817,-1.0425024471212316,-1.2196565865253737
-0.6559853408925039,-0.595092777301473,-0.4661864706846045,0.049883106146205045,-0.8356850873489315,1.2105714496526023,1.2926485102069203,-0.5005399307671932,0.9592303622513327,-1.2196565865253737
-0.06093332629480444,-0.3018858511576648,-0.39701982614142806,-0.4479522845344837,1.1966230044529447,1.2105714496526023,1.2926485102069203,-0.47910353116260246,-1.0425024471212316,-1.2196565865253737
-0.16912460167620436,-0.3018858511576648,-0.4476581937827354,1.0455538875075825,-0.8356850873489315,1.2105714496526023,1.2926485102069203,-0.5005399307671932,-1.0425024471212316,0.8199029227143817
-0.6018897032018039,-0.3018858511576648,-0.40205012756275,-0.19903458919413933,1.1966230044529447,-0.8260561574345483,1.2926485102069203,-0.5005399307671932,0.9592303622513327,-1.2196565865253737
-0.4936984278204041,-0.3018858511576648,-0.4141228509739226,0.5477184968268938,-0.8356850873489315,1.2105714496526023,1.2926485102069203,-0.3719215331396489,0.9592303622513327,0.8199029227143817
-0.8182722539646038,-0.595092777301473,-0.4054875002006533,1.0455538875075825,1.1966230044529447,1.2105714496526023,1.2926485102069203,-0.47910353116260246,0.9592303622513327,-1.2196565865253737
-0.7100809785832038,-0.3018858511576648,-0.4635874816169215,-0.4479522845344837,1.1966230044529447,-0.8260561574345483,-0.7736055022721724,-0.3933579327442396,-1.0425024471212316,-1.2196565865253737
-0.7641766162739038,-0.3018858511576648,-0.4387713279384,-0.4479522845344837,1.1966230044529447,-0.8260561574345483,-0.7736055022721724,-0.3719215331396489,-1.0425024471212316,0.8199029227143817
-0.38550715243900413,-0.595092777301473,-0.4057390152717194,-0.19903458919413933,1.1966230044529447,-0.8260561574345483,1.2926485102069203,-0.47910353116260246,0.9592303622513327,0.8199029227143817
-0.3314115147483042,-0.3018858511576648,-0.38897134386731297,0.5477184968268938,1.1966230044529447,-0.8260561574345483,1.2926485102069203,-0.5005399307671932,0.9592303622513327,-1.2196565865253737
-0.06093332629480444,-0.595092777301473,-0.396852149427384,0.2988008014865494,-0.8356850873489315,1.2105714496526023,-0.7736055022721724,-0.3719215331396489,-1.0425024471212316,0.8199029227143817
-0.547794065511104,-0.3018858511576648,-0.45185011163383704,0.7966361921672381,-0.8356850873489315,-0.8260561574345483,-0.7736055022721724,-0.47910353116260246,0.9592303622513327,0.8199029227143817
-0.3314115147483042,-0.595092777301473,-0.41554810304329715,1.294471582847927,1.1966230044529447,1.2105714496526023,-0.7736055022721724,-0.3933579327442396,0.9592303622513327,-1.2196565865253737
-0.7100809785832038,-0.595092777301473,-0.43566930872858484,0.5477184968268938,1.1966230044529447,1.2105714496526023,-0.7736055022721724,-0.5219763303717839,-1.0425024471212316,-1.2196565865253737
-0.4396027901297041,-0.595092777301473,-0.4740672762446755,1.294471582847927,1.1966230044529447,1.2105714496526023,1.2926485102069203,-0.41479433234883034,0.9592303622513327,-1.2196565865253737
-0.1150289639855044,-0.595092777301473,-0.4186501222531123,0.049883106146205045,-0.8356850873489315,1.2105714496526023,1.2926485102069203,-0.35048513353505817,-1.0425024471212316,0.8199029227143817
-0.4396027901297041,-0.3018858511576648,-0.3999541686371992,-0.4479522845344837,-0.8356850873489315,1.2105714496526023,-0.7736055022721724,-0.47910353116260246,-1.0425024471212316,-1.2196565865253737
-0.7641766162739038,-0.595092777301473,-0.44908344585210996,0.049883106146205045,1.1966230044529447,-0.8260561574345483,-0.7736055022721724,-0.3933579327442396,-1.0425024471212316,-1.2196565865253737
-0.06093332629480444,-0.3018858511576648,-0.4653480871143842,0.2988008014865494,-0.8356850873489315,1.2105714496526023,-0.7736055022721724,-0.41479433234883034,0.9592303622513327,0.8199029227143817
-0.547794065511104,-0.595092777301473,-0.45268849520405735,0.049883106146205045,1.1966230044529447,1.2105714496526023,-0.7736055022721724,-0.3719215331396489,0.9592303622513327,0.8199029227143817
-0.4936984278204041,-0.595092777301473,-0.459647078836886,0.5477184968268938,1.1966230044529447,1.2105714496526023,1.2926485102069203,-0.47910353116260246,0.9592303622513327,-1.2196565865253737
-0.7641766162739038,-0.595092777301473,-0.4175602236118259,0.049883106146205045,1.1966230044529447,-0.8260561574345483,-0.7736055022721724,-0.47910353116260246,0.9592303622513327,0.8199029227143817
-0.06093332629480444,-0.3018858511576648,-0.47113293374890436,0.2988008014865494,-0.8356850873489315,1.2105714496526023,-0.7736055022721724,-0.45766713155801175,-1.0425024471212316,0.8199029227143817
-0.27731587705760424,-0.595092777301473,-0.4743187913157416,0.2988008014865494,1.1966230044529447,1.2105714496526023,-0.7736055022721724,-0.47910353116260246,-1.0425024471212316,0.8199029227143817
-0.3314115147483042,-0.3018858511576648,-0.45377839384534374,0.2988008014865494,1.1966230044529447,-0.8260561574345483,1.2926485102069203,-0.35048513353505817,0.9592303622513327,-1.2196565865253737
-0.7641766162739038,-0.3018858511576648,-0.40934406462366674,0.5477184968268938,1.1966230044529447,1.2105714496526023,1.2926485102069203,-0.45766713155801175,0.9592303622513327,-1.2196565865253737
-0.3314115147483042,-0.3018858511576648,-0.4664379857556706,0.2988008014865494,-0.8356850873489315,1.2105714496526023,1.2926485102069203,-0.41479433234883034,0.9592303622513327,-1.2196565865253737
-0.8182722539646038,-0.3018858511576648,-0.43047133059321885,-0.4479522845344837,-0.8356850873489315,-0.8260561574345483,-0.7736055022721724,-0.3719215331396489,0.9592303622513327,0.8199029227143817
-0.4396027901297041,-0.3018858511576648,-0.4216683031059055,1.0455538875075825,-0.8356850873489315,1.2105714496526023,-0.7736055022721724,-0.3719215331396489,-1.0425024471212316,-1.2196565865253737
-0.8182722539646038,-0.3018858511576648,-0.42736931138340367,0.2988008014865494,1.1966230044529447,1.2105714496526023,-0.7736055022721724,-0.43623073195342105,0.9592303622513327,-1.2196565865253737
-0.38550715243900413,-0.3018858511576648,-0.3846117493021673,0.049883106146205045,-0.8356850873489315,1.2105714496526023,1.2926485102069203,-0.43623073195342105,-1.0425024471212316,0.8199029227143817
-0.27731587705760424,-0.3018858511576648,-0.4738157611736094,0.7966361921672381,1.1966230044529447,1.2105714496526023,1.2926485102069203,-0.41479433234883034,0.9592303622513327,0.8199029227143817
-0.547794065511104,-0.3018858511576648,-0.4758278817421382,0.049883106146205045,-0.8356850873489315,1.2105714496526023,-0.7736055022721724,-0.3933579327442396,0.9592303622513327,-1.2196565865253737
-0.4936984278204041,-0.595092777301473,-0.399534976852089,0.7966361921672381,1.1966230044529447,-0.8260561574345483,-0.7736055022721724,-0.3933579327442396,0.9592303622513327,0.8199029227143817
-0.16912460167620436,-0.595092777301473,-0.4640905117590537,0.049883106146205045,-0.8356850873489315,-0.8260561574345483,1.2926485102069203,-0.45766713155801175,-1.0425024471212316,-1.2196565865253737
-0.3314115147483042,-0.595092777301473,-0.42158446474888345,0.5477184968268938,1.1966230044529447,-0.8260561574345483,-0.7736055022721724,-0.41479433234883034,0.9592303622513327,-1.2196565865253737
-0.4936984278204041,-0.595092777301473,-0.4601501089790182,0.049883106146205045,-0.8356850873489315,1.2105714496526023,-0.7736055022721724,-0.3933579327442396,-1.0425024471212316,-1.2196565865253737
-0.3314115147483042,-0.595092777301473,-0.45906021033773176,0.5477184968268938,-0.8356850873489315,1.2105714496526023,-0.7736055022721724,-0.43623073195342105,-1.0425024471212316,0.8199029227143817
-0.7100809785832038,-0.3018858511576648,-0.454365262344498,0.5477184968268938,-0.8356850873489315,1.2105714496526023,1.2926485102069203,-0.43623073195342105,0.9592303622513327,0.8199029227143817
-0.7641766162739038,-0.3018858511576648,-0.43005213880810866,0.2988008014865494,1.1966230044529447,-0.8260561574345483,-0.7736055022721724,-0.5005399307671932,-1.0425024471212316,-1.2196565865253737
-0.38550715243900413,-0.3018858511576648,-0.459647078836886,-0.4479522845344837,-0.8356850873489315,1.2105714496526023,-0.7736055022721724,-0.3933579327442396,-1.0425024471212316,-1.2196565865253737
-0.4396027901297041,-0.3018858511576648,-0.4169733551126717,0.7966361921672381,-0.8356850873489315,1.2105714496526023,-0.7736055022721724,-0.41479433234883034,-1.0425024471212316,-1.2196565865253737
-0.16912460167620436,-0.3018858511576648,-0.40867335776749053,0.2988008014865494,-0.8356850873489315,1.2105714496526023,-0.7736055022721724,-0.5219763303717839,0.9592303622513327,-1.2196565865253737
-0.2232202393669043,-0.3018858511576648,-0.39693598778440603,0.2988008014865494,-0.8356850873489315,-0.8260561574345483,1.2926485102069203,-0.45766713155801175,-1.0425024471212316,0.8199029227143817
-0.3314115147483042,-0.3018858511576648,-0.44120264029203893,1.0455538875075825,1.1966230044529447,-0.8260561574345483,1.2926485102069203,-0.47910353116260246,-1.0425024471212316,-1.2196565865253737
-0.4936984278204041,-0.595092777301473,-0.383773365731947,0.5477184968268938,-0.8356850873489315,1.2105714496526023,1.2926485102069203,-0.47910353116260246,0.9592303622513327,-1.2196565865253737
-0.38550715243900413,-0.595092777301473,-0.399618815209111,0.5477184968268938,1.1966230044529447,1.2105714496526023,-0.7736055022721724,-0.3933579327442396,0.9592303622513327,0.8199029227143817
-0.6559853408925039,-0.595092777301473,-0.4601501089790182,0.7966361921672381,1.1966230044529447,1.2105714496526023,1.2926485102069203,-0.45766713155801175,-1.0425024471212316,-1.2196565865253737
-0.16912460167620436,-0.595092777301473,-0.4721389940331688,0.049883106146205045,1.1966230044529447,-0.8260561574345483,-0.7736055022721724,-0.3719215331396489,-1.0425024471212316,-1.2196565865253737
-0.6559853408925039,-0.3018858511576648,-0.4689531364663315,0.049883106146205045,1.1966230044529447,-0.8260561574345483,1.2926485102069203,-0.35048513353505817,-1.0425024471212316,-1.2196565865253737
-0.8182722539646038,-0.3018858511576648,-0.44589758828527276,1.294471582847927,-0.8356850873489315,-0.8260561574345483,-0.7736055022721724,-0.47910353116260246,-1.0425024471212316,-1.2196565865253737
-0.4396027901297041,-0.3018858511576648,-0.38452791094514527,0.2988008014865494,1.1966230044529447,1.2105714496526023,1.2926485102069203,-0.43623073195342105,0.9592303622513327,-1.2196565865253737
-0.1150289639855044,-0.595092777301473,-0.3974390179265382,1.294471582847927,1.1966230044529447,-0.8260561574345483,1.2926485102069203,-0.45766713155801175,0.9592303622513327,0.8199029227143817
-0.1150289639855044,-0.3018858511576648,-0.4444723362158982,-0.19903458919413933,1.1966230044529447,1.2105714496526023,1.2926485102069203,-0.41479433234883034,-1.0425024471212316,0.8199029227143817
-0.2232202393669043,-0.3018858511576648,-0.46232990626159104,-0.19903458919413933,1.1966230044529447,1.2105714496526023,-0.7736055022721724,-0.45766713155801175,0.9592303622513327,0.8199029227143817
-0.7100809785832038,-0.3018858511576648,-0.4489157691380659,1.294471582847927,-0.8356850873489315,-0.8260561574345483,-0.7736055022721724,-0.3719215331396489,-1.0425024471212316,0.8199029227143817
-0.4936984278204041,-0.595092777301473,-0.4381844594392458,0.049883106146205045,-0.8356850873489315,1.2105714496526023,-0.7736055022721724,-0.47910353116260246,0.9592303622513327,-1.2196565865253737
-0.06093332629480444,-0.3018858511576648,-0.38897134386731297,-0.19903458919413933,1.1966230044529447,-0.8260561574345483,1.2926485102069203,-0.43623073195342105,0.9592303622513327,0.8199029227143817
-0.2232202393669043,-0.595092777301473,-0.4604854624071063,1.0455538875075825,1.1966230044529447,1.2105714496526023,-0.7736055022721724,-0.5219763303717839,-1.0425024471212316,0.8199029227143817
-0.7641766162739038,-0.595092777301473,-0.46660566246971463,0.049883106146205045,1.1966230044529447,1.2105714496526023,-0.7736055022721724,-0.41479433234883034,-1.0425024471212316,0.8199029227143817
-0.7641766162739038,-0.595092777301473,-0.43332183473196795,0.5477184968268938,-0.8356850873489315,-0.8260561574345483,-0.7736055022721724,-0.43623073195342105,-1.0425024471212316,0.8199029227143817
-0.4936984278204041,-0.595092777301473,-0.4511794047776608,0.2988008014865494,-0.8356850873489315,1.2105714496526023,-0.7736055022721724,-0.3719215331396489,-1.0425024471212316,0.8199029227143817
-0.06093332629480444,-0.3018858511576648,-0.40012184535124323,-0.4479522845344837,-0.8356850873489315,1.2105714496526023,-0.7736055022721724,-0.35048513353505817,0.9592303622513327,0.8199029227143817
-0.547794065511104,-0.595092777301473,-0.394253160359701,0.2988008014865494,-0.8356850873489315,1.2105714496526023,-0.7736055022721724,-0.3719215331396489,0.9592303622513327,0.8199029227143817
-0.7100809785832038,-0.595092777301473,-0.42292587846123597,1.294471582847927,-0.8356850873489315,1.2105714496526023,1.2926485102069203,-0.3719215331396489,-1.0425024471212316,0.8199029227143817
-0.38550715243900413,-0.3018858511576648,-0.3877976068690045,0.049883106146205045,1.1966230044529447,1.2105714496526023,1.2926485102069203,-0.47910353116260246,0.9592303622513327,-1.2196565865253737
-0.3314115147483042,-0.3018858511576648,-0.4144582044020107,1.294471582847927,-0.8356850873489315,1.2105714496526023,-0.7736055022721724,-0.45766713155801175,0.9592303622513327,0.8199029227143817
-0.06093332629480444,-0.595092777301473,-0.44899960749508794,1.0455538875075825,-0.8356850873489315,1.2105714496526023,1.2926485102069203,-0.45766713155801175,-1.0425024471212316,-1.2196565865253737
-0.1150289639855044,-0.3018858511576648,-0.39936730013804494,0.049883106146205045,1.1966230044529447,1.2105714496526023,1.2926485102069203,-0.43623073195342105,-1.0425024471212316,0.8199029227143817
-0.16912460167620436,-0.595092777301473,-0.4392743580805322,0.2988008014865494,-0.8356850873489315,-0.8260561574345483,-0.7736055022721724,-0.35048513353505817,0.9592303622513327,0.8199029227143817
-0.547794065511104,-0.595092777301473,-0.4104339632649532,1.0455538875075825,-0.8356850873489315,-0.8260561574345483,-0.7736055022721724,-0.35048513353505817,-1.0425024471212316,0.8199029227143817
-0.3314115147483042,-0.595092777301473,-0.3856178095864317,1.0455538875075825,-0.8356850873489315,1.2105714496526023,1.2926485102069203,-0.5219763303717839,-1.0425024471212316,-1.2196565865253737
-0.3314115147483042,-0.595092777301473,-0.41504507290116494,1.0455538875075825,1.1966230044529447,1.2105714496526023,-0.7736055022721724,-0.3719215331396489,0.9592303622513327,-1.2196565865253737
-0.547794065511104,-0.3018858511576648,-0.4733127310314772,0.7966361921672381,-0.8356850873489315,-0.8260561574345483,1.2926485102069203,-0.5219763303717839,0.9592303622513327,0.8199029227143817
-0.8182722539646038,-0.595092777301473,-0.4476581937827354,0.049883106146205045,1.1966230044529447,1.2105714496526023,1.2926485102069203,-0.5005399307671932,-1.0425024471212316,-1.2196565865253737
-0.6559853408925039,-0.3018858511576648,-0.46056930076412833,-0.19903458919413933,1.1966230044529447,-0.8260561574345483,1.2926485102069203,-0.3933579327442396,0.9592303622513327,0.8199029227143817
-0.3314115147483042,-0.3018858511576648,-0.38813296029709266,-0.19903458919413933,-0.8356850873489315,-0.8260561574345483,-0.7736055022721724,-0.3719215331396489,-1.0425024471212316,-1.2196565865253737
-0.547794065511104,-0.3018858511576648,-0.4303036538791748,0.049883106146205045,-0.8356850873489315,-0.8260561574345483,1.2926485102069203,-0.5219763303717839,-1.0425024471212316,-1.2196565865253737
-0.06093332629480444,-0.3018858511576648,-0.383857204088969,0.049883106146205045,-0.8356850873489315,1.2105714496526023,-0.7736055022721724,-0.47910353116260246,0.9592303622513327,-1.2196565865253737
-0.547794065511104,-0.595092777301473,-0.38922285893837905,0.7966361921672381,-0.8356850873489315,1.2105714496526023,-0.7736055022721724,-0.3933579327442396,0.9592303622513327,0.8199029227143817
-0.27731587705760424,-0.3018858511576648,-0.4205784044646191,-0.19903458919413933,1.1966230044529447,1.2105714496526023,-0.7736055022721724,-0.35048513353505817,-1.0425024471212316,-1.2196565865253737
-0.2232202393669043,-0.595092777301473,-0.4624975829756351,0.049883106146205045,-0.8356850873489315,-0.8260561574345483,-0.7736055022721724,-0.3719215331396489,-1.0425024471212316,-1.2196565865253737
-0.6018897032018039,-0.3018858511576648,-0.38888750551029094,0.049883106146205045,1.1966230044529447,-0.8260561574345483,-0.7736055022721724,-0.3719215331396489,-1.0425024471212316,0.8199029227143817
-0.8182722539646038,-0.3018858511576648,-0.441370317006083,1.294471582847927,1.1966230044529447,-0.8260561574345483,1.2926485102069203,-0.35048513353505817,0.9592303622513327,-1.2196565865253737
-0.4396027901297041,-0.595092777301473,-0.3910673027928638,0.7966361921672381,1.1966230044529447,1.2105714496526023,-0.7736055022721724,-0.47910353116260246,-1.0425024471212316,0.8199029227143817
-0.6018897032018039,-0.595092777301473,-0.4714682871769925,0.7966361921672381,1.1966230044529447,-0.8260561574345483,-0.7736055022721724,-0.3719215331396489,0.9592303622513327,0.8199029227143817
-0.2232202393669043,-0.595092777301473,-0.44170567043417114,0.2988008014865494,1.1966230044529447,-0.8260561574345483,-0.7736055022721724,-0.5219763303717839,-1.0425024471212316,-1.2196565865253737
-0.2232202393669043,-0.3018858511576648,-0.40490063170149904,0.7966361921672381,-0.8356850873489315,1.2105714496526023,-0.7736055022721724,-0.3719215331396489,0.9592303622513327,0.8199029227143817
-0.2232202393669043,-0.3018858511576648,-0.3882167986541147,-0.4479522845344837,1.1966230044529447,-0.8260561574345483,-0.7736055022721724,-0.3933579327442396,-1.0425024471212316,-1.2196565865253737
-0.6018897032018039,-0.595092777301473,-0.3875460917979384,-0.19903458919413933,1.1966230044529447,-0.8260561574345483,1.2926485102069203,-0.3719215331396489,0.9592303622513327,-1.2196565865253737
-0.4936984278204041,-0.595092777301473,-0.4169733551126717,0.2988008014865494,-0.8356850873489315,1.2105714496526023,-0.7736055022721724,-0.5219763303717839,-1.0425024471212316,0.8199029227143817
-0.6559853408925039,-0.595092777301473,-0.4541137472734319,-0.4479522845344837,-0.8356850873489315,1.2105714496526023,-0.7736055022721724,-0.41479433234883034,-1.0425024471212316,-1.2196565865253737
-0.547794065511104,-0.595092777301473,-0.3851147794442995,0.049883106146205045,1.1966230044529447,-0.8260561574345483,1.2926485102069203,-0.3933579327442396,-1.0425024471212316,-1.2196565865253737
-0.16912460167620436,-0.3018858511576648,-0.4108531550500633,1.294471582847927,1.1966230044529447,1.2105714496526023,-0.7736055022721724,-0.43623073195342105,-1.0425024471212316,0.8199029227143817
-0.6559853408925039,-0.595092777301473,-0.389055182224335,1.294471582847927,-0.8356850873489315,-0.8260561574345483,1.2926485102069203,-0.43623073195342105,0.9592303622513327,0.8199029227143817
-0.1150289639855044,-0.595092777301473,-0.40464911663043296,0.049883106146205045,1.1966230044529447,1.2105714496526023,1.2926485102069203,-0.3933579327442396,0.9592303622513327,-1.2196565865253737
-0.06093332629480444,-0.595092777301473,-0.44623294171336086,0.2988008014865494,-0.8356850873489315,-0.8260561574345483,1.2926485102069203,-0.47910353116260246,0.9592303622513327,0.8199029227143817
-0.7100809785832038,-0.595092777301473,-0.383773365731947,0.7966361921672381,-0.8356850873489315,1.2105714496526023,1.2926485102069203,-0.41479433234883034,0.9592303622513327,0.8199029227143817
-0.4936984278204041,-0.3018858511576648,-0.40272083441892625,1.0455538875075825,1.1966230044529447,-0.8260561574345483,-0.7736055022721724,-0.3933579327442396,0.9592303622513327,0.8199029227143817
-0.4396027901297041,-0.595092777301473,-0.39282790829032643,1.294471582847927,-0.8356850873489315,1.2105714496526023,-0.7736055022721724,-0.5219763303717839,-1.0425024471212316,0.8199029227143817
-0.6559853408925039,-0.3018858511576648,-0.39056427265073157,1.0455538875075825,1.1966230044529447,1.2105714496526023,1.2926485102069203,-0.5005399307671932,0.9592303622513327,-1.2196565865253737
-0.16912460167620436,-0.595092777301473,-0.4512632431346828,0.049883106146205045,1.1966230044529447,1.2105714496526023,1.2926485102069203,-0.45766713155801175,0.9592303622513327,-1.2196565865253737
-0.7641766162739038,-0.595092777301473,-0.4583895034815555,1.0455538875075825,1.1966230044529447,1.2105714496526023,-0.7736055022721724,-0.3719215331396489,0.9592303622513327,0.8199029227143817
-0.2232202393669043,-0.3018858511576648,-0.407331944055138,0.5477184968268938,-0.8356850873489315,1.2105714496526023,1.2926485102069203,-0.41479433234883034,0.9592303622513327,-1.2196565865253737
-0.3314115147483042,-0.595092777301473,-0.4432147608605677,0.2988008014865494,1.1966230044529447,1.2105714496526023,1.2926485102069203,-0.5219763303717839,-1.0425024471212316,0.8199029227143817
-0.1150289639855044,-0.3018858511576648,-0.4486642540669998,-0.4479522845344837,-0.8356850873489315,1.2105714496526023,1.2926485102069203,-0.43623073195342105,-1.0425024471212316,0.8199029227143817
-0.7100809785832038,-0.3018858511576648,-0.3971036644984501,0.2988008014865494,1.1966230044529447,-0.8260561574345483,-0.7736055022721724,-0.3933579327442396,-1.0425024471212316,-1.2196565865253737
-0.8182722539646038,-0.595092777301473,-0.40137942070657373,-0.19903458919413933,1.1966230044529447,-0.8260561574345483,1.2926485102069203,-0.41479433234883034,-1.0425024471212316,-1.2196565865253737
-0.4396027901297041,-0.3018858511576648,-0.4199076976084428,0.7966361921672381,-0.8356850873489315,1.2105714496526023,-0.7736055022721724,-0.35048513353505817,0.9592303622513327,-1.2196565865253737
-0.06093332629480444,-0.3018858511576648,-0.42284204010421395,0.7966361921672381,1.1966230044529447,1.2105714496526023,-0.7736055022721724,-0.3719215331396489,0.9592303622513327,-1.2196565865253737
-0.7100809785832038,-0.3018858511576648,-0.4275369880974477,0.2988008014865494,1.1966230044529447,-0.8260561574345483,-0.7736055022721724,-0.45766713155801175,-1.0425024471212316,0.8199029227143817
-0.2232202393669043,-0.3018858511576648,-0.4644258651871418,0.049883106146205045,-0.8356850873489315,-0.8260561574345483,1.2926485102069203,-0.43623073195342105,-1.0425024471212316,0.8199029227143817
-0.3314115147483042,-0.3018858511576648,-0.4400289032937305,0.049883106146205045,-0.8356850873489315,1.2105714496526023,1.2926485102069203,-0.3933579327442396,0.9592303622513327,-1.2196565865253737
-0.4936984278204041,-0.3018858511576648,-0.4246026456016766,0.5477184968268938,-0.8356850873489315,-0.8260561574345483,-0.7736055022721724,-0.3719215331396489,0.9592303622513327,0.8199029227143817
-0.3314115147483042,-0.3018858511576648,-0.399534976852089,0.5477184968268938,1.1966230044529447,-0.8260561574345483,-0.7736055022721724,-0.43623073195342105,-1.0425024471212316,-1.2196565865253737
-0.6018897032018039,-0.3018858511576648,-0.407248105698116,0.7966361921672381,-0.8356850873489315,1.2105714496526023,-0.7736055022721724,-0.35048513353505817,-1.0425024471212316,-1.2196565865253737
-0.3314115147483042,-0.595092777301473,-0.4640905117590537,0.5477184968268938,-0.8356850873489315,1.2105714496526023,1.2926485102069203,-0.45766713155801175,-1.0425024471212316,-1.2196565865253737
-0.6018897032018039,-0.595092777301473,-0.46107233090626054,1.294471582847927,1.1966230044529447,1.2105714496526023,1.2926485102069203,-0.45766713155801175,-1.0425024471212316,0.8199029227143817
-0.1150289639855044,-0.3018858511576648,-0.4593117254087979,1.294471582847927,-0.8356850873489315,-0.8260561574345483,-0.7736055022721724,-0.3719215331396489,0.9592303622513327,0.8199029227143817
-0.4936984278204041,-0.595092777301473,-0.42359658531741223,-0.4479522845344837,1.1966230044529447,1.2105714496526023,-0.7736055022721724,-0.5219763303717839,0.9592303622513327,-1.2196565865253737
-0.06093332629480444,-0.3018858511576648,-0.41797941539693606,0.5477184968268938,1.1966230044529447,1.2105714496526023,1.2926485102069203,-0.3719215331396489,0.9592303622513327,-1.2196565865253737
-0.38550715243900413,-0.3018858511576648,-0.4422925389333254,-0.4479522845344837,-0.8356850873489315,-0.8260561574345483,-0.7736055022721724,-0.43623073195342105,-1.0425024471212316,-1.2196565865253737
-0.2232202393669043,-0.595092777301473,-0.4364238539417831,0.5477184968268938,1.1966230044529447,1.2105714496526023,1.2926485102069203,-0.5219763303717839,0.9592303622513327,-1.2196565865253737
-0.6018897032018039,-0.3018858511576648,-0.4576349582683572,0.7966361921672381,-0.8356850873489315,-0.8260561574345483,1.2926485102069203,-0.45766713155801175,0.9592303622513327,0.8199029227143817
-0.8182722539646038,-0.3018858511576648,-0.3980258864256924,0.7966361921672381,-0.8356850873489315,-0.8260561574345483,-0.7736055022721724,-0.5005399307671932,-1.0425024471212316,0.8199029227143817
-0.3314115147483042,-0.3018858511576648,-0.42292587846123597,-0.4479522845344837,-0.8356850873489315,-0.8260561574345483,-0.7736055022721724,-0.45766713155801175,-1.0425024471212316,-1.2196565865253737
-0.3314115147483042,-0.3018858511576648,-0.39618144257120774,0.2988008014865494,-0.8356850873489315,-0.8260561574345483,1.2926485102069203,-0.3719215331396489,-1.0425024471212316,-1.2196565865253737
-0.8182722539646038,-0.595092777301473,-0.3999541686371992,0.7966361921672381,1.1966230044529447,-0.8260561574345483,1.2926485102069203,-0.43623073195342105,-1.0425024471212316,0.8199029227143817
-0.06093332629480444,-0.3018858511576648,-0.4612400076203046,0.2988008014865494,1.1966230044529447,-0.8260561574345483,1.2926485102069203,-0.5219763303717839,-1.0425024471212316,-1.2196565865253737
-0.7641766162739038,-0.3018858511576648,-0.47398343788765346,0.049883106146205045,-0.8356850873489315,1.2105714496526023,1.2926485102069203,-0.3933579327442396,-1.0425024471212316,0.8199029227143817
-0.1150289639855044,-0.3018858511576648,-0.45620970619898266,1.294471582847927,-0.8356850873489315,1.2105714496526023,1.2926485102069203,-0.5219763303717839,0.9592303622513327,0.8199029227143817
-0.547794065511104,-0.595092777301473,-0.38897134386731297,-0.4479522845344837,1.1966230044529447,1.2105714496526023,-0.7736055022721724,-0.35048513353505817,0.9592303622513327,-1.2196565865253737
-0.38550715243900413,-0.3018858511576648,-0.3980258864256924,1.0455538875075825,-0.8356850873489315,-0.8260561574345483,1.2926485102069203,-0.47910353116260246,0.9592303622513327,0.8199029227143817
-0.4396027901297041,-0.595092777301473,-0.43206425937663745,0.7966361921672381,1.1966230044529447,1.2105714496526023,1.2926485102069203,-0.47910353116260246,0.9592303622513327,0.8199029227143817
-0.16912460167620436,-0.595092777301473,-0.4397773882226644,-0.19903458919413933,-0.8356850873489315,-0.8260561574345483,1.2926485102069203,-0.41479433234883034,0.9592303622513327,0.8199029227143817
-0.6018897032018039,-0.3018858511576648,-0.4094279029806888,0.049883106146205045,1.1966230044529447,1.2105714496526023,-0.7736055022721724,-0.41479433234883034,0.9592303622513327,0.8199029227143817
-0.8182722539646038,-0.3018858511576648,-0.43122587580641714,0.2988008014865494,1.1966230044529447,-0.8260561574345483,-0.7736055022721724,-0.41479433234883034,-1.0425024471212316,-1.2196565865253737
-0.16912460167620436,-0.595092777301473,-0.39383396857459085,0.7966361921672381,1.1966230044529447,1.2105714496526023,1.2926485102069203,-0.5219763303717839,-1.0425024471212316,0.8199029227143817
-0.4936984278204041,-0.3018858511576648,-0.40800265091131427,-0.4479522845344837,-0.8356850873489315,-0.8260561574345483,1.2926485102069203,-0.43623073195342105,-1.0425024471212316,0.8199029227143817
-0.06093332629480444,-0.595092777301473,-0.39936730013804494,1.0455538875075825,-0.8356850873489315,1.2105714496526023,-0.7736055022721724,-0.41479433234883034,0.9592303622513327,0.8199029227143817
-0.6018897032018039,-0.595092777301473,-0.4028885111329703,0.5477184968268938,-0.8356850873489315,-0.8260561574345483,-0.7736055022721724,-0.3719215331396489,0.9592303622513327,-1.2196565865253737
-0.547794065511104,-0.3018858511576648,-0.4306390073072629,1.0455538875075825,-0.8356850873489315,1.2105714496526023,-0.7736055022721724,-0.5219763303717839,-1.0425024471212316,-1.2196565865253737
-0.16912460167620436,-0.3018858511576648,-0.3900612425085994,-0.19903458919413933,-0.8356850873489315,-0.8260561574345483,-0.7736055022721724,-0.43623073195342105,-1.0425024471212316,-1.2196565865253737
-0.4936984278204041,-0.595092777301473,-0.4568804130551589,0.2988008014865494,1.1966230044529447,1.2105714496526023,1.2926485102069203,-0.47910353116260246,-1.0425024471212316,0.8199029227143817
-0.7100809785832038,-0.595092777301473,-0.40272083441892625,0.049883106146205045,1.1966230044529447,1.2105714496526023,-0.7736055022721724,-0.5005399307671932,-1.0425024471212316,-1.2196565865253737
-0.2232202393669043,-0.595092777301473,-0.4011279056355076,1.0455538875075825,1.1966230044529447,1.2105714496526023,1.2926485102069203,-0.3719215331396489,-1.0425024471212316,-1.2196565865253737
-0.3314115147483042,-0.595092777301473,-0.38897134386731297,-0.4479522845344837,1.1966230044529447,-0.8260561574345483,1.2926485102069203,-0.3933579327442396,0.9592303622513327,-1.2196565865253737
-0.7100809785832038,-0.3018858511576648,-0.45830566512453347,-0.19903458919413933,1.1966230044529447,-0.8260561574345483,-0.7736055022721724,-0.3933579327442396,0.9592303622513327,0.8199029227143817
-0.6018897032018039,-0.3018858511576648,-0.41378749754583444,-0.4479522845344837,1.1966230044529447,-0.8260561574345483,-0.7736055022721724,-0.43623073195342105,0.9592303622513327,-1.2196565865253737
-0.547794065511104,-0.3018858511576648,-0.4426278923614135,0.7966361921672381,1.1966230044529447,-0.8260561574345483,-0.7736055022721724,-0.35048513353505817,-1.0425024471212316,-1.2196565865253737
-0.38550715243900413,-0.3018858511576648,-0.4733127310314772,0.5477184968268938,-0.8356850873489315,-0.8260561574345483,-0.7736055022721724,-0.43623073195342105,0.9592303622513327,-1.2196565865253737
-0.16912460167620436,-0.3018858511576648,-0.40062487549337544,0.049883106146205045,1.1966230044529447,1.2105714496526023,1.2926485102069203,-0.5005399307671932,-1.0425024471212316,0.8199029227143817
-0.1150289639855044,-0.595092777301473,-0.4215006263918614,-0.4479522845344837,-0.8356850873489315,-0.8260561574345483,1.2926485102069203,-0.47910353116260246,0.9592303622513327,0.8199029227143817
-0.2232202393669043,-0.3018858511576648,-0.4483289006389117,0.2988008014865494,1.1966230044529447,1.2105714496526023,1.2926485102069203,-0.45766713155801175,-1.0425024471212316,-1.2196565865253737
-0.6018897032018039,-0.3018858511576648,-0.3960976042141857,0.7966361921672381,1.1966230044529447,1.2105714496526023,-0.7736055022721724,-0.43623073195342105,-1.0425024471212316,-1.2196565865253737
-0.06093332629480444,-0.3018858511576648,-0.4238481003884783,0.7966361921672381,-0.8356850873489315,-0.8260561574345483,1.2926485102069203,-0.47910353116260246,0.9592303622513327,-1.2196565865253737
-0.8182722539646038,-0.3018858511576648,-0.46232990626159104,0.049883106146205045,1.1966230044529447,1.2105714496526023,-0.7736055022721724,-0.3933579327442396,0.9592303622513327,0.8199029227143817
-0.1150289639855044,-0.3018858511576648,-0.4108531550500633,0.7966361921672381,-0.8356850873489315,-0.8260561574345483,1.2926485102069203,-0.43623073195342105,0.9592303622513327,0.8199029227143817
-0.1150289639855044,-0.595092777301473,-0.45294001027512343,0.2988008014865494,1.1966230044529447,-0.8260561574345483,-0.7736055022721724,-0.43623073195342105,0.9592303622513327,-1.2196565865253737
-0.1150289639855044,-0.595092777301473,-0.3898097274375333,-0.4479522845344837,-0.8356850873489315,-0.8260561574345483,1.2926485102069203,-0.41479433234883034,0.9592303622513327,0.8199029227143817
-0.6559853408925039,-0.595092777301473,-0.38771376851198247,0.049883106146205045,1.1966230044529447,1.2105714496526023,1.2926485102069203,-0.3933579327442396,-1.0425024471212316,-1.2196565865253737
-0.6018897032018039,-0.3018858511576648,-0.44858041570997775,1.294471582847927,-0.8356850873489315,-0.8260561574345483,-0.7736055022721724,-0.3719215331396489,0.9592303622513327,0.8199029227143817
-0.2232202393669043,-0.595092777301473,-0.3971036644984501,0.7966361921672381,-0.8356850873489315,-0.8260561574345483,1.2926485102069203,-0.35048513353505817,0.9592303622513327,-1.2196565865253737
-0.3314115147483042,-0.595092777301473,-0.4306390073072629,0.7966361921672381,1.1966230044529447,-0.8260561574345483,1.2926485102069203,-0.45766713155801175,-1.0425024471212316,0.8199029227143817
-0.3314115147483042,-0.3018858511576648,-0.4349986018724086,0.2988008014865494,1.1966230044529447,1.2105714496526023,-0.7736055022721724,-0.43623073195342105,0.9592303622513327,-1.2196565865253737
-0.6018897032018039,-0.3018858511576648,-0.40699659062704985,0.5477184968268938,-0.8356850873489315,-0.8260561574345483,-0.7736055022721724,-0.43623073195342105,-1.0425024471212316,0.8199029227143817
-0.4936984278204041,-0.3018858511576648,-0.3846117493021673,0.5477184968268938,1.1966230044529447,1.2105714496526023,-0.7736055022721724,-0.3719215331396489,0.9592303622513327,-1.2196565865253737
-0.6559853408925039,-0.595092777301473,-0.4460652649993168,1.0455538875075825,-0.8356850873489315,1.2105714496526023,-0.7736055022721724,-0.35048513353505817,0.9592303622513327,-1.2196565865253737
-0.8182722539646038,-0.595092777301473,-0.45620970619898266,0.7966361921672381,1.1966230044529447,-0.8260561574345483,-0.7736055022721724,-0.3933579327442396,-1.0425024471212316,-1.2196565865253737
-0.1150289639855044,-0.3018858511576648,-0.4568804130551589,1.294471582847927,-0.8356850873489315,1.2105714496526023,1.2926485102069203,-0.43623073195342105,0.9592303622513327,-1.2196565865253737
-0.1150289639855044,-0.3018858511576648,-0.4718036406050806,-0.4479522845344837,1.1966230044529447,1.2105714496526023,-0.7736055022721724,-0.47910353116260246,0.9592303622513327,0.8199029227143817
-0.6018897032018039,-0.595092777301473,-0.46601879397056045,0.049883106146205045,-0.8356850873489315,-0.8260561574345483,1.2926485102069203,-0.5219763303717839,0.9592303622513327,-1.2196565865253737
-0.4936984278204041,-0.595092777301473,-0.4713844488199705,0.7966361921672381,1.1966230044529447,-0.8260561574345483,1.2926485102069203,-0.35048513353505817,0.9592303622513327,0.8199029227143817
-0.3314115147483042,-0.3018858511576648,-0.4285430483817121,-0.19903458919413933,-0.8356850873489315,-0.8260561574345483,-0.7736055022721724,-0.43623073195342105,-1.0425024471212316,0.8199029227143817
-0.3314115147483042,-0.3018858511576648,-0.38637235479963,0.049883106146205045,-0.8356850873489315,1.2105714496526023,1.2926485102069203,-0.35048513353505817,-1.0425024471212316,-1.2196565865253737
-0.547794065511104,-0.595092777301473,-0.4714682871769925,1.0455538875075825,1.1966230044529447,-0.8260561574345483,1.2926485102069203,-0.45766713155801175,0.9592303622513327,-1.2196565865253737
-0.6018897032018039,-0.3018858511576648,-0.4291299168808663,0.5477184968268938,1.1966230044529447,1.2105714496526023,-0.7736055022721724,-0.43623073195342105,0.9592303622513327,-1.2196565865253737
-0.6559853408925039,-0.595092777301473,-0.4031400262040364,1.294471582847927,-0.8356850873489315,1.2105714496526023,1.2926485102069203,-0.45766713155801175,-1.0425024471212316,-1.2196565865253737
-0.7641766162739038,-0.595092777301473,-0.44254405400439145,0.7966361921672381,-0.8356850873489315,1.2105714496526023,-0.7736055022721724,-0.5005399307671932,-1.0425024471212316,0.8199029227143817
-0.6559853408925039,-0.595092777301473,-0.4193208291092886,0.2988008014865494,-0.8356850873489315,1.2105714496526023,-0.7736055022721724,-0.5219763303717839,0.9592303622513327,0.8199029227143817
-0.06093332629480444,-0.595092777301473,-0.4434662759316338,-0.19903458919413933,-0.8356850873489315,1.2105714496526023,-0.7736055022721724,-0.3719215331396489,-1.0425024471212316,0.8199029227143817
-0.3314115147483042,-0.3018858511576648,-0.46660566246971463,0.7966361921672381,1.1966230044529447,-0.8260561574345483,1.2926485102069203,-0.45766713155801175,-1.0425024471212316,0.8199029227143817
-0.3314115147483042,-0.3018858511576648,-0.42443496888763255,1.294471582847927,-0.8356850873489315,-0.8260561574345483,1.2926485102069203,-0.43623073195342105,-1.0425024471212316,-1.2196565865253737
-0.7100809785832038,-0.595092777301473,-0.47448646802978567,1.0455538875075825,-0.8356850873489315,1.2105714496526023,1.2926485102069203,-0.41479433234883034,-1.0425024471212316,0.8199029227143817
-0.3314115147483042,-0.595092777301473,-0.40179861249168386,-0.4479522845344837,-0.8356850873489315,1.2105714496526023,1.2926485102069203,-0.3719215331396489,0.9592303622513327,-1.2196565865253737
-0.8182722539646038,-0.595092777301473,-0.4305551689502409,-0.19903458919413933,1.1966230044529447,-0.8260561574345483,-0.7736055022721724,-0.3719215331396489,-1.0425024471212316,-1.2196565865253737
-0.4396027901297041,-0.595092777301473,-0.46157536104839275,1.0455538875075825,-0.8356850873489315,-0.8260561574345483,1.2926485102069203,-0.3933579327442396,0.9592303622513327,0.8199029227143817
-0.6018897032018039,-0.595092777301473,-0.4416218320771491,0.7966361921672381,1.1966230044529447,1.2105714496526023,-0.7736055022721724,-0.45766713155801175,0.9592303622513327,0.8199029227143817
-0.16912460167620436,-0.3018858511576648,-0.4138713359028565,-0.4479522845344837,1.1966230044529447,1.2105714496526023,1.2926485102069203,-0.41479433234883034,-1.0425024471212316,0.8199029227143817
-0.6559853408925039,-0.3018858511576648,-0.4039784097742567,-0.19903458919413933,1.1966230044529447,-0.8260561574345483,1.2926485102069203,-0.45766713155801175,0.9592303622513327,0.8199029227143817
-0.4396027901297041,-0.3018858511576648,-0.45662889798409284,-0.4479522845344837,1.1966230044529447,-0.8260561574345483,1.2926485102069203,-0.3933579327442396,0.9592303622513327,0.8199029227143817
-0.4936984278204041,-0.3018858511576648,-0.46593495561353837,-0.4479522845344837,1.1966230044529447,1.2105714496526023,1.2926485102069203,-0.5219763303717839,-1.0425024471212316,0.8199029227143817
-0.7641766162739038,-0.595092777301473,-0.4101824481938871,-0.19903458919413933,1.1966230044529447,-0.8260561574345483,1.2926485102069203,-0.43623073195342105,-1.0425024471212316,-1.2196565865253737
-0.8182722539646038,-0.595092777301473,-0.4369268840839153,-0.19903458919413933,1.1966230044529447,-0.8260561574345483,-0.7736055022721724,-0.45766713155801175,-1.0425024471212316,-1.2196565865253737
-0.2232202393669043,-0.595092777301473,-0.46719253096886887,-0.4479522845344837,-0.8356850873489315,1.2105714496526023,1.2926485102069203,-0.3933579327442396,0.9592303622513327,-1.2196565865253737
-0.27731587705760424,-0.595092777301473,-0.4173925468977818,1.0455538875075825,-0.8356850873489315,1.2105714496526023,1.2926485102069203,-0.35048513353505817,0.9592303622513327,0.8199029227143817
-0.6559853408925039,-0.595092777301473,-0.4612400076203046,1.294471582847927,1.1966230044529447,1.2105714496526023,1.2926485102069203,-0.43623073195342105,0.9592303622513327,-1.2196565865253737
-0.4396027901297041,-0.3018858511576648,-0.41345214411774633,0.5477184968268938,-0.8356850873489315,-0.8260561574345483,1.2926485102069203,-0.45766713155801175,0.9592303622513327,-1.2196565865253737
-0.2232202393669043,-0.595092777301473,-0.4201592126795089,-0.19903458919413933,-0.8356850873489315,1.2105714496526023,-0.7736055022721724,-0.35048513353505817,-1.0425024471212316,-1.2196565865253737
-0.7641766162739038,-0.3018858511576648,-0.47314505431743314,0.7966361921672381,1.1966230044529447,-0.8260561574345483,1.2926485102069203,-0.43623073195342105,0.9592303622513327,-1.2196565865253737
-0.7100809785832038,-0.3018858511576648,-0.47130061046294847,0.049883106146205045,-0.8356850873489315,1.2105714496526023,-0.7736055022721724,-0.35048513353505817,-1.0425024471212316,-1.2196565865253737
-0.2232202393669043,-0.3018858511576648,-0.43239961280472555,0.2988008014865494,1.1966230044529447,1.2105714496526023,1.2926485102069203,-0.3719215331396489,-1.0425024471212316,-1.2196565865253737
-0.8182722539646038,-0.3018858511576648,-0.412529922190504,-0.4479522845344837,-0.8356850873489315,-0.8260561574345483,-0.7736055022721724,-0.45766713155801175,-1.0425024471212316,0.8199029227143817
-0.8182722539646038,-0.595092777301473,-0.4749056598148958,-0.4479522845344837,1.1966230044529447,-0.8260561574345483,-0.7736055022721724,-0.3933579327442396,-1.0425024471212316,0.8199029227143817
-0.16912460167620436,-0.3018858511576648,-0.41554810304329715,0.2988008014865494,1.1966230044529447,1.2105714496526023,-0.7736055022721724,-0.43623073195342105,0.9592303622513327,0.8199029227143817
-0.7100809785832038,-0.3018858511576648,-0.4293814319519324,0.5477184968268938,-0.8356850873489315,1.2105714496526023,-0.7736055022721724,-0.45766713155801175,-1.0425024471212316,-1.2196565865253737
-0.27731587705760424,-0.3018858511576648,-0.44464001292994226,0.2988008014865494,-0.8356850873489315,-0.8260561574345483,-0.7736055022721724,-0.43623073195342105,0.9592303622513327,0.8199029227143817
-0.6018897032018039,-0.595092777301473,-0.4353339553004967,-0.19903458919413933,1.1966230044529447,1.2105714496526023,1.2926485102069203,-0.43623073195342105,-1.0425024471212316,0.8199029227143817
-0.2232202393669043,-0.595092777301473,-0.394336998716723,0.2988008014865494,1.1966230044529447,-0.8260561574345483,-0.7736055022721724,-0.35048513353505817,-1.0425024471212316,-1.2196565865253737
-0.7100809785832038,-0.595092777301473,-0.42368042367443426,-0.4479522845344837,1.1966230044529447,-0.8260561574345483,1.2926485102069203,-0.35048513353505817,-1.0425024471212316,0.8199029227143817
-0.8182722539646038,-0.3018858511576648,-0.45017334449339635,0.2988008014865494,-0.8356850873489315,1.2105714496526023,-0.7736055022721724,-0.41479433234883034,0.9592303622513327,-1.2196565865253737
-0.8182722539646038,-0.3018858511576648,-0.43759759094009154,0.049883106146205045,-0.8356850873489315,-0.8260561574345483,-0.7736055022721724,-0.45766713155801175,-1.0425024471212316,0.8199029227143817
-0.4396027901297041,-0.595092777301473,-0.4624975829756351,0.7966361921672381,-0.8356850873489315,-0.8260561574345483,1.2926485102069203,-0.5005399307671932,-1.0425024471212316,-1.2196565865253737
-0.3314115147483042,-0.3018858511576648,-0.4481612239248676,-0.19903458919413933,-0.8356850873489315,-0.8260561574345483,-0.7736055022721724,-0.47910353116260246,-1.0425024471212316,-1.2196565865253737
-0.27731587705760424,-0.595092777301473,-0.4108531550500633,0.2988008014865494,1.1966230044529447,1.2105714496526023,-0.7736055022721724,-0.5005399307671932,-1.0425024471212316,0.8199029227143817
-0.2232202393669043,-0.595092777301473,-0.45704808976920297,-0.4479522845344837,1.1966230044529447,-0.8260561574345483,-0.7736055022721724,-0.43623073195342105,0.9592303622513327,-1.2196565865253737
-0.16912460167620436,-0.3018858511576648,-0.3934986151465027,1.0455538875075825,1.1966230044529447,1.2105714496526023,-0.7736055022721724,-0.41479433234883034,0.9592303622513327,0.8199029227143817
-0.16912460167620436,-0.3018858511576648,-0.41479355783009886,0.7966361921672381,1.1966230044529447,1.2105714496526023,1.2926485102069203,-0.43623073195342105,-1.0425024471212316,-1.2196565865253737
-0.2232202393669043,-0.3018858511576648,-0.3862885164426079,-0.19903458919413933,-0.8356850873489315,1.2105714496526023,-0.7736055022721724,-0.5005399307671932,-1.0425024471212316,0.8199029227143817
-0.06093332629480444,-0.3018858511576648,-0.3851147794442995,-0.4479522845344837,1.1966230044529447,-0.8260561574345483,-0.7736055022721724,-0.43623073195342105,0.9592303622513327,0.8199029227143817
-0.1150289639855044,-0.595092777301473,-0.42191981817697155,0.5477184968268938,1.1966230044529447,-0.8260561574345483,1.2926485102069203,-0.35048513353505817,0.9592303622513327,-1.2196565865253737
-0.7641766162739038,-0.595092777301473,-0.42426729217358844,0.049883106146205045,-0.8356850873489315,1.2105714496526023,1.2926485102069203,-0.45766713155801175,0.9592303622513327,0.8199029227143817
-0.16912460167620436,-0.595092777301473,-0.45956324047986397,1.294471582847927,-0.8356850873489315,1.2105714496526023,-0.7736055022721724,-0.5005399307671932,-1.0425024471212316,0.8199029227143817
-0.7100809785832038,-0.595092777301473,-0.43491476351538655,0.5477184968268938,1.1966230044529447,-0.8260561574345483,-0.7736055022721724,-0.47910353116260246,0.9592303622513327,0.8199029227143817
-0.7641766162739038,-0.595092777301473,-0.46274909804670117,1.294471582847927,-0.8356850873489315,1.2105714496526023,1.2926485102069203,-0.47910353116260246,-1.0425024471212316,-1.2196565865253737
-0.7100809785832038,-0.3018858511576648,-0.42477032231572065,0.049883106146205045,1.1966230044529447,1.2105714496526023,-0.7736055022721724,-0.35048513353505817,0.9592303622513327,-1.2196565865253737
-0.4936984278204041,-0.595092777301473,-0.441370317006083,0.2988008014865494,-0.8356850873489315,-0.8260561574345483,1.2926485102069203,-0.45766713155801175,0.9592303622513327,0.8199029227143817
-0.8182722539646038,-0.595092777301473,-0.4364238539417831,-0.19903458919413933,-0.8356850873489315,1.2105714496526023,-0.7736055022721724,-0.5219763303717839,-1.0425024471212316,0.8199029227143817
-0.3314115147483042,-0.595092777301473,-0.4326511278757917,0.2988008014865494,1.1966230044529447,-0.8260561574345483,1.2926485102069203,-0.5219763303717839,0.9592303622513327,-1.2196565865253737
-0.4396027901297041,-0.3018858511576648,-0.44296324578950164,0.049883106146205045,-0.8356850873489315,-0.8260561574345483,1.2926485102069203,-0.3933579327442396,-1.0425024471212316,-1.2196565865253737
-0.16912460167620436,-0.3018858511576648,-0.423009716818258,0.049883106146205045,1.1966230044529447,1.2105714496526023,1.2926485102069203,-0.3933579327442396,0.9592303622513327,0.8199029227143817
-0.3314115147483042,-0.3018858511576648,-0.4249379990297647,0.049883106146205045,-0.8356850873489315,-0.8260561574345483,-0.7736055022721724,-0.5005399307671932,-1.0425024471212316,-1.2196565865253737
-0.3314115147483042,-0.3018858511576648,-0.3937501302175688,1.294471582847927,-0.8356850873489315,-0.8260561574345483,-0.7736055022721724,-0.35048513353505817,0.9592303622513327,-1.2196565865253737
-0.3314115147483042,-0.595092777301473,-0.4395258731515983,0.7966361921672381,-0.8356850873489315,-0.8260561574345483,-0.7736055022721724,-0.35048513353505817,0.9592303622513327,0.8199029227143817
-0.1150289639855044,-0.595092777301473,-0.4306390073072629,-0.4479522845344837,-0.8356850873489315,1.2105714496526023,-0.7736055022721724,-0.43623073195342105,-1.0425024471212316,-1.2196565865253737
-0.7641766162739038,-0.3018858511576648,-0.4526046568470353,-0.19903458919413933,-0.8356850873489315,1.2105714496526023,1.2926485102069203,-0.47910353116260246,-1.0425024471212316,-1.2196565865253737
-0.7100809785832038,-0.3018858511576648,-0.45637738291302676,0.2988008014865494,1.1966230044529447,1.2105714496526023,1.2926485102069203,-0.47910353116260246,-1.0425024471212316,-1.2196565865253737
-0.38550715243900413,-0.595092777301473,-0.4455622348571846,0.2988008014865494,-0.8356850873489315,-0.8260561574345483,1.2926485102069203,-0.47910353116260246,-1.0425024471212316,0.8199029227143817
-0.4936984278204041,-0.595092777301473,-0.4737319228165874,0.5477184968268938,1.1966230044529447,-0.8260561574345483,-0.7736055022721724,-0.41479433234883034,0.9592303622513327,-1.2196565865253737
-0.6559853408925039,-0.3018858511576648,-0.3879652835830486,1.294471582847927,-0.8356850873489315,1.2105714496526023,-0.7736055022721724,-0.45766713155801175,0.9592303622513327,0.8199029227143817
-0.3314115147483042,-0.3018858511576648,-0.43340567308899,0.049883106146205045,1.1966230044529447,1.2105714496526023,-0.7736055022721724,-0.3719215331396489,0.9592303622513327,-1.2196565865253737
-0.6018897032018039,-0.3018858511576648,-0.45352687877427766,1.0455538875075825,-0.8356850873489315,-0.8260561574345483,1.2926485102069203,-0.43623073195342105,0.9592303622513327,-1.2196565865253737
-0.7641766162739038,-0.3018858511576648,-0.43726223751200344,0.049883106146205045,1.1966230044529447,1.2105714496526023,-0.7736055022721724,-0.5219763303717839,0.9592303622513327,0.8199029227143817
-0.16912460167620436,-0.595092777301473,-0.43768142929711357,0.049883106146205045,1.1966230044529447,1.2105714496526023,-0.7736055022721724,-0.35048513353505817,0.9592303622513327,0.8199029227143817
-0.27731587705760424,-0.595092777301473,-0.3843602342311012,1.0455538875075825,-0.8356850873489315,1.2105714496526023,1.2926485102069203,-0.5219763303717839,-1.0425024471212316,0.8199029227143817
-0.16912460167620436,-0.595092777301473,-0.3914864945779739,0.2988008014865494,-0.8356850873489315,1.2105714496526023,1.2926485102069203,-0.41479433234883034,0.9592303622513327,0.8199029227143817
-0.4396027901297041,-0.3018858511576648,-0.40355921798914657,0.5477184968268938,-0.8356850873489315,1.2105714496526023,-0.7736055022721724,-0.5219763303717839,0.9592303622513327,-1.2196565865253737
-0.6559853408925039,-0.3018858511576648,-0.4347470868013425,-0.4479522845344837,1.1966230044529447,-0.8260561574345483,1.2926485102069203,-0.47910353116260246,-1.0425024471212316,0.8199029227143817
-0.38550715243900413,-0.595092777301473,-0.3859531630145198,1.0455538875075825,1.1966230044529447,1.2105714496526023,-0.7736055022721724,-0.43623073195342105,0.9592303622513327,0.8199029227143817
-0.6018897032018039,-0.595092777301473,-0.4286268867387341,1.294471582847927,-0.8356850873489315,1.2105714496526023,1.2926485102069203,-0.3933579327442396,0.9592303622513327,0.8199029227143817
-0.16912460167620436,-0.595092777301473,-0.4578026349824013,0.7966361921672381,-0.8356850873489315,-0.8260561574345483,1.2926485102069203,-0.3719215331396489,0.9592303622513327,-1.2196565865253737
-0.38550715243900413,-0.595092777301473,-0.4290460785238443,-0.19903458919413933,1.1966230044529447,-0.8260561574345483,1.2926485102069203,-0.35048513353505817,-1.0425024471212316,-1.2196565865253737
-0.6559853408925039,-0.3018858511576648,-0.4625814213326571,1.294471582847927,1.1966230044529447,-0.8260561574345483,-0.7736055022721724,-0.41479433234883034,-1.0425024471212316,0.8199029227143817
-0.3314115147483042,-0.595092777301473,-0.43491476351538655,1.0455538875075825,-0.8356850873489315,-0.8260561574345483,-0.7736055022721724,-0.35048513353505817,0.9592303622513327,0.8199029227143817
-0.6018897032018039,-0.595092777301473,-0.41839860718204624,-0.4479522845344837,1.1966230044529447,1.2105714496526023,-0.7736055022721724,-0.3719215331396489,-1.0425024471212316,0.8199029227143817
-0.38550715243900413,-0.595092777301473,-0.40934406462366674,0.2988008014865494,-0.8356850873489315,1.2105714496526023,1.2926485102069203,-0.35048513353505817,0.9592303622513327,0.8199029227143817
-0.4396027901297041,-0.595092777301473,-0.47549252831405003,0.7966361921672381,-0.8356850873489315,1.2105714496526023,1.2926485102069203,-0.45766713155801175,0.9592303622513327,-1.2196565865253737
-0.7100809785832038,-0.595092777301473,-0.44564607321420663,0.7966361921672381,-0.8356850873489315,1.2105714496526023,1.2926485102069203,-0.35048513353505817,0.9592303622513327,0.8199029227143817
-0.8182722539646038,-0.595092777301473,-0.4374299142260475,0.7966361921672381,1.1966230044529447,-0.8260561574345483,1.2926485102069203,-0.3933579327442396,-1.0425024471212316,-1.2196565865253737
-0.7100809785832038,-0.595092777301473,-0.45511980755769627,0.049883106146205045,1.1966230044529447,-0.8260561574345483,-0.7736055022721724,-0.43623073195342105,0.9592303622513327,0.8199029227143817
-0.6559853408925039,-0.3018858511576648,-0.39660063435631787,-0.19903458919413933,1.1966230044529447,1.2105714496526023,-0.7736055022721724,-0.43623073195342105,0.9592303622513327,0.8199029227143817
-0.7641766162739038,-0.3018858511576648,-0.44053193343586267,0.2988008014865494,1.1966230044529447,1.2105714496526023,-0.7736055022721724,-0.5219763303717839,0.9592303622513327,-1.2196565865253737
-0.8182722539646038,-0.3018858511576648,-0.4746541447438297,0.2988008014865494,-0.8356850873489315,1.2105714496526023,1.2926485102069203,-0.5005399307671932,0.9592303622513327,0.8199029227143817
-0.4936984278204041,-0.3018858511576648,-0.4142066893309446,0.7966361921672381,1.1966230044529447,1.2105714496526023,1.2926485102069203,-0.47910353116260246,0.9592303622513327,0.8199029227143817
-0.4396027901297041,-0.595092777301473,-0.45268849520405735,0.2988008014865494,-0.8356850873489315,-0.8260561574345483,-0.7736055022721724,-0.3719215331396489,-1.0425024471212316,0.8199029227143817
-0.4936984278204041,-0.3018858511576648,-0.4379329443681797,-0.19903458919413933,-0.8356850873489315,1.2105714496526023,1.2926485102069203,-0.41479433234883034,0.9592303622513327,0.8199029227143817
-0.1150289639855044,-0.3018858511576648,-0.42577638259998507,-0.19903458919413933,-0.8356850873489315,-0.8260561574345483,-0.7736055022721724,-0.43623073195342105,-1.0425024471212316,-1.2196565865253737
-0.6018897032018039,-0.595092777301473,-0.43851981286733394,0.5477184968268938,1.1966230044529447,-0.8260561574345483,1.2926485102069203,-0.5219763303717839,0.9592303622513327,0.8199029227143817
-0.2232202393669043,-0.595092777301473,-0.45830566512453347,1.0455538875075825,-0.8356850873489315,-0.8260561574345483,1.2926485102069203,-0.35048513353505817,-1.0425024471212316,0.8199029227143817
-0.8182722539646038,-0.3018858511576648,-0.4160511331854293,1.0455538875075825,-0.8356850873489315,-0.8260561574345483,-0.7736055022721724,-0.47910353116260246,0.9592303622513327,-1.2196565865253737
-0.4936984278204041,-0.3018858511576648,-0.45059253627850654,0.5477184968268938,1.1966230044529447,1.2105714496526023,-0.7736055022721724,-0.47910353116260246,0.9592303622513327,0.8199029227143817
-0.16912460167620436,-0.595092777301473,-0.4756602050280941,-0.4479522845344837,-0.8356850873489315,1.2105714496526023,1.2926485102069203,-0.5005399307671932,-1.0425024471212316,-1.2196565865253737
-0.4936984278204041,-0.3018858511576648,-0.39291174664734846,1.0455538875075825,1.1966230044529447,1.2105714496526023,-0.7736055022721724,-0.45766713155801175,-1.0425024471212316,0.8199029227143817
-0.38550715243900413,-0.595092777301473,-0.4323157744477035,-0.19903458919413933,1.1966230044529447,1.2105714496526023,-0.7736055022721724,-0.5005399307671932,0.9592303622513327,0.8199029227143817
-0.7100809785832038,-0.595092777301473,-0.4345794100872984,-0.19903458919413933,1.1966230044529447,-0.8260561574345483,1.2926485102069203,-0.35048513353505817,-1.0425024471212316,0.8199029227143817
-0.38550715243900413,-0.595092777301473,-0.42393193874550034,1.0455538875075825,-0.8356850873489315,-0.8260561574345483,1.2926485102069203,-0.3933579327442396,-1.0425024471212316,-1.2196565865253737
-0.1150289639855044,-0.595092777301473,-0.4481612239248676,-0.19903458919413933,1.1966230044529447,-0.8260561574345483,1.2926485102069203,-0.3719215331396489,0.9592303622513327,-1.2196565865253737
-0.8182722539646038,-0.3018858511576648,-0.4479935472108235,0.5477184968268938,1.1966230044529447,1.2105714496526023,-0.7736055022721724,-0.47910353116260246,0.9592303622513327,0.8199029227143817
-0.8182722539646038,-0.595092777301473,-0.4717198022480586,0.7966361921672381,1.1966230044529447,-0.8260561574345483,1.2926485102069203,-0.41479433234883034,0.9592303622513327,-1.2196565865253737
-0.1150289639855044,-0.595092777301473,-0.40355921798914657,0.7966361921672381,1.1966230044529447,-0.8260561574345483,1.2926485102069203,-0.41479433234883034,0.9592303622513327,0.8199029227143817
-0.6559853408925039,-0.3018858511576648,-0.4531076869891675,0.2988008014865494,-0.8356850873489315,-0.8260561574345483,1.2926485102069203,-0.5219763303717839,0.9592303622513327,-1.2196565865253737
-0.38550715243900413,-0.595092777301473,-0.42728547302638165,1.294471582847927,1.1966230044529447,-0.8260561574345483,1.2926485102069203,-0.41479433234883034,-1.0425024471212316,0.8199029227143817
-0.547794065511104,-0.3018858511576648,-0.4289622401668223,1.294471582847927,-0.8356850873489315,1.2105714496526023,1.2926485102069203,-0.47910353116260246,0.9592303622513327,-1.2196565865253737
-0.16912460167620436,-0.3018858511576648,-0.4175602236118259,0.7966361921672381,1.1966230044529447,-0.8260561574345483,-0.7736055022721724,-0.47910353116260246,-1.0425024471212316,0.8199029227143817
-0.27731587705760424,-0.3018858511576648,-0.43851981286733394,0.049883106146205045,-0.8356850873489315,-0.8260561574345483,1.2926485102069203,-0.47910353116260246,0.9592303622513327,-1.2196565865253737
-0.7100809785832038,-0.595092777301473,-0.3906481110077536,0.5477184968268938,1.1966230044529447,1.2105714496526023,1.2926485102069203,-0.3719215331396489,0.9592303622513327,-1.2196565865253737
-0.8182722539646038,-0.3018858511576648,-0.4459814266422948,-0.19903458919413933,-0.8356850873489315,1.2105714496526023,-0.7736055022721724,-0.43623073195342105,-1.0425024471212316,-1.2196565865253737
-0.6559853408925039,-0.3018858511576648,-0.45294001027512343,1.0455538875075825,1.1966230044529447,1.2105714496526023,1.2926485102069203,-0.45766713155801175,0.9592303622513327,-1.2196565865253737
-0.2232202393669043,-0.595092777301473,-0.38846831372518076,0.7966361921672381,-0.8356850873489315,-0.8260561574345483,1.2926485102069203,-0.35048513353505817,-1.0425024471212316,0.8199029227143817
-0.16912460167620436,-0.3018858511576648,-0.44983799106530825,0.5477184968268938,-0.8356850873489315,-0.8260561574345483,-0.7736055022721724,-0.35048513353505817,-1.0425024471212316,0.8199029227143817
-0.38550715243900413,-0.3018858511576648,-0.40297234948999233,0.7966361921672381,-0.8356850873489315,-0.8260561574345483,1.2926485102069203,-0.5219763303717839,-1.0425024471212316,-1.2196565865253737
-0.7100809785832038,-0.3018858511576648,-0.4016309357776398,-0.4479522845344837,1.1966230044529447,-0.8260561574345483,-0.7736055022721724,-0.5005399307671932,0.9592303622513327,0.8199029227143817
-0.2232202393669043,-0.3018858511576648,-0.46300061311776725,-0.19903458919413933,-0.8356850873489315,1.2105714496526023,1.2926485102069203,-0.3719215331396489,0.9592303622513327,-1.2196565865253737
-0.38550715243900413,-0.3018858511576648,-0.42393193874550034,-0.4479522845344837,-0.8356850873489315,-0.8260561574345483,-0.7736055022721724,-0.43623073195342105,0.9592303622513327,0.8199029227143817
-0.4936984278204041,-0.595092777301473,-0.4018824508487059,-0.19903458919413933,-0.8356850873489315,-0.8260561574345483,-0.7736055022721724,-0.3933579327442396,0.9592303622513327,-1.2196565865253737
-0.2232202393669043,-0.3018858511576648,-0.40909254955260066,0.5477184968268938,-0.8356850873489315,1.2105714496526023,1.2926485102069203,-0.5219763303717839,0.9592303622513327,0.8199029227143817
-0.1150289639855044,-0.3018858511576648,-0.4654319254714062,0.2988008014865494,1.1966230044529447,1.2105714496526023,-0.7736055022721724,-0.43623073195342105,0.9592303622513327,0.8199029227143817
-0.06093332629480444,-0.595092777301473,-0.42401577710252236,0.7966361921672381,-0.8356850873489315,1.2105714496526023,-0.7736055022721724,-0.47910353116260246,-1.0425024471212316,-1.2196565865253737
-0.6559853408925039,-0.595092777301473,-0.45537132262876234,0.7966361921672381,-0.8356850873489315,-0.8260561574345483,1.2926485102069203,-0.5005399307671932,0.9592303622513327,-1.2196565865253737
-0.7100809785832038,-0.595092777301473,-0.404816793344477,0.049883106146205045,-0.8356850873489315,-0.8260561574345483,1.2926485102069203,-0.5005399307671932,0.9592303622513327,-1.2196565865253737
-0.3314115147483042,-0.3018858511576648,-0.4381844594392458,1.0455538875075825,1.1966230044529447,-0.8260561574345483,-0.7736055022721724,-0.35048513353505817,0.9592303622513327,-1.2196565865253737
-0.06093332629480444,-0.595092777301473,-0.3979420480686704,-0.4479522845344837,-0.8356850873489315,-0.8260561574345483,1.2926485102069203,-0.45766713155801175,0.9592303622513327,-1.2196565865253737
-0.6018897032018039,-0.3018858511576648,-0.4323157744477035,0.7966361921672381,-0.8356850873489315,-0.8260561574345483,-0.7736055022721724,-0.45766713155801175,-1.0425024471212316,0.8199029227143817
-0.6018897032018039,-0.3018858511576648,-0.4455622348571846,0.5477184968268938,-0.8356850873489315,1.2105714496526023,-0.7736055022721724,-0.3933579327442396,-1.0425024471212316,-1.2196565865253737
-0.7100809785832038,-0.595092777301473,-0.47524101324298396,0.2988008014865494,-0.8356850873489315,1.2105714496526023,1.2926485102069203,-0.5005399307671932,-1.0425024471212316,0.8199029227143817
-0.2232202393669043,-0.595092777301473,-0.4358369854426289,1.0455538875075825,1.1966230044529447,-0.8260561574345483,1.2926485102069203,-0.47910353116260246,-1.0425024471212316,-1.2196565865253737
-0.38550715243900413,-0.3018858511576648,-0.43441173337325434,0.5477184968268938,-0.8356850873489315,-0.8260561574345483,-0.7736055022721724,-0.47910353116260246,-1.0425024471212316,0.8199029227143817
-0.6559853408925039,-0.595092777301473,-0.4060743686998075,-0.4479522845344837,-0.8356850873489315,-0.8260561574345483,1.2926485102069203,-0.41479433234883034,0.9592303622513327,0.8199029227143817
-0.27731587705760424,-0.3018858511576648,-0.38679154658474013,0.049883106146205045,1.1966230044529447,-0.8260561574345483,1.2926485102069203,-0.47910353116260246,-1.0425024471212316,-1.2196565865253737
-0.6018897032018039,-0.595092777301473,-0.4261955743850952,0.7966361921672381,1.1966230044529447,-0.8260561574345483,-0.7736055022721724,-0.43623073195342105,-1.0425024471212316,-1.2196565865253737
-0.6559853408925039,-0.595092777301473,-0.46023394733604023,0.5477184968268938,1.1966230044529447,1.2105714496526023,-0.7736055022721724,-0.45766713155801175,0.9592303622513327,0.8199029227143817
-0.6018897032018039,-0.595092777301473,-0.41269759890454805,1.0455538875075825,-0.8356850873489315,1.2105714496526023,-0.7736055022721724,-0.47910353116260246,0.9592303622513327,0.8199029227143817
-0.4936984278204041,-0.3018858511576648,-0.4681147528961112,-0.19903458919413933,1.1966230044529447,1.2105714496526023,-0.7736055022721724,-0.3719215331396489,-1.0425024471212316,-1.2196565865253737
-0.38550715243900413,-0.595092777301473,-0.46870162139526544,0.2988008014865494,-0.8356850873489315,-0.8260561574345483,-0.7736055022721724,-0.47910353116260246,0.9592303622513327,0.8199029227143817
-0.4936984278204041,-0.3018858511576648,-0.38637235479963,1.0455538875075825,1.1966230044529447,-0.8260561574345483,-0.7736055022721724,-0.41479433234883034,0.9592303622513327,0.8199029227143817
-0.16912460167620436,-0.3018858511576648,-0.4644258651871418,0.5477184968268938,-0.8356850873489315,1.2105714496526023,1.2926485102069203,-0.3933579327442396,-1.0425024471212316,0.8199029227143817
-0.6018897032018039,-0.3018858511576648,-0.4406157717928847,0.2988008014865494,1.1966230044529447,1.2105714496526023,-0.7736055022721724,-0.3933579327442396,0.9592303622513327,0.8199029227143817
-0.3314115147483042,-0.3018858511576648,-0.4697076816795298,0.7966361921672381,-0.8356850873489315,-0.8260561574345483,1.2926485102069203,-0.5005399307671932,-1.0425024471212316,0.8199029227143817
-0.3314115147483042,-0.595092777301473,-0.46157536104839275,-0.19903458919413933,1.1966230044529447,1.2105714496526023,1.2926485102069203,-0.47910353116260246,-1.0425024471212316,0.8199029227143817
-0.4936984278204041,-0.3018858511576648,-0.4616591994054148,0.049883106146205045,-0.8356850873489315,1.2105714496526023,-0.7736055022721724,-0.45766713155801175,0.9592303622513327,-1.2196565865253737
-0.1150289639855044,-0.3018858511576648,-0.4028046727759483,1.0455538875075825,-0.8356850873489315,-0.8260561574345483,1.2926485102069203,-0.3933579327442396,-1.0425024471212316,-1.2196565865253737
-0.06093332629480444,-0.595092777301473,-0.4489157691380659,0.049883106146205045,-0.8356850873489315,1.2105714496526023,-0.7736055022721724,-0.5005399307671932,-1.0425024471212316,-1.2196565865253737
-0.3314115147483042,-0.3018858511576648,-0.43768142929711357,-0.19903458919413933,-0.8356850873489315,1.2105714496526023,1.2926485102069203,-0.47910353116260246,0.9592303622513327,-1.2196565865253737
-0.6018897032018039,-0.595092777301473,-0.396768311070362,0.2988008014865494,-0.8356850873489315,1.2105714496526023,-0.7736055022721724,-0.3933579327442396,0.9592303622513327,0.8199029227143817
-0.7100809785832038,-0.3018858511576648,-0.4096794180517549,0.7966361921672381,-0.8356850873489315,-0.8260561574345483,-0.7736055022721724,-0.3933579327442396,0.9592303622513327,-1.2196565865253737
-0.4936984278204041,-0.595092777301473,-0.4245188072446546,0.5477184968268938,-0.8356850873489315,1.2105714496526023,-0.7736055022721724,-0.47910353116260246,0.9592303622513327,0.8199029227143817
-0.16912460167620436,-0.3018858511576648,-0.40137942070657373,-0.19903458919413933,-0.8356850873489315,1.2105714496526023,-0.7736055022721724,-0.5219763303717839,-1.0425024471212316,0.8199029227143817
-0.27731587705760424,-0.595092777301473,-0.44665213349847105,-0.4479522845344837,1.1966230044529447,1.2105714496526023,1.2926485102069203,-0.47910353116260246,0.9592303622513327,-1.2196565865253737
-0.27731587705760424,-0.3018858511576648,-0.4750733365289399,0.2988008014865494,-0.8356850873489315,-0.8260561574345483,1.2926485102069203,-0.43623073195342105,0.9592303622513327,-1.2196565865253737
-0.7641766162739038,-0.3018858511576648,-0.4138713359028565,0.049883106146205045,-0.8356850873489315,-0.8260561574345483,1.2926485102069203,-0.3933579327442396,-1.0425024471212316,0.8199029227143817
-0.06093332629480444,-0.595092777301473,-0.41999153596546485,1.0455538875075825,1.1966230044529447,1.2105714496526023,1.2926485102069203,-0.45766713155801175,-1.0425024471212316,-1.2196565865253737
-0.2232202393669043,-0.595092777301473,-0.4301359771651307,-0.19903458919413933,-0.8356850873489315,-0.8260561574345483,1.2926485102069203,-0.5219763303717839,-1.0425024471212316,-1.2196565865253737
-0.38550715243900413,-0.595092777301473,-0.46509657204331806,0.049883106146205045,1.1966230044529447,1.2105714496526023,-0.7736055022721724,-0.41479433234883034,-1.0425024471212316,0.8199029227143817
-0.3314115147483042,-0.595092777301473,-0.42552486752891894,0.2988008014865494,-0.8356850873489315,-0.8260561574345483,-0.7736055022721724,-0.5005399307671932,0.9592303622513327,0.8199029227143817
-0.3314115147483042,-0.3018858511576648,-0.42518951410083083,0.049883106146205045,1.1966230044529447,-0.8260561574345483,-0.7736055022721724,-0.47910353116260246,0.9592303622513327,0.8199029227143817
-0.2232202393669043,-0.3018858511576648,-0.4484965773529557,-0.19903458919413933,1.1966230044529447,1.2105714496526023,-0.7736055022721724,-0.45766713155801175,-1.0425024471212316,0.8199029227143817
-0.8182722539646038,-0.595092777301473,-0.3937501302175688,0.2988008014865494,-0.8356850873489315,1.2105714496526023,-0.7736055022721724,-0.41479433234883034,-1.0425024471212316,0.8199029227143817
-0.16912460167620436,-0.3018858511576648,-0.44204102386225924,-0.4479522845344837,1.1966230044529447,1.2105714496526023,1.2926485102069203,-0.41479433234883034,-1.0425024471212316,0.8199029227143817
-0.547794065511104,-0.595092777301473,-0.42317739353230205,-0.19903458919413933,-0.8356850873489315,-0.8260561574345483,-0.7736055022721724,-0.3933579327442396,-1.0425024471212316,-1.2196565865253737
-0.4936984278204041,-0.595092777301473,-0.4157157797573412,0.5477184968268938,-0.8356850873489315,1.2105714496526023,-0.7736055022721724,-0.43623073195342105,0.9592303622513327,-1.2196565865253737
-0.1150289639855044,-0.3018858511576648,-0.38863599043922487,1.294471582847927,-0.8356850873489315,-0.8260561574345483,1.2926485102069203,-0.3933579327442396,-1.0425024471212316,-1.2196565865253737
-0.16912460167620436,-0.3018858511576648,-0.45294001027512343,0.7966361921672381,-0.8356850873489315,-0.8260561574345483,1.2926485102069203,-0.5005399307671932,0.9592303622513327,0.8199029227143817
-0.4396027901297041,-0.3018858511576648,-0.41848244553906827,-0.19903458919413933,1.1966230044529447,1.2105714496526023,-0.7736055022721724,-0.5219763303717839,-1.0425024471212316,0.8199029227143817
-0.3314115147483042,-0.3018858511576648,-0.4661864706846045,0.2988008014865494,-0.8356850873489315,-0.8260561574345483,-0.7736055022721724,-0.3719215331396489,0.9592303622513327,-1.2196565865253737
-0.38550715243900413,-0.3018858511576648,-0.4037268947031906,1.0455538875075825,1.1966230044529447,1.2105714496526023,1.2926485102069203,-0.5219763303717839,0.9592303622513327,-1.2196565865253737
-0.7641766162739038,-0.3018858511576648,-0.417811738682892,0.7966361921672381,1.1966230044529447,-0.8260561574345483,-0.7736055022721724,-0.5005399307671932,0.9592303622513327,-1.2196565865253737
-0.27731587705760424,-0.3018858511576648,-0.4487480924240218,-0.19903458919413933,-0.8356850873489315,1.2105714496526023,-0.7736055022721724,-0.41479433234883034,0.9592303622513327,0.8199029227143817
-0.3314115147483042,-0.595092777301473,-0.39534305900098743,-0.4479522845344837,-0.8356850873489315,-0.8260561574345483,-0.7736055022721724,-0.5219763303717839,-1.0425024471212316,-1.2196565865253737
-0.7641766162739038,-0.595092777301473,-0.46635414739864856,1.0455538875075825,-0.8356850873489315,-0.8260561574345483,1.2926485102069203,-0.47910353116260246,0.9592303622513327,-1.2196565865253737
-0.6018897032018039,-0.595092777301473,-0.38519861780132153,-0.4479522845344837,-0.8356850873489315,1.2105714496526023,-0.7736055022721724,-0.3933579327442396,-1.0425024471212316,-1.2196565865253737
-0.16912460167620436,-0.595092777301473,-0.46300061311776725,0.5477184968268938,1.1966230044529447,-0.8260561574345483,-0.7736055022721724,-0.3719215331396489,0.9592303622513327,0.8199029227143817
-0.6018897032018039,-0.595092777301473,-0.4495026376372201,1.0455538875075825,-0.8356850873489315,1.2105714496526023,1.2926485102069203,-0.45766713155801175,0.9592303622513327,-1.2196565865253737
-0.547794065511104,-0.3018858511576648,-0.3866238698706961,0.049883106146205045,1.1966230044529447,-0.8260561574345483,1.2926485102069203,-0.47910353116260246,-1.0425024471212316,-1.2196565865253737
-0.7100809785832038,-0.595092777301473,-0.46710869261184684,1.294471582847927,-0.8356850873489315,-0.8260561574345483,1.2926485102069203,-0.5219763303717839,-1.0425024471212316,0.8199029227143817
-0.4396027901297041,-0.595092777301473,-0.44623294171336086,1.0455538875075825,-0.8356850873489315,-0.8260561574345483,-0.7736055022721724,-0.35048513353505817,0.9592303622513327,0.8199029227143817
-0.16912460167620436,-0.595092777301473,-0.3907319493647756,0.7966361921672381,-0.8356850873489315,1.2105714496526023,1.2926485102069203,-0.41479433234883034,0.9592303622513327,0.8199029227143817
-0.8182722539646038,-0.595092777301473,-0.4144582044020107,1.0455538875075825,-0.8356850873489315,1.2105714496526023,-0.7736055022721724,-0.41479433234883034,-1.0425024471212316,0.8199029227143817
-0.547794065511104,-0.595092777301473,-0.4164703249705395,0.2988008014865494,1.1966230044529447,1.2105714496526023,1.2926485102069203,-0.35048513353505817,0.9592303622513327,0.8199029227143817
-0.6559853408925039,-0.595092777301473,-0.42133294967781737,1.294471582847927,1.1966230044529447,1.2105714496526023,-0.7736055022721724,-0.5219763303717839,-1.0425024471212316,-1.2196565865253737
-0.8182722539646038,-0.595092777301473,-0.4068289139130058,0.2988008014865494,-0.8356850873489315,1.2105714496526023,1.2926485102069203,-0.41479433234883034,-1.0425024471212316,-1.2196565865253737
-0.06093332629480444,-0.3018858511576648,-0.39651679599929585,0.049883106146205045,1.1966230044529447,-0.8260561574345483,-0.7736055022721724,-0.43623073195342105,-1.0425024471212316,0.8199029227143817
-0.4936984278204041,-0.3018858511576648,-0.420494566107597,1.0455538875075825,1.1966230044529447,-0.8260561574345483,-0.7736055022721724,-0.41479433234883034,0.9592303622513327,0.8199029227143817
-0.38550715243900413,-0.595092777301473,-0.46761172275397905,-0.4479522845344837,-0.8356850873489315,1.2105714496526023,1.2926485102069203,-0.3719215331396489,0.9592303622513327,0.8199029227143817
-0.16912460167620436,-0.3018858511576648,-0.4266147661702054,-0.4479522845344837,-0.8356850873489315,-0.8260561574345483,1.2926485102069203,-0.43623073195342105,-1.0425024471212316,0.8199029227143817
-0.6559853408925039,-0.3018858511576648,-0.45226930341894717,-0.19903458919413933,1.1966230044529447,-0.8260561574345483,-0.7736055022721724,-0.5005399307671932,-1.0425024471212316,-1.2196565865253737
-0.6559853408925039,-0.3018858511576648,-0.44212486221928127,0.5477184968268938,1.1966230044529447,-0.8260561574345483,1.2926485102069203,-0.5005399307671932,-1.0425024471212316,-1.2196565865253737
-0.547794065511104,-0.3018858511576648,-0.4172248701837378,0.7966361921672381,1.1966230044529447,-0.8260561574345483,-0.7736055022721724,-0.43623073195342105,-1.0425024471212316,0.8199029227143817
-0.2232202393669043,-0.595092777301473,-0.4592278870517758,1.294471582847927,1.1966230044529447,1.2105714496526023,1.2926485102069203,-0.47910353116260246,0.9592303622513327,0.8199029227143817
-0.06093332629480444,-0.3018858511576648,-0.4484965773529557,0.5477184968268938,-0.8356850873489315,-0.8260561574345483,1.2926485102069203,-0.47910353116260246,-1.0425024471212316,0.8199029227143817
-0.7100809785832038,-0.3018858511576648,-0.46300061311776725,1.0455538875075825,-0.8356850873489315,1.2105714496526023,-0.7736055022721724,-0.3719215331396489,0.9592303622513327,0.8199029227143817
-0.16912460167620436,-0.3018858511576648,-0.42963294702299853,0.5477184968268938,1.1966230044529447,1.2105714496526023,1.2926485102069203,-0.3933579327442396,-1.0425024471212316,-1.2196565865253737
-0.2232202393669043,-0.595092777301473,-0.4419571855052372,-0.19903458919413933,-0.8356850873489315,-0.8260561574345483,1.2926485102069203,-0.5219763303717839,0.9592303622513327,0.8199029227143817
-0.547794065511104,-0.595092777301473,-0.4371783991549814,0.5477184968268938,1.1966230044529447,1.2105714496526023,-0.7736055022721724,-0.43623073195342105,0.9592303622513327,0.8199029227143817
-0.4936984278204041,-0.595092777301473,-0.464845056972252,1.294471582847927,1.1966230044529447,-0.8260561574345483,-0.7736055022721724,-0.35048513353505817,0.9592303622513327,-1.2196565865253737
-0.27731587705760424,-0.595092777301473,-0.40959557969473287,0.049883106146205045,-0.8356850873489315,-0.8260561574345483,1.2926485102069203,-0.45766713155801175,0.9592303622513327,0.8199029227143817
-0.3314115147483042,-0.595092777301473,-0.4026369960619042,-0.19903458919413933,1.1966230044529447,-0.8260561574345483,-0.7736055022721724,-0.5219763303717839,0.9592303622513327,-1.2196565865253737
-0.3314115147483042,-0.595092777301473,-0.4688692981093095,0.049883106146205045,1.1966230044529447,1.2105714496526023,1.2926485102069203,-0.3719215331396489,-1.0425024471212316,0.8199029227143817
-0.7100809785832038,-0.595092777301473,-0.41269759890454805,1.0455538875075825,-0.8356850873489315,1.2105714496526023,1.2926485102069203,-0.43623073195342105,-1.0425024471212316,0.8199029227143817
-0.4936984278204041,-0.3018858511576648,-0.4232612318893241,-0.19903458919413933,-0.8356850873489315,1.2105714496526023,-0.7736055022721724,-0.5005399307671932,0.9592303622513327,-1.2196565865253737
-0.1150289639855044,-0.3018858511576648,-0.45738344319729113,1.0455538875075825,1.1966230044529447,-0.8260561574345483,-0.7736055022721724,-0.5219763303717839,-1.0425024471212316,0.8199029227143817
-0.7100809785832038,-0.3018858511576648,-0.4295491086659765,1.0455538875075825,1.1966230044529447,-0.8260561574345483,-0.7736055022721724,-0.47910353116260246,-1.0425024471212316,-1.2196565865253737
-0.16912460167620436,-0.595092777301473,-0.4665218241126926,0.5477184968268938,-0.8356850873489315,-0.8260561574345483,-0.7736055022721724,-0.35048513353505817,-1.0425024471212316,-1.2196565865253737
-0.16912460167620436,-0.595092777301473,-0.4243511305306105,0.049883106146205045,1.1966230044529447,1.2105714496526023,-0.7736055022721724,-0.5219763303717839,-1.0425024471212316,-1.2196565865253737
-0.7641766162739038,-0.595092777301473,-0.3984450782108026,1.0455538875075825,1.1966230044529447,-0.8260561574345483,-0.7736055022721724,-0.45766713155801175,-1.0425024471212316,0.8199029227143817
-0.2232202393669043,-0.595092777301473,-0.43608850051369497,0.049883106146205045,-0.8356850873489315,-0.8260561574345483,1.2926485102069203,-0.3719215331396489,-1.0425024471212316,0.8199029227143817
-0.1150289639855044,-0.595092777301473,-0.40582285362874143,0.049883106146205045,-0.8356850873489315,1.2105714496526023,1.2926485102069203,-0.3719215331396489,-1.0425024471212316,-1.2196565865253737
-0.3314115147483042,-0.3018858511576648,-0.4531915253461895,-0.19903458919413933,-0.8356850873489315,1.2105714496526023,-0.7736055022721724,-0.3719215331396489,0.9592303622513327,0.8199029227143817
-0.6559853408925039,-0.3018858511576648,-0.4406157717928847,0.2988008014865494,-0.8356850873489315,1.2105714496526023,1.2926485102069203,-0.3719215331396489,-1.0425024471212316,0.8199029227143817
-0.2232202393669043,-0.595092777301473,-0.41663800168458354,0.5477184968268938,-0.8356850873489315,-0.8260561574345483,1.2926485102069203,-0.45766713155801175,-1.0425024471212316,0.8199029227143817
-0.4396027901297041,-0.595092777301473,-0.4725581858182789,1.0455538875075825,-0.8356850873489315,-0.8260561574345483,1.2926485102069203,-0.3719215331396489,-1.0425024471212316,-1.2196565865253737
-0.16912460167620436,-0.595092777301473,-0.4600662706219962,0.049883106146205045,1.1966230044529447,-0.8260561574345483,1.2926485102069203,-0.35048513353505817,0.9592303622513327,-1.2196565865253737
-0.06093332629480444,-0.595092777301473,-0.39257639321926036,0.7966361921672381,1.1966230044529447,1.2105714496526023,-0.7736055022721724,-0.3933579327442396,0.9592303622513327,0.8199029227143817
-0.38550715243900413,-0.3018858511576648,-0.430974360735351,0.2988008014865494,-0.8356850873489315,1.2105714496526023,1.2926485102069203,-0.5005399307671932,-1.0425024471212316,-1.2196565865253737
-0.4936984278204041,-0.595092777301473,-0.38972588908051126,1.0455538875075825,-0.8356850873489315,1.2105714496526023,1.2926485102069203,-0.35048513353505817,0.9592303622513327,0.8199029227143817
-0.8182722539646038,-0.595092777301473,-0.4515985965627709,0.7966361921672381,1.1966230044529447,1.2105714496526023,-0.7736055022721724,-0.3719215331396489,0.9592303622513327,0.8199029227143817
-0.7100809785832038,-0.595092777301473,-0.4396097115086203,0.5477184968268938,1.1966230044529447,-0.8260561574345483,-0.7736055022721724,-0.43623073195342105,-1.0425024471212316,0.8199029227143817
-0.16912460167620436,-0.595092777301473,-0.4364238539417831,0.5477184968268938,1.1966230044529447,-0.8260561574345483,-0.7736055022721724,-0.47910353116260246,0.9592303622513327,-1.2196565865253737
-0.2232202393669043,-0.3018858511576648,-0.4232612318893241,0.049883106146205045,-0.8356850873489315,-0.8260561574345483,-0.7736055022721724,-0.3933579327442396,-1.0425024471212316,-1.2196565865253737
-0.1150289639855044,-0.595092777301473,-0.45252081849001324,0.049883106146205045,-0.8356850873489315,-0.8260561574345483,1.2926485102069203,-0.5005399307671932,0.9592303622513327,0.8199029227143817
-0.38550715243900413,-0.595092777301473,-0.4023854809908381,1.294471582847927,1.1966230044529447,-0.8260561574345483,-0.7736055022721724,-0.47910353116260246,-1.0425024471212316,-1.2196565865253737
-0.06093332629480444,-0.3018858511576648,-0.42720163466935956,1.294471582847927,-0.8356850873489315,-0.8260561574345483,1.2926485102069203,-0.35048513353505817,0.9592303622513327,0.8199029227143817
-0.2232202393669043,-0.3018858511576648,-0.40355921798914657,1.0455538875075825,-0.8356850873489315,-0.8260561574345483,1.2926485102069203,-0.45766713155801175,-1.0425024471212316,-1.2196565865253737
-0.8182722539646038,-0.3018858511576648,-0.45461677741556406,-0.19903458919413933,-0.8356850873489315,-0.8260561574345483,-0.7736055022721724,-0.45766713155801175,-1.0425024471212316,-1.2196565865253737
-0.38550715243900413,-0.595092777301473,-0.4607369774781724,0.2988008014865494,1.1966230044529447,1.2105714496526023,-0.7736055022721724,-0.47910353116260246,0.9592303622513327,-1.2196565865253737
-0.4396027901297041,-0.595092777301473,-0.4188177989671564,1.0455538875075825,1.1966230044529447,1.2105714496526023,-0.7736055022721724,-0.43623073195342105,-1.0425024471212316,0.8199029227143817
-0.8182722539646038,-0.3018858511576648,-0.40674507555598377,0.2988008014865494,-0.8356850873489315,-0.8260561574345483,-0.7736055022721724,-0.47910353116260246,-1.0425024471212316,0.8199029227143817
-0.547794065511104,-0.3018858511576648,-0.4172248701837378,0.049883106146205045,-0.8356850873489315,1.2105714496526023,-0.7736055022721724,-0.35048513353505817,0.9592303622513327,0.8199029227143817
-0.6018897032018039,-0.3018858511576648,-0.42845921002469006,0.5477184968268938,-0.8356850873489315,-0.8260561574345483,-0.7736055022721724,-0.47910353116260246,-1.0425024471212316,-1.2196565865253737
-0.547794065511104,-0.3018858511576648,-0.4189016373241784,0.049883106146205045,-0.8356850873489315,-0.8260561574345483,1.2926485102069203,-0.5005399307671932,-1.0425024471212316,0.8199029227143817
-0.3314115147483042,-0.3018858511576648,-0.4431309225035457,0.5477184968268938,-0.8356850873489315,1.2105714496526023,1.2926485102069203,-0.43623073195342105,0.9592303622513327,0.8199029227143817
-0.2232202393669043,-0.3018858511576648,-0.4581379884104894,1.294471582847927,1.1966230044529447,-0.8260561574345483,1.2926485102069203,-0.41479433234883034,-1.0425024471212316,0.8199029227143817
-0.16912460167620436,-0.595092777301473,-0.4437177910026999,1.0455538875075825,-0.8356850873489315,-0.8260561574345483,1.2926485102069203,-0.5219763303717839,0.9592303622513327,0.8199029227143817
-0.16912460167620436,-0.595092777301473,-0.44723900199762523,1.294471582847927,-0.8356850873489315,-0.8260561574345483,-0.7736055022721724,-0.41479433234883034,-1.0425024471212316,-1.2196565865253737
-0.16912460167620436,-0.595092777301473,-0.40515214677256517,0.5477184968268938,-0.8356850873489315,-0.8260561574345483,-0.7736055022721724,-0.47910353116260246,0.9592303622513327,-1.2196565865253737
-0.06093332629480444,-0.3018858511576648,-0.38687538494176216,0.049883106146205045,1.1966230044529447,-0.8260561574345483,1.2926485102069203,-0.45766713155801175,0.9592303622513327,0.8199029227143817
-0.6018897032018039,-0.3018858511576648,-0.4406996101499068,1.294471582847927,1.1966230044529447,-0.8260561574345483,1.2926485102069203,-0.41479433234883034,-1.0425024471212316,-1.2196565865253737
-0.547794065511104,-0.3018858511576648,-0.4129491139756141,-0.4479522845344837,-0.8356850873489315,-0.8260561574345483,1.2926485102069203,-0.3719215331396489,0.9592303622513327,-1.2196565865253737
-0.6018897032018039,-0.3018858511576648,-0.4502571828504184,0.2988008014865494,1.1966230044529447,1.2105714496526023,-0.7736055022721724,-0.35048513353505817,-1.0425024471212316,-1.2196565865253737
-0.27731587705760424,-0.3018858511576648,-0.4170571934696937,0.7966361921672381,1.1966230044529447,1.2105714496526023,-0.7736055022721724,-0.41479433234883034,-1.0425024471212316,-1.2196565865253737
-0.2232202393669043,-0.3018858511576648,-0.40305618784701436,0.5477184968268938,1.1966230044529447,-0.8260561574345483,-0.7736055022721724,-0.3933579327442396,0.9592303622513327,-1.2196565865253737
-0.6018897032018039,-0.595092777301473,-0.430890522378329,0.5477184968268938,1.1966230044529447,1.2105714496526023,1.2926485102069203,-0.43623073195342105,-1.0425024471212316,0.8199029227143817
-0.6559853408925039,-0.595092777301473,-0.4586410185526216,-0.4479522845344837,1.1966230044529447,-0.8260561574345483,1.2926485102069203,-0.35048513353505817,-1.0425024471212316,-1.2196565865253737
-0.7100809785832038,-0.3018858511576648,-0.4343278950162323,1.0455538875075825,1.1966230044529447,-0.8260561574345483,-0.7736055022721724,-0.45766713155801175,0.9592303622513327,0.8199029227143817
-0.7100809785832038,-0.595092777301473,-0.38612083972856387,1.0455538875075825,-0.8356850873489315,-0.8260561574345483,-0.7736055022721724,-0.41479433234883034,-1.0425024471212316,0.8199029227143817
-0.6559853408925039,-0.3018858511576648,-0.43365718816005605,1.0455538875075825,1.1966230044529447,-0.8260561574345483,1.2926485102069203,-0.43623073195342105,-1.0425024471212316,0.8199029227143817
-0.38550715243900413,-0.595092777301473,-0.3882167986541147,0.7966361921672381,1.1966230044529447,1.2105714496526023,1.2926485102069203,-0.5219763303717839,0.9592303622513327,-1.2196565865253737
-0.7641766162739038,-0.3018858511576648,-0.4580541500534674,-0.19903458919413933,-0.8356850873489315,1.2105714496526023,-0.7736055022721724,-0.43623073195342105,-1.0425024471212316,-1.2196565865253737
-0.06093332629480444,-0.3018858511576648,-0.4499218294223303,-0.4479522845344837,-0.8356850873489315,1.2105714496526023,1.2926485102069203,-0.43623073195342105,-1.0425024471212316,-1.2196565865253737
-0.38550715243900413,-0.595092777301473,-0.420494566107597,0.7966361921672381,-0.8356850873489315,1.2105714496526023,-0.7736055022721724,-0.35048513353505817,0.9592303622513327,-1.2196565865253737
-0.8182722539646038,-0.595092777301473,-0.41278143726157007,1.294471582847927,-0.8356850873489315,-0.8260561574345483,-0.7736055022721724,-0.5219763303717839,-1.0425024471212316,0.8199029227143817
-0.1150289639855044,-0.3018858511576648,-0.4531076869891675,-0.4479522845344837,1.1966230044529447,1.2105714496526023,1.2926485102069203,-0.43623073195342105,-1.0425024471212316,0.8199029227143817
-0.06093332629480444,-0.3018858511576648,-0.39727134121249413,0.5477184968268938,1.1966230044529447,-0.8260561574345483,1.2926485102069203,-0.3933579327442396,0.9592303622513327,0.8199029227143817
-0.06093332629480444,-0.595092777301473,-0.47322889267445517,0.2988008014865494,1.1966230044529447,-0.8260561574345483,1.2926485102069203,-0.41479433234883034,-1.0425024471212316,-1.2196565865253737
-0.8182722539646038,-0.595092777301473,-0.4387713279384,-0.4479522845344837,1.1966230044529447,1.2105714496526023,-0.7736055022721724,-0.41479433234883034,-1.0425024471212316,0.8199029227143817
-0.6018897032018039,-0.3018858511576648,-0.46232990626159104,-0.19903458919413933,-0.8356850873489315,-0.8260561574345483,1.2926485102069203,-0.3933579327442396,0.9592303622513327,0.8199029227143817
-0.547794065511104,-0.595092777301473,-0.4116077002632616,0.049883106146205045,1.1966230044529447,1.2105714496526023,1.2926485102069203,-0.41479433234883034,0.9592303622513327,0.8199029227143817
-0.547794065511104,-0.3018858511576648,-0.45461677741556406,1.294471582847927,1.1966230044529447,1.2105714496526023,-0.7736055022721724,-0.43623073195342105,-1.0425024471212316,-1.2196565865253737
-0.7100809785832038,-0.3018858511576648,-0.4322319360906815,0.7966361921672381,-0.8356850873489315,1.2105714496526023,-0.7736055022721724,-0.43623073195342105,-1.0425024471212316,0.8199029227143817
-0.4936984278204041,-0.3018858511576648,-0.3940016452886349,1.294471582847927,1.1966230044529447,1.2105714496526023,1.2926485102069203,-0.35048513353505817,0.9592303622513327,0.8199029227143817
-0.38550715243900413,-0.3018858511576648,-0.4750733365289399,1.294471582847927,1.1966230044529447,1.2105714496526023,-0.7736055022721724,-0.3719215331396489,-1.0425024471212316,-1.2196565865253737
-0.27731587705760424,-0.595092777301473,-0.41504507290116494,-0.4479522845344837,1.1966230044529447,-0.8260561574345483,-0.7736055022721724,-0.45766713155801175,-1.0425024471212316,0.8199029227143817
-0.2232202393669043,-0.595092777301473,-0.433573349803034,-0.4479522845344837,1.1966230044529447,1.2105714496526023,-0.7736055022721724,-0.45766713155801175,-1.0425024471212316,-1.2196565865253737
-0.3314115147483042,-0.595092777301473,-0.410098609836865,-0.19903458919413933,-0.8356850873489315,1.2105714496526023,1.2926485102069203,-0.43623073195342105,0.9592303622513327,0.8199029227143817
-0.4396027901297041,-0.595092777301473,-0.43935819643755425,0.2988008014865494,-0.8356850873489315,-0.8260561574345483,1.2926485102069203,-0.47910353116260246,-1.0425024471212316,-1.2196565865253737
-0.547794065511104,-0.595092777301473,-0.4630844514747893,-0.4479522845344837,-0.8356850873489315,1.2105714496526023,-0.7736055022721724,-0.3719215331396489,-1.0425024471212316,-1.2196565865253737
-0.2232202393669043,-0.595092777301473,-0.39903194670995684,-0.4479522845344837,-0.8356850873489315,1.2105714496526023,-0.7736055022721724,-0.3933579327442396,0.9592303622513327,-1.2196565865253737
-0.4396027901297041,-0.595092777301473,-0.40305618784701436,0.2988008014865494,-0.8356850873489315,-0.8260561574345483,-0.7736055022721724,-0.43623073195342105,0.9592303622513327,0.8199029227143817
-0.2232202393669043,-0.3018858511576648,-0.41278143726157007,-0.19903458919413933,1.1966230044529447,-0.8260561574345483,1.2926485102069203,-0.47910353116260246,0.9592303622513327,0.8199029227143817
-0.6018897032018039,-0.595092777301473,-0.42871072509575614,0.7966361921672381,1.1966230044529447,1.2105714496526023,-0.7736055022721724,-0.43623073195342105,-1.0425024471212316,-1.2196565865253737
-0.4396027901297041,-0.595092777301473,-0.43491476351538655,1.294471582847927,-0.8356850873489315,-0.8260561574345483,-0.7736055022721724,-0.47910353116260246,-1.0425024471212316,-1.2196565865253737
-0.3314115147483042,-0.3018858511576648,-0.4008763905644415,0.7966361921672381,-0.8356850873489315,1.2105714496526023,1.2926485102069203,-0.43623073195342105,0.9592303622513327,-1.2196565865253737
-0.2232202393669043,-0.595092777301473,-0.46719253096886887,-0.4479522845344837,-0.8356850873489315,-0.8260561574345483,-0.7736055022721724,-0.5219763303717839,-1.0425024471212316,-1.2196565865253737
-0.6559853408925039,-0.595092777301473,-0.38997740415157733,0.2988008014865494,1.1966230044529447,1.2105714496526023,1.2926485102069203,-0.41479433234883034,-1.0425024471212316,-1.2196565865253737
-0.3314115147483042,-0.3018858511576648,-0.3914864945779739,-0.4479522845344837,-0.8356850873489315,1.2105714496526023,1.2926485102069203,-0.45766713155801175,-1.0425024471212316,-1.2196565865253737
-0.4396027901297041,-0.595092777301473,-0.44178950879119316,1.0455538875075825,1.1966230044529447,1.2105714496526023,1.2926485102069203,-0.45766713155801175,-1.0425024471212316,-1.2196565865253737
-0.3314115147483042,-0.595092777301473,-0.46191071447648085,0.049883106146205045,1.1966230044529447,-0.8260561574345483,-0.7736055022721724,-0.3719215331396489,0.9592303622513327,-1.2196565865253737
-0.2232202393669043,-0.595092777301473,-0.4332379963749459,0.7966361921672381,1.1966230044529447,1.2105714496526023,-0.7736055022721724,-0.5005399307671932,0.9592303622513327,-1.2196565865253737
-0.7641766162739038,-0.3018858511576648,-0.4496703143512642,1.0455538875075825,1.1966230044529447,-0.8260561574345483,1.2926485102069203,-0.45766713155801175,-1.0425024471212316,-1.2196565865253737
-0.2232202393669043,-0.595092777301473,-0.41194305369134976,0.5477184968268938,-0.8356850873489315,1.2105714496526023,-0.7736055022721724,-0.5005399307671932,0.9592303622513327,-1.2196565865253737
-0.2232202393669043,-0.595092777301473,-0.4188177989671564,0.049883106146205045,1.1966230044529447,1.2105714496526023,1.2926485102069203,-0.5219763303717839,-1.0425024471212316,-1.2196565865253737
-0.6018897032018039,-0.3018858511576648,-0.4359208237996509,-0.4479522845344837,1.1966230044529447,1.2105714496526023,-0.7736055022721724,-0.47910353116260246,-1.0425024471212316,0.8199029227143817
-0.38550715243900413,-0.595092777301473,-0.4697915200365519,-0.19903458919413933,-0.8356850873489315,1.2105714496526023,1.2926485102069203,-0.3719215331396489,0.9592303622513327,-1.2196565865253737
-0.6559853408925039,-0.3018858511576648,-0.42711779631233754,0.7966361921672381,1.1966230044529447,1.2105714496526023,1.2926485102069203,-0.41479433234883034,0.9592303622513327,0.8199029227143817
-0.27731587705760424,-0.3018858511576648,-0.4539460705593878,0.5477184968268938,1.1966230044529447,-0.8260561574345483,-0.7736055022721724,-0.3933579327442396,-1.0425024471212316,0.8199029227143817
-0.547794065511104,-0.595092777301473,-0.45537132262876234,0.049883106146205045,1.1966230044529447,-0.8260561574345483,-0.7736055022721724,-0.5005399307671932,-1.0425024471212316,0.8199029227143817
-0.06093332629480444,-0.3018858511576648,-0.42887840180980025,0.7966361921672381,-0.8356850873489315,-0.8260561574345483,-0.7736055022721724,-0.41479433234883034,-1.0425024471212316,-1.2196565865253737
-0.8182722539646038,-0.3018858511576648,-0.38368952737492495,0.2988008014865494,1.1966230044529447,1.2105714496526023,-0.7736055022721724,-0.3719215331396489,-1.0425024471212316,0.8199029227143817
-0.38550715243900413,-0.595092777301473,-0.4612400076203046,-0.19903458919413933,1.1966230044529447,1.2105714496526023,1.2926485102069203,-0.3719215331396489,0.9592303622513327,-1.2196565865253737
-0.8182722539646038,-0.3018858511576648,-0.46677333918375874,0.049883106146205045,-0.8356850873489315,-0.8260561574345483,1.2926485102069203,-0.45766713155801175,0.9592303622513327,0.8199029227143817
-0.6018897032018039,-0.3018858511576648,-0.46056930076412833,0.2988008014865494,-0.8356850873489315,1.2105714496526023,-0.7736055022721724,-0.41479433234883034,-1.0425024471212316,-1.2196565865253737
-0.6559853408925039,-0.595092777301473,-0.45981475555093004,1.0455538875075825,1.1966230044529447,1.2105714496526023,-0.7736055022721724,-0.43623073195342105,-1.0425024471212316,-1.2196565865253737
-0.16912460167620436,-0.595092777301473,-0.47046222689272815,-0.4479522845344837,1.1966230044529447,1.2105714496526023,1.2926485102069203,-0.35048513353505817,0.9592303622513327,0.8199029227143817
-0.2232202393669043,-0.595092777301473,-0.3951753822869433,0.2988008014865494,-0.8356850873489315,-0.8260561574345483,-0.7736055022721724,-0.3719215331396489,-1.0425024471212316,0.8199029227143817
-0.16912460167620436,-0.3018858511576648,-0.40347537963212454,0.049883106146205045,1.1966230044529447,-0.8260561574345483,-0.7736055022721724,-0.5005399307671932,0.9592303622513327,-1.2196565865253737
-0.16912460167620436,-0.595092777301473,-0.44497536635803037,1.294471582847927,-0.8356850873489315,-0.8260561574345483,-0.7736055022721724,-0.3933579327442396,-1.0425024471212316,0.8199029227143817
-0.1150289639855044,-0.3018858511576648,-0.40456527827341093,0.049883106146205045,1.1966230044529447,-0.8260561574345483,-0.7736055022721724,-0.3933579327442396,0.9592303622513327,-1.2196565865253737
-0.7100809785832038,-0.3018858511576648,-0.47230667074721283,1.294471582847927,-0.8356850873489315,-0.8260561574345483,1.2926485102069203,-0.5219763303717839,-1.0425024471212316,-1.2196565865253737
-0.16912460167620436,-0.3018858511576648,-0.4349986018724086,1.0455538875075825,1.1966230044529447,1.2105714496526023,1.2926485102069203,-0.5219763303717839,-1.0425024471212316,-1.2196565865253737
-0.547794065511104,-0.3018858511576648,-0.4693723282514417,-0.4479522845344837,-0.8356850873489315,1.2105714496526023,-0.7736055022721724,-0.45766713155801175,-1.0425024471212316,0.8199029227143817
-0.7641766162739038,-0.3018858511576648,-0.40666123719896174,1.294471582847927,-0.8356850873489315,1.2105714496526023,1.2926485102069203,-0.43623073195342105,0.9592303622513327,-1.2196565865253737
-0.7100809785832038,-0.3018858511576648,-0.4194046674663106,1.294471582847927,-0.8356850873489315,1.2105714496526023,-0.7736055022721724,-0.45766713155801175,0.9592303622513327,-1.2196565865253737
-0.6018897032018039,-0.3018858511576648,-0.41714103182671575,0.2988008014865494,-0.8356850873489315,-0.8260561574345483,-0.7736055022721724,-0.3933579327442396,-1.0425024471212316,-1.2196565865253737
-0.06093332629480444,-0.595092777301473,-0.41227840711943786,0.2988008014865494,-0.8356850873489315,-0.8260561574345483,-0.7736055022721724,-0.47910353116260246,-1.0425024471212316,-1.2196565865253737
-0.38550715243900413,-0.595092777301473,-0.4148773961871209,-0.4479522845344837,1.1966230044529447,1.2105714496526023,1.2926485102069203,-0.3933579327442396,-1.0425024471212316,0.8199029227143817
-0.7641766162739038,-0.3018858511576648,-0.3983612398537806,0.2988008014865494,1.1966230044529447,-0.8260561574345483,1.2926485102069203,-0.3719215331396489,-1.0425024471212316,0.8199029227143817
-0.3314115147483042,-0.3018858511576648,-0.4002895220652873,0.7966361921672381,-0.8356850873489315,1.2105714496526023,1.2926485102069203,-0.41479433234883034,0.9592303622513327,0.8199029227143817
-0.4396027901297041,-0.595092777301473,-0.40137942070657373,-0.4479522845344837,1.1966230044529447,1.2105714496526023,1.2926485102069203,-0.41479433234883034,0.9592303622513327,0.8199029227143817
-0.1150289639855044,-0.3018858511576648,-0.3926602315762824,-0.19903458919413933,1.1966230044529447,1.2105714496526023,1.2926485102069203,-0.3719215331396489,0.9592303622513327,-1.2196565865253737
-0.7641766162739038,-0.595092777301473,-0.44749051706869136,1.294471582847927,1.1966230044529447,1.2105714496526023,-0.7736055022721724,-0.3719215331396489,-1.0425024471212316,-1.2196565865253737
-0.27731587705760424,-0.595092777301473,-0.459730917193908,0.049883106146205045,1.1966230044529447,-0.8260561574345483,-0.7736055022721724,-0.3933579327442396,-1.0425024471212316,-1.2196565865253737
-0.16912460167620436,-0.595092777301473,-0.45218546506192514,-0.19903458919413933,1.1966230044529447,1.2105714496526023,1.2926485102069203,-0.41479433234883034,0.9592303622513327,-1.2196565865253737
-0.6018897032018039,-0.3018858511576648,-0.4432147608605677,1.294471582847927,1.1966230044529447,-0.8260561574345483,1.2926485102069203,-0.41479433234883034,-1.0425024471212316,-1.2196565865253737
-0.4936984278204041,-0.3018858511576648,-0.39207336307712815,0.7966361921672381,-0.8356850873489315,1.2105714496526023,1.2926485102069203,-0.41479433234883034,0.9592303622513327,-1.2196565865253737
-0.4396027901297041,-0.595092777301473,-0.4318965826625934,1.294471582847927,1.1966230044529447,1.2105714496526023,-0.7736055022721724,-0.3719215331396489,0.9592303622513327,0.8199029227143817
-0.8182722539646038,-0.595092777301473,-0.4206622428216411,1.294471582847927,1.1966230044529447,1.2105714496526023,1.2926485102069203,-0.5219763303717839,0.9592303622513327,-1.2196565865253737
-0.547794065511104,-0.595092777301473,-0.41588345647138525,1.294471582847927,1.1966230044529447,1.2105714496526023,-0.7736055022721724,-0.43623073195342105,0.9592303622513327,-1.2196565865253737
-0.8182722539646038,-0.595092777301473,-0.4012117439925297,1.0455538875075825,-0.8356850873489315,-0.8260561574345483,-0.7736055022721724,-0.47910353116260246,-1.0425024471212316,-1.2196565865253737
-0.7641766162739038,-0.595092777301473,-0.4380167827252017,0.7966361921672381,1.1966230044529447,1.2105714496526023,1.2926485102069203,-0.3719215331396489,0.9592303622513327,0.8199029227143817
-0.06093332629480444,-0.3018858511576648,-0.4400289032937305,0.5477184968268938,1.1966230044529447,-0.8260561574345483,-0.7736055022721724,-0.41479433234883034,-1.0425024471212316,-1.2196565865253737
-0.8182722539646038,-0.595092777301473,-0.3882167986541147,0.5477184968268938,1.1966230044529447,1.2105714496526023,-0.7736055022721724,-0.5005399307671932,0.9592303622513327,-1.2196565865253737
-0.27731587705760424,-0.3018858511576648,-0.4018824508487059,0.5477184968268938,-0.8356850873489315,1.2105714496526023,1.2926485102069203,-0.3933579327442396,0.9592303622513327,-1.2196565865253737
-0.6018897032018039,-0.595092777301473,-0.4496703143512642,-0.4479522845344837,1.1966230044529447,1.2105714496526023,-0.7736055022721724,-0.3933579327442396,0.9592303622513327,0.8199029227143817
-0.3314115147483042,-0.3018858511576648,-0.4054875002006533,0.2988008014865494,-0.8356850873489315,-0.8260561574345483,1.2926485102069203,-0.43623073195342105,0.9592303622513327,-1.2196565865253737
-0.06093332629480444,-0.3018858511576648,-0.43239961280472555,0.7966361921672381,1.1966230044529447,1.2105714496526023,-0.7736055022721724,-0.3719215331396489,-1.0425024471212316,-1.2196565865253737
-0.38550715243900413,-0.3018858511576648,-0.4444723362158982,-0.19903458919413933,-0.8356850873489315,1.2105714496526023,1.2926485102069203,-0.43623073195342105,-1.0425024471212316,0.8199029227143817
-0.547794065511104,-0.3018858511576648,-0.43810062108222375,1.0455538875075825,-0.8356850873489315,1.2105714496526023,1.2926485102069203,-0.5219763303717839,-1.0425024471212316,-1.2196565865253737
-0.27731587705760424,-0.3018858511576648,-0.3908157877217977,-0.19903458919413933,-0.8356850873489315,1.2105714496526023,-0.7736055022721724,-0.35048513353505817,-1.0425024471212316,0.8199029227143817
-0.27731587705760424,-0.3018858511576648,-0.42602789767105115,-0.19903458919413933,1.1966230044529447,1.2105714496526023,1.2926485102069203,-0.45766713155801175,0.9592303622513327,-1.2196565865253737
-0.8182722539646038,-0.595092777301473,-0.4339925415881442,-0.19903458919413933,-0.8356850873489315,-0.8260561574345483,-0.7736055022721724,-0.5005399307671932,-1.0425024471212316,0.8199029227143817
-0.16912460167620436,-0.3018858511576648,-0.43701072244093736,1.0455538875075825,-0.8356850873489315,-0.8260561574345483,-0.7736055022721724,-0.45766713155801175,-1.0425024471212316,-1.2196565865253737
-0.8182722539646038,-0.595092777301473,-0.4664379857556706,0.5477184968268938,-0.8356850873489315,1.2105714496526023,1.2926485102069203,-0.35048513353505817,0.9592303622513327,-1.2196565865253737
-0.7641766162739038,-0.3018858511576648,-0.389055182224335,-0.19903458919413933,-0.8356850873489315,1.2105714496526023,-0.7736055022721724,-0.5005399307671932,-1.0425024471212316,0.8199029227143817
-0.38550715243900413,-0.3018858511576648,-0.4481612239248676,1.0455538875075825,1.1966230044529447,-0.8260561574345483,1.2926485102069203,-0.45766713155801175,-1.0425024471212316,-1.2196565865253737
-0.7100809785832038,-0.595092777301473,-0.4641743501160757,1.0455538875075825,1.1966230044529447,1.2105714496526023,-0.7736055022721724,-0.5005399307671932,-1.0425024471212316,-1.2196565865253737
-0.06093332629480444,-0.3018858511576648,-0.4002895220652873,0.2988008014865494,1.1966230044529447,-0.8260561574345483,-0.7736055022721724,-0.43623073195342105,-1.0425024471212316,0.8199029227143817
-0.8182722539646038,-0.595092777301473,-0.43256728951876966,1.0455538875075825,1.1966230044529447,1.2105714496526023,1.2926485102069203,-0.47910353116260246,0.9592303622513327,-1.2196565865253737
-0.6018897032018039,-0.595092777301473,-0.428207694953624,0.5477184968268938,-0.8356850873489315,1.2105714496526023,-0.7736055022721724,-0.5005399307671932,0.9592303622513327,0.8199029227143817
-0.4936984278204041,-0.595092777301473,-0.4049844700585211,-0.19903458919413933,1.1966230044529447,-0.8260561574345483,-0.7736055022721724,-0.35048513353505817,-1.0425024471212316,-1.2196565865253737
-0.547794065511104,-0.595092777301473,-0.3842763958740792,1.0455538875075825,-0.8356850873489315,1.2105714496526023,-0.7736055022721724,-0.43623073195342105,0.9592303622513327,0.8199029227143817
-0.2232202393669043,-0.3018858511576648,-0.46601879397056045,-0.4479522845344837,1.1966230044529447,-0.8260561574345483,-0.7736055022721724,-0.43623073195342105,-1.0425024471212316,-1.2196565865253737
-0.8182722539646038,-0.3018858511576648,-0.40146325906359576,1.0455538875075825,1.1966230044529447,-0.8260561574345483,-0.7736055022721724,-0.5219763303717839,-1.0425024471212316,-1.2196565865253737
-0.6018897032018039,-0.595092777301473,-0.3851147794442995,0.049883106146205045,1.1966230044529447,-0.8260561574345483,-0.7736055022721724,-0.41479433234883034,-1.0425024471212316,0.8199029227143817
-0.06093332629480444,-0.3018858511576648,-0.38729457672687234,0.049883106146205045,-0.8356850873489315,1.2105714496526023,-0.7736055022721724,-0.3933579327442396,0.9592303622513327,-1.2196565865253737
-0.6018897032018039,-0.3018858511576648,-0.4717198022480586,0.049883106146205045,1.1966230044529447,-0.8260561574345483,-0.7736055022721724,-0.5219763303717839,0.9592303622513327,0.8199029227143817
-0.547794065511104,-0.595092777301473,-0.4743187913157416,1.0455538875075825,1.1966230044529447,-0.8260561574345483,1.2926485102069203,-0.35048513353505817,0.9592303622513327,0.8199029227143817
-0.7100809785832038,-0.3018858511576648,-0.41504507290116494,0.5477184968268938,1.1966230044529447,1.2105714496526023,-0.7736055022721724,-0.3719215331396489,0.9592303622513327,0.8199029227143817
-0.6018897032018039,-0.595092777301473,-0.4593955637658199,-0.19903458919413933,-0.8356850873489315,1.2105714496526023,-0.7736055022721724,-0.3719215331396489,0.9592303622513327,-1.2196565865253737
-0.4936984278204041,-0.595092777301473,-0.4290460785238443,0.7966361921672381,1.1966230044529447,1.2105714496526023,1.2926485102069203,-0.3933579327442396,0.9592303622513327,-1.2196565865253737
-0.6018897032018039,-0.3018858511576648,-0.4380167827252017,0.7966361921672381,1.1966230044529447,1.2105714496526023,1.2926485102069203,-0.43623073195342105,-1.0425024471212316,-1.2196565865253737
-0.6018897032018039,-0.3018858511576648,-0.45168243491979293,0.7966361921672381,-0.8356850873489315,1.2105714496526023,1.2926485102069203,-0.47910353116260246,0.9592303622513327,0.8199029227143817
-0.6018897032018039,-0.3018858511576648,-0.4431309225035457,0.5477184968268938,-0.8356850873489315,1.2105714496526023,-0.7736055022721724,-0.35048513353505817,-1.0425024471212316,0.8199029227143817
-0.3314115147483042,-0.595092777301473,-0.45788647333942334,0.2988008014865494,1.1966230044529447,-0.8260561574345483,1.2926485102069203,-0.3933579327442396,-1.0425024471212316,0.8199029227143817
-0.3314115147483042,-0.595092777301473,-0.45788647333942334,1.294471582847927,1.1966230044529447,1.2105714496526023,1.2926485102069203,-0.3719215331396489,0.9592303622513327,-1.2196565865253737
-0.7100809785832038,-0.3018858511576648,-0.4651804104003401,-0.4479522845344837,1.1966230044529447,-0.8260561574345483,-0.7736055022721724,-0.41479433234883034,-1.0425024471212316,0.8199029227143817
-0.8182722539646038,-0.3018858511576648,-0.41219456876241584,-0.4479522845344837,-0.8356850873489315,1.2105714496526023,-0.7736055022721724,-0.43623073195342105,-1.0425024471212316,-1.2196565865253737
-0.6018897032018039,-0.3018858511576648,-0.44204102386225924,0.049883106146205045,-0.8356850873489315,-0.8260561574345483,1.2926485102069203,-0.3719215331396489,-1.0425024471212316,-1.2196565865253737
-0.1150289639855044,-0.3018858511576648,-0.38762993015496044,0.049883106146205045,-0.8356850873489315,-0.8260561574345483,1.2926485102069203,-0.47910353116260246,0.9592303622513327,-1.2196565865253737
-0.38550715243900413,-0.595092777301473,-0.4475743554257134,1.0455538875075825,1.1966230044529447,1.2105714496526023,-0.7736055022721724,-0.3933579327442396,0.9592303622513327,-1.2196565865253737
-0.1150289639855044,-0.3018858511576648,-0.40624204541385156,0.7966361921672381,-0.8356850873489315,1.2105714496526023,-0.7736055022721724,-0.5005399307671932,-1.0425024471212316,-1.2196565865253737
-0.8182722539646038,-0.595092777301473,-0.4160511331854293,1.0455538875075825,1.1966230044529447,-0.8260561574345483,-0.7736055022721724,-0.47910353116260246,0.9592303622513327,-1.2196565865253737
-0.7100809785832038,-0.595092777301473,-0.44564607321420663,1.294471582847927,-0.8356850873489315,1.2105714496526023,-0.7736055022721724,-0.5005399307671932,-1.0425024471212316,-1.2196565865253737
-0.16912460167620436,-0.3018858511576648,-0.428207694953624,0.7966361921672381,-0.8356850873489315,1.2105714496526023,-0.7736055022721724,-0.43623073195342105,0.9592303622513327,-1.2196565865253737
-0.16912460167620436,-0.3018858511576648,-0.4576349582683572,0.049883106146205045,-0.8356850873489315,-0.8260561574345483,1.2926485102069203,-0.3933579327442396,-1.0425024471212316,0.8199029227143817
-0.6559853408925039,-0.3018858511576648,-0.45897637198070973,-0.19903458919413933,1.1966230044529447,-0.8260561574345483,-0.7736055022721724,-0.5219763303717839,-1.0425024471212316,-1.2196565865253737
-0.1150289639855044,-0.595092777301473,-0.47448646802978567,0.2988008014865494,1.1966230044529447,-0.8260561574345483,-0.7736055022721724,-0.35048513353505817,0.9592303622513327,-1.2196565865253737
-0.8182722539646038,-0.3018858511576648,-0.4489157691380659,1.0455538875075825,1.1966230044529447,1.2105714496526023,-0.7736055022721724,-0.5219763303717839,0.9592303622513327,0.8199029227143817
-0.8182722539646038,-0.3018858511576648,-0.43248345116174763,0.2988008014865494,1.1966230044529447,1.2105714496526023,-0.7736055022721724,-0.5219763303717839,0.9592303622513327,0.8199029227143817
-0.4396027901297041,-0.595092777301473,-0.4188177989671564,0.2988008014865494,-0.8356850873489315,1.2105714496526023,-0.7736055022721724,-0.3719215331396489,0.9592303622513327,0.8199029227143817
-0.7641766162739038,-0.3018858511576648,-0.4402804183647966,0.2988008014865494,1.1966230044529447,1.2105714496526023,1.2926485102069203,-0.41479433234883034,0.9592303622513327,0.8199029227143817
-0.2232202393669043,-0.595092777301473,-0.39048043429370954,0.049883106146205045,-0.8356850873489315,-0.8260561574345483,-0.7736055022721724,-0.41479433234883034,-1.0425024471212316,-1.2196565865253737
-0.06093332629480444,-0.3018858511576648,-0.4434662759316338,-0.4479522845344837,1.1966230044529447,1.2105714496526023,1.2926485102069203,-0.35048513353505817,-1.0425024471212316,0.8199029227143817
-0.4396027901297041,-0.595092777301473,-0.41068547833601926,0.049883106146205045,1.1966230044529447,-0.8260561574345483,-0.7736055022721724,-0.45766713155801175,-1.0425024471212316,0.8199029227143817
-0.4936984278204041,-0.3018858511576648,-0.4676955611110011,0.2988008014865494,-0.8356850873489315,1.2105714496526023,1.2926485102069203,-0.3719215331396489,0.9592303622513327,0.8199029227143817
-0.3314115147483042,-0.3018858511576648,-0.4584733418385775,0.049883106146205045,-0.8356850873489315,1.2105714496526023,1.2926485102069203,-0.45766713155801175,0.9592303622513327,0.8199029227143817
-0.3314115147483042,-0.595092777301473,-0.42678244288424944,0.2988008014865494,1.1966230044529447,-0.8260561574345483,-0.7736055022721724,-0.5005399307671932,-1.0425024471212316,-1.2196565865253737
-0.7641766162739038,-0.595092777301473,-0.4619945528335029,0.5477184968268938,1.1966230044529447,1.2105714496526023,-0.7736055022721724,-0.3719215331396489,-1.0425024471212316,0.8199029227143817
-0.547794065511104,-0.3018858511576648,-0.4740672762446755,0.7966361921672381,-0.8356850873489315,1.2105714496526023,-0.7736055022721724,-0.3933579327442396,-1.0425024471212316,0.8199029227143817
-0.547794065511104,-0.595092777301473,-0.46300061311776725,-0.4479522845344837,-0.8356850873489315,-0.8260561574345483,-0.7736055022721724,-0.45766713155801175,-1.0425024471212316,0.8199029227143817
-0.7100809785832038,-0.595092777301473,-0.4575511199113352,0.5477184968268938,-0.8356850873489315,1.2105714496526023,-0.7736055022721724,-0.35048513353505817,0.9592303622513327,0.8199029227143817
-0.27731587705760424,-0.595092777301473,-0.4198238592514208,-0.19903458919413933,-0.8356850873489315,-0.8260561574345483,1.2926485102069203,-0.35048513353505817,-1.0425024471212316,-1.2196565865253737
-0.7641766162739038,-0.595092777301473,-0.45662889798409284,0.049883106146205045,-0.8356850873489315,-0.8260561574345483,-0.7736055022721724,-0.3719215331396489,0.9592303622513327,0.8199029227143817
-0.2232202393669043,-0.3018858511576648,-0.4742349529587196,-0.19903458919413933,1.1966230044529447,-0.8260561574345483,-0.7736055022721724,-0.5219763303717839,-1.0425024471212316,0.8199029227143817
-0.8182722539646038,-0.3018858511576648,-0.4295491086659765,1.0455538875075825,1.1966230044529447,-0.8260561574345483,1.2926485102069203,-0.3933579327442396,0.9592303622513327,0.8199029227143817
-0.547794065511104,-0.595092777301473,-0.39626528092822977,0.049883106146205045,1.1966230044529447,1.2105714496526023,-0.7736055022721724,-0.43623073195342105,0.9592303622513327,-1.2196565865253737
-0.2232202393669043,-0.595092777301473,-0.46350364325989946,1.294471582847927,1.1966230044529447,1.2105714496526023,1.2926485102069203,-0.3933579327442396,0.9592303622513327,0.8199029227143817
-0.6018897032018039,-0.595092777301473,-0.44212486221928127,1.294471582847927,-0.8356850873489315,1.2105714496526023,-0.7736055022721724,-0.35048513353505817,0.9592303622513327,0.8199029227143817
-0.1150289639855044,-0.595092777301473,-0.4259440593140291,0.7966361921672381,-0.8356850873489315,-0.8260561574345483,1.2926485102069203,-0.5005399307671932,-1.0425024471212316,-1.2196565865253737
-0.1150289639855044,-0.3018858511576648,-0.4451430430720745,0.5477184968268938,-0.8356850873489315,1.2105714496526023,-0.7736055022721724,-0.45766713155801175,-1.0425024471212316,0.8199029227143817
-0.27731587705760424,-0.3018858511576648,-0.40867335776749053,0.7966361921672381,1.1966230044529447,1.2105714496526023,1.2926485102069203,-0.45766713155801175,-1.0425024471212316,-1.2196565865253737
-0.38550715243900413,-0.595092777301473,-0.39894810835293476,1.0455538875075825,-0.8356850873489315,1.2105714496526023,1.2926485102069203,-0.5005399307671932,0.9592303622513327,-1.2196565865253737
-0.8182722539646038,-0.595092777301473,-0.4697915200365519,0.2988008014865494,-0.8356850873489315,1.2105714496526023,-0.7736055022721724,-0.47910353116260246,-1.0425024471212316,0.8199029227143817
-0.06093332629480444,-0.595092777301473,-0.4355854703715628,0.7966361921672381,1.1966230044529447,-0.8260561574345483,-0.7736055022721724,-0.3719215331396489,-1.0425024471212316,0.8199029227143817
-0.06093332629480444,-0.3018858511576648,-0.4289622401668223,0.7966361921672381,1.1966230044529447,-0.8260561574345483,-0.7736055022721724,-0.35048513353505817,-1.0425024471212316,-1.2196565865253737
-0.4936984278204041,-0.595092777301473,-0.41345214411774633,1.294471582847927,1.1966230044529447,1.2105714496526023,1.2926485102069203,-0.41479433234883034,0.9592303622513327,-1.2196565865253737
-0.06093332629480444,-0.3018858511576648,-0.467527884396957,0.2988008014865494,-0.8356850873489315,-0.8260561574345483,1.2926485102069203,-0.5005399307671932,0.9592303622513327,0.8199029227143817
-0.6018897032018039,-0.595092777301473,-0.3851147794442995,1.294471582847927,-0.8356850873489315,1.2105714496526023,1.2926485102069203,-0.5005399307671932,0.9592303622513327,-1.2196565865253737
-0.6018897032018039,-0.3018858511576648,-0.43332183473196795,0.049883106146205045,1.1966230044529447,1.2105714496526023,-0.7736055022721724,-0.3933579327442396,-1.0425024471212316,-1.2196565865253737
-0.1150289639855044,-0.595092777301473,-0.45428142398747595,0.2988008014865494,1.1966230044529447,1.2105714496526023,-0.7736055022721724,-0.3719215331396489,-1.0425024471212316,0.8199029227143817
-0.7641766162739038,-0.3018858511576648,-0.44128647864906095,0.5477184968268938,-0.8356850873489315,-0.8260561574345483,1.2926485102069203,-0.3719215331396489,-1.0425024471212316,-1.2196565865253737
-0.27731587705760424,-0.595092777301473,-0.3846117493021673,0.7966361921672381,1.1966230044529447,1.2105714496526023,-0.7736055022721724,-0.41479433234883034,0.9592303622513327,-1.2196565865253737
-0.7100809785832038,-0.595092777301473,-0.42602789767105115,1.294471582847927,-0.8356850873489315,-0.8260561574345483,1.2926485102069203,-0.3719215331396489,-1.0425024471212316,-1.2196565865253737
-0.4936984278204041,-0.595092777301473,-0.4536107171312997,0.2988008014865494,1.1966230044529447,-0.8260561574345483,-0.7736055022721724,-0.5219763303717839,0.9592303622513327,-1.2196565865253737
-0.547794065511104,-0.3018858511576648,-0.4070804289840719,1.0455538875075825,1.1966230044529447,1.2105714496526023,-0.7736055022721724,-0.35048513353505817,0.9592303622513327,-1.2196565865253737
-0.2232202393669043,-0.595092777301473,-0.420410727750575,1.0455538875075825,1.1966230044529447,-0.8260561574345483,1.2926485102069203,-0.5219763303717839,0.9592303622513327,-1.2196565865253737
-0.7641766162739038,-0.3018858511576648,-0.39651679599929585,0.7966361921672381,-0.8356850873489315,-0.8260561574345483,-0.7736055022721724,-0.47910353116260246,0.9592303622513327,0.8199029227143817
-0.547794065511104,-0.3018858511576648,-0.4289622401668223,0.5477184968268938,-0.8356850873489315,1.2105714496526023,-0.7736055022721724,-0.35048513353505817,-1.0425024471212316,-1.2196565865253737
-0.7641766162739038,-0.595092777301473,-0.39903194670995684,-0.19903458919413933,1.1966230044529447,-0.8260561574345483,-0.7736055022721724,-0.43623073195342105,-1.0425024471212316,0.8199029227143817
-0.7641766162739038,-0.595092777301473,-0.4012117439925297,1.294471582847927,-0.8356850873489315,-0.8260561574345483,-0.7736055022721724,-0.35048513353505817,0.9592303622513327,0.8199029227143817
-0.7641766162739038,-0.595092777301473,-0.4031400262040364,0.5477184968268938,1.1966230044529447,1.2105714496526023,-0.7736055022721724,-0.35048513353505817,-1.0425024471212316,0.8199029227143817
-0.1150289639855044,-0.3018858511576648,-0.42477032231572065,-0.4479522845344837,1.1966230044529447,1.2105714496526023,1.2926485102069203,-0.41479433234883034,0.9592303622513327,0.8199029227143817
-0.06093332629480444,-0.595092777301473,-0.44120264029203893,-0.4479522845344837,-0.8356850873489315,-0.8260561574345483,-0.7736055022721724,-0.5219763303717839,-1.0425024471212316,0.8199029227143817
-0.27731587705760424,-0.3018858511576648,-0.4738157611736094,-0.4479522845344837,-0.8356850873489315,1.2105714496526023,1.2926485102069203,-0.3933579327442396,-1.0425024471212316,0.8199029227143817
-0.7100809785832038,-0.3018858511576648,-0.4521016267049031,0.7966361921672381,-0.8356850873489315,1.2105714496526023,-0.7736055022721724,-0.41479433234883034,0.9592303622513327,0.8199029227143817
-0.06093332629480444,-0.595092777301473,-0.40205012756275,1.0455538875075825,-0.8356850873489315,-0.8260561574345483,-0.7736055022721724,-0.35048513353505817,0.9592303622513327,0.8199029227143817
-0.7641766162739038,-0.595092777301473,-0.45067637463552856,0.049883106146205045,1.1966230044529447,-0.8260561574345483,1.2926485102069203,-0.3933579327442396,0.9592303622513327,-1.2196565865253737
-0.6559853408925039,-0.595092777301473,-0.3843602342311012,1.294471582847927,-0.8356850873489315,1.2105714496526023,1.2926485102069203,-0.45766713155801175,0.9592303622513327,0.8199029227143817
-0.38550715243900413,-0.595092777301473,-0.3894743740094452,1.0455538875075825,-0.8356850873489315,-0.8260561574345483,-0.7736055022721724,-0.3933579327442396,-1.0425024471212316,0.8199029227143817
-0.547794065511104,-0.595092777301473,-0.40741578241216003,0.049883106146205045,1.1966230044529447,1.2105714496526023,-0.7736055022721724,-0.5005399307671932,0.9592303622513327,0.8199029227143817
-0.8182722539646038,-0.595092777301473,-0.4689531364663315,0.049883106146205045,1.1966230044529447,1.2105714496526023,1.2926485102069203,-0.41479433234883034,-1.0425024471212316,-1.2196565865253737
-0.4396027901297041,-0.3018858511576648,-0.38394104244599103,1.0455538875075825,1.1966230044529447,-0.8260561574345483,1.2926485102069203,-0.41479433234883034,0.9592303622513327,0.8199029227143817
-0.06093332629480444,-0.3018858511576648,-0.47205515567614675,1.294471582847927,1.1966230044529447,-0.8260561574345483,1.2926485102069203,-0.5005399307671932,-1.0425024471212316,-1.2196565865253737
-0.2232202393669043,-0.3018858511576648,-0.4240996154595444,0.7966361921672381,-0.8356850873489315,1.2105714496526023,1.2926485102069203,-0.45766713155801175,0.9592303622513327,0.8199029227143817
-0.1150289639855044,-0.595092777301473,-0.39810972478271445,0.5477184968268938,-0.8356850873489315,1.2105714496526023,-0.7736055022721724,-0.3719215331396489,-1.0425024471212316,0.8199029227143817
-0.4936984278204041,-0.3018858511576648,-0.4539460705593878,0.049883106146205045,1.1966230044529447,1.2105714496526023,-0.7736055022721724,-0.3719215331396489,-1.0425024471212316,-1.2196565865253737
-0.3314115147483042,-0.3018858511576648,-0.46115616926328257,-0.19903458919413933,1.1966230044529447,1.2105714496526023,-0.7736055022721724,-0.3719215331396489,-1.0425024471212316,0.8199029227143817
-0.7100809785832038,-0.3018858511576648,-0.42082991953568516,1.0455538875075825,-0.8356850873489315,-0.8260561574345483,-0.7736055022721724,-0.3719215331396489,0.9592303622513327,-1.2196565865253737
-0.8182722539646038,-0.3018858511576648,-0.4053198234866092,1.0455538875075825,-0.8356850873489315,1.2105714496526023,-0.7736055022721724,-0.5219763303717839,0.9592303622513327,-1.2196565865253737
-0.6018897032018039,-0.3018858511576648,-0.44489152800100834,-0.4479522845344837,-0.8356850873489315,-0.8260561574345483,1.2926485102069203,-0.5005399307671932,0.9592303622513327,0.8199029227143817
-0.16912460167620436,-0.595092777301473,-0.4713844488199705,0.5477184968268938,-0.8356850873489315,-0.8260561574345483,1.2926485102069203,-0.45766713155801175,0.9592303622513327,0.8199029227143817
-0.6559853408925039,-0.595092777301473,-0.4180632537539581,-0.4479522845344837,-0.8356850873489315,1.2105714496526023,1.2926485102069203,-0.35048513353505817,-1.0425024471212316,-1.2196565865253737
-0.3314115147483042,-0.3018858511576648,-0.4451430430720745,1.0455538875075825,1.1966230044529447,-0.8260561574345483,-0.7736055022721724,-0.47910353116260246,-1.0425024471212316,-1.2196565865253737
-0.4396027901297041,-0.3018858511576648,-0.42191981817697155,1.0455538875075825,1.1966230044529447,-0.8260561574345483,1.2926485102069203,-0.41479433234883034,-1.0425024471212316,0.8199029227143817
-0.8182722539646038,-0.3018858511576648,-0.44413698278781005,0.049883106146205045,1.1966230044529447,1.2105714496526023,-0.7736055022721724,-0.3933579327442396,0.9592303622513327,0.8199029227143817
-0.3314115147483042,-0.595092777301473,-0.4697915200365519,0.5477184968268938,1.1966230044529447,-0.8260561574345483,-0.7736055022721724,-0.3719215331396489,-1.0425024471212316,0.8199029227143817
-0.8182722539646038,-0.595092777301473,-0.3991996234240009,0.2988008014865494,-0.8356850873489315,-0.8260561574345483,-0.7736055022721724,-0.3933579327442396,-1.0425024471212316,-1.2196565865253737
-0.2232202393669043,-0.3018858511576648,-0.40381073306021265,-0.19903458919413933,1.1966230044529447,1.2105714496526023,1.2926485102069203,-0.47910353116260246,0.9592303622513327,0.8199029227143817
-0.6559853408925039,-0.595092777301473,-0.47230667074721283,1.294471582847927,-0.8356850873489315,1.2105714496526023,-0.7736055022721724,-0.41479433234883034,0.9592303622513327,-1.2196565865253737
-0.4396027901297041,-0.595092777301473,-0.4443046595018541,0.049883106146205045,-0.8356850873489315,1.2105714496526023,-0.7736055022721724,-0.43623073195342105,-1.0425024471212316,0.8199029227143817
-0.6018897032018039,-0.3018858511576648,-0.3866238698706961,1.0455538875075825,-0.8356850873489315,1.2105714496526023,1.2926485102069203,-0.45766713155801175,0.9592303622513327,-1.2196565865253737
-0.7641766162739038,-0.595092777301473,-0.4616591994054148,1.294471582847927,-0.8356850873489315,1.2105714496526023,-0.7736055022721724,-0.5219763303717839,0.9592303622513327,-1.2196565865253737
-0.547794065511104,-0.595092777301473,-0.4581379884104894,0.049883106146205045,-0.8356850873489315,1.2105714496526023,1.2926485102069203,-0.3933579327442396,0.9592303622513327,0.8199029227143817
-0.6018897032018039,-0.3018858511576648,-0.47264202417530093,-0.19903458919413933,-0.8356850873489315,1.2105714496526023,-0.7736055022721724,-0.3719215331396489,0.9592303622513327,-1.2196565865253737
-0.7641766162739038,-0.595092777301473,-0.44497536635803037,1.0455538875075825,-0.8356850873489315,-0.8260561574345483,1.2926485102069203,-0.5005399307671932,-1.0425024471212316,-1.2196565865253737
-0.16912460167620436,-0.595092777301473,-0.41244608383348197,-0.19903458919413933,1.1966230044529447,-0.8260561574345483,-0.7736055022721724,-0.3933579327442396,-1.0425024471212316,-1.2196565865253737
-0.1150289639855044,-0.3018858511576648,-0.4632521281888334,1.294471582847927,-0.8356850873489315,1.2105714496526023,-0.7736055022721724,-0.41479433234883034,-1.0425024471212316,-1.2196565865253737
-0.27731587705760424,-0.595092777301473,-0.38612083972856387,0.2988008014865494,1.1966230044529447,-0.8260561574345483,1.2926485102069203,-0.43623073195342105,-1.0425024471212316,-1.2196565865253737
-0.27731587705760424,-0.595092777301473,-0.3900612425085994,0.049883106146205045,1.1966230044529447,-0.8260561574345483,-0.7736055022721724,-0.45766713155801175,-1.0425024471212316,0.8199029227143817
-0.27731587705760424,-0.3018858511576648,-0.4141228509739226,0.7966361921672381,-0.8356850873489315,1.2105714496526023,1.2926485102069203,-0.5005399307671932,0.9592303622513327,0.8199029227143817
-0.7100809785832038,-0.3018858511576648,-0.47012687346464,0.049883106146205045,-0.8356850873489315,-0.8260561574345483,-0.7736055022721724,-0.41479433234883034,-1.0425024471212316,-1.2196565865253737
-0.06093332629480444,-0.3018858511576648,-0.4508440513495726,-0.4479522845344837,1.1966230044529447,1.2105714496526023,1.2926485102069203,-0.43623073195342105,-1.0425024471212316,0.8199029227143817
-0.38550715243900413,-0.595092777301473,-0.396768311070362,0.5477184968268938,1.1966230044529447,-0.8260561574345483,-0.7736055022721724,-0.5005399307671932,0.9592303622513327,-1.2196565865253737
-0.4936984278204041,-0.3018858511576648,-0.40867335776749053,0.5477184968268938,1.1966230044529447,1.2105714496526023,-0.7736055022721724,-0.3933579327442396,0.9592303622513327,-1.2196565865253737
-0.4936984278204041,-0.595092777301473,-0.45109556642063875,-0.4479522845344837,1.1966230044529447,-0.8260561574345483,-0.7736055022721724,-0.41479433234883034,0.9592303622513327,0.8199029227143817
-0.06093332629480444,-0.3018858511576648,-0.4588925336236877,1.0455538875075825,-0.8356850873489315,-0.8260561574345483,1.2926485102069203,-0.35048513353505817,-1.0425024471212316,-1.2196565865253737
-0.27731587705760424,-0.595092777301473,-0.47079758032081626,0.5477184968268938,-0.8356850873489315,-0.8260561574345483,1.2926485102069203,-0.43623073195342105,0.9592303622513327,-1.2196565865253737
-0.547794065511104,-0.3018858511576648,-0.39660063435631787,-0.19903458919413933,-0.8356850873489315,1.2105714496526023,1.2926485102069203,-0.35048513353505817,0.9592303622513327,-1.2196565865253737
-0.4396027901297041,-0.3018858511576648,-0.3951753822869433,1.294471582847927,1.1966230044529447,-0.8260561574345483,1.2926485102069203,-0.35048513353505817,0.9592303622513327,0.8199029227143817
-0.6559853408925039,-0.3018858511576648,-0.4481612239248676,1.294471582847927,-0.8356850873489315,-0.8260561574345483,1.2926485102069203,-0.5219763303717839,-1.0425024471212316,0.8199029227143817
-0.4396027901297041,-0.3018858511576648,-0.4475743554257134,0.5477184968268938,1.1966230044529447,1.2105714496526023,-0.7736055022721724,-0.43623073195342105,0.9592303622513327,-1.2196565865253737
-0.6559853408925039,-0.595092777301473,-0.42233900996208174,0.5477184968268938,-0.8356850873489315,1.2105714496526023,-0.7736055022721724,-0.35048513353505817,0.9592303622513327,-1.2196565865253737
-0.4396027901297041,-0.3018858511576648,-0.4528561719181014,-0.4479522845344837,1.1966230044529447,-0.8260561574345483,-0.7736055022721724,-0.3933579327442396,-1.0425024471212316,-1.2196565865253737
-0.38550715243900413,-0.3018858511576648,-0.449167284209132,1.0455538875075825,-0.8356850873489315,-0.8260561574345483,-0.7736055022721724,-0.41479433234883034,0.9592303622513327,-1.2196565865253737
-0.7100809785832038,-0.595092777301473,-0.42653092781318336,0.2988008014865494,-0.8356850873489315,-0.8260561574345483,-0.7736055022721724,-0.41479433234883034,-1.0425024471212316,-1.2196565865253737
-0.7100809785832038,-0.3018858511576648,-0.43365718816005605,0.5477184968268938,1.1966230044529447,-0.8260561574345483,1.2926485102069203,-0.3933579327442396,-1.0425024471212316,0.8199029227143817
-0.27731587705760424,-0.595092777301473,-0.4434662759316338,0.7966361921672381,1.1966230044529447,1.2105714496526023,-0.7736055022721724,-0.5219763303717839,0.9592303622513327,0.8199029227143817
-0.16912460167620436,-0.3018858511576648,-0.40297234948999233,0.5477184968268938,1.1966230044529447,-0.8260561574345483,1.2926485102069203,-0.45766713155801175,-1.0425024471212316,0.8199029227143817
-0.7641766162739038,-0.3018858511576648,-0.4060743686998075,0.2988008014865494,1.1966230044529447,-0.8260561574345483,-0.7736055022721724,-0.5219763303717839,0.9592303622513327,0.8199029227143817
-0.16912460167620436,-0.3018858511576648,-0.3908157877217977,-0.4479522845344837,1.1966230044529447,1.2105714496526023,1.2926485102069203,-0.41479433234883034,0.9592303622513327,-1.2196565865253737
-0.3314115147483042,-0.595092777301473,-0.4253571908148749,0.2988008014865494,-0.8356850873489315,-0.8260561574345483,1.2926485102069203,-0.45766713155801175,0.9592303622513327,-1.2196565865253737
-0.7100809785832038,-0.3018858511576648,-0.41797941539693606,-0.4479522845344837,1.1966230044529447,-0.8260561574345483,1.2926485102069203,-0.5219763303717839,0.9592303622513327,0.8199029227143817
-0.7100809785832038,-0.3018858511576648,-0.43449557173027636,-0.19903458919413933,-0.8356850873489315,-0.8260561574345483,-0.7736055022721724,-0.35048513353505817,-1.0425024471212316,0.8199029227143817
-0.6018897032018039,-0.3018858511576648,-0.4348309251583645,-0.4479522845344837,-0.8356850873489315,1.2105714496526023,-0.7736055022721724,-0.45766713155801175,0.9592303622513327,-1.2196565865253737
-0.6018897032018039,-0.595092777301473,-0.4154642646862751,-0.19903458919413933,-0.8356850873489315,1.2105714496526023,-0.7736055022721724,-0.41479433234883034,0.9592303622513327,0.8199029227143817
-0.7641766162739038,-0.595092777301473,-0.38394104244599103,-0.19903458919413933,-0.8356850873489315,-0.8260561574345483,-0.7736055022721724,-0.3933579327442396,0.9592303622513327,-1.2196565865253737
-0.2232202393669043,-0.3018858511576648,-0.4332379963749459,-0.4479522845344837,-0.8356850873489315,-0.8260561574345483,1.2926485102069203,-0.3719215331396489,-1.0425024471212316,-1.2196565865253737
-0.3314115147483042,-0.595092777301473,-0.4432147608605677,0.7966361921672381,1.1966230044529447,1.2105714496526023,1.2926485102069203,-0.35048513353505817,-1.0425024471212316,-1.2196565865253737
-0.16912460167620436,-0.3018858511576648,-0.4511794047776608,0.049883106146205045,1.1966230044529447,-0.8260561574345483,1.2926485102069203,-0.35048513353505817,0.9592303622513327,0.8199029227143817
-0.547794065511104,-0.3018858511576648,-0.4091763879096227,-0.4479522845344837,-0.8356850873489315,-0.8260561574345483,1.2926485102069203,-0.3719215331396489,-1.0425024471212316,0.8199029227143817
-0.6018897032018039,-0.3018858511576648,-0.40339154127510246,0.5477184968268938,-0.8356850873489315,1.2105714496526023,-0.7736055022721724,-0.47910353116260246,-1.0425024471212316,0.8199029227143817
-0.547794065511104,-0.3018858511576648,-0.4298844620940646,0.7966361921672381,1.1966230044529447,1.2105714496526023,1.2926485102069203,-0.5005399307671932,0.9592303622513327,0.8199029227143817
-0.8182722539646038,-0.3018858511576648,-0.4215006263918614,0.7966361921672381,1.1966230044529447,1.2105714496526023,-0.7736055022721724,-0.43623073195342105,0.9592303622513327,0.8199029227143817
-0.6018897032018039,-0.3018858511576648,-0.428291533310646,0.5477184968268938,-0.8356850873489315,-0.8260561574345483,1.2926485102069203,-0.5219763303717839,0.9592303622513327,-1.2196565865253737
-0.38550715243900413,-0.3018858511576648,-0.4043976015593669,0.049883106146205045,1.1966230044529447,-0.8260561574345483,1.2926485102069203,-0.47910353116260246,0.9592303622513327,0.8199029227143817
-0.2232202393669043,-0.595092777301473,-0.4113561851921955,0.7966361921672381,1.1966230044529447,-0.8260561574345483,1.2926485102069203,-0.5219763303717839,0.9592303622513327,-1.2196565865253737
-0.3314115147483042,-0.595092777301473,-0.43860365122435596,-0.19903458919413933,1.1966230044529447,-0.8260561574345483,-0.7736055022721724,-0.47910353116260246,-1.0425024471212316,-1.2196565865253737
-0.1150289639855044,-0.595092777301473,-0.4454783965001626,1.294471582847927,-0.8356850873489315,1.2105714496526023,-0.7736055022721724,-0.45766713155801175,0.9592303622513327,-1.2196565865253737
-0.7641766162739038,-0.595092777301473,-0.46559960218545027,0.049883106146205045,1.1966230044529447,-0.8260561574345483,1.2926485102069203,-0.3933579327442396,0.9592303622513327,0.8199029227143817
-0.8182722539646038,-0.595092777301473,-0.4137036591888124,1.0455538875075825,-0.8356850873489315,-0.8260561574345483,1.2926485102069203,-0.43623073195342105,0.9592303622513327,0.8199029227143817
-0.1150289639855044,-0.595092777301473,-0.4189016373241784,0.5477184968268938,-0.8356850873489315,1.2105714496526023,1.2926485102069203,-0.43623073195342105,0.9592303622513327,0.8199029227143817
-0.3314115147483042,-0.595092777301473,-0.4406996101499068,0.049883106146205045,-0.8356850873489315,1.2105714496526023,-0.7736055022721724,-0.5219763303717839,0.9592303622513327,0.8199029227143817
-0.16912460167620436,-0.3018858511576648,-0.46819859125313323,-0.4479522845344837,-0.8356850873489315,-0.8260561574345483,-0.7736055022721724,-0.3719215331396489,-1.0425024471212316,0.8199029227143817
-0.27731587705760424,-0.3018858511576648,-0.4706299036067722,1.294471582847927,-0.8356850873489315,1.2105714496526023,-0.7736055022721724,-0.45766713155801175,0.9592303622513327,0.8199029227143817
-0.38550715243900413,-0.3018858511576648,-0.4329864813038798,0.049883106146205045,1.1966230044529447,1.2105714496526023,1.2926485102069203,-0.43623073195342105,-1.0425024471212316,0.8199029227143817
-0.3314115147483042,-0.3018858511576648,-0.41118850847815147,-0.19903458919413933,-0.8356850873489315,-0.8260561574345483,-0.7736055022721724,-0.5005399307671932,0.9592303622513327,0.8199029227143817
-0.38550715243900413,-0.595092777301473,-0.45444910070152,1.294471582847927,-0.8356850873489315,-0.8260561574345483,1.2926485102069203,-0.5219763303717839,0.9592303622513327,-1.2196565865253737
-0.06093332629480444,-0.595092777301473,-0.4645935419011859,-0.4479522845344837,-0.8356850873489315,-0.8260561574345483,-0.7736055022721724,-0.35048513353505817,0.9592303622513327,0.8199029227143817
-0.38550715243900413,-0.3018858511576648,-0.40255315770488215,0.2988008014865494,1.1966230044529447,-0.8260561574345483,1.2926485102069203,-0.5005399307671932,-1.0425024471212316,-1.2196565865253737
-0.547794065511104,-0.3018858511576648,-0.40699659062704985,0.5477184968268938,1.1966230044529447,1.2105714496526023,1.2926485102069203,-0.41479433234883034,0.9592303622513327,-1.2196565865253737
-0.06093332629480444,-0.595092777301473,-0.4685339446812214,1.294471582847927,1.1966230044529447,1.2105714496526023,-0.7736055022721724,-0.5219763303717839,0.9592303622513327,-1.2196565865253737
-0.4396027901297041,-0.3018858511576648,-0.39307942336139257,0.5477184968268938,1.1966230044529447,-0.8260561574345483,1.2926485102069203,-0.5219763303717839,0.9592303622513327,-1.2196565865253737
-0.1150289639855044,-0.3018858511576648,-0.4069127522700278,0.049883106146205045,1.1966230044529447,-0.8260561574345483,1.2926485102069203,-0.35048513353505817,0.9592303622513327,0.8199029227143817
-0.27731587705760424,-0.3018858511576648,-0.3898097274375333,0.7966361921672381,1.1966230044529447,1.2105714496526023,1.2926485102069203,-0.45766713155801175,0.9592303622513327,0.8199029227143817
-0.06093332629480444,-0.3018858511576648,-0.394253160359701,-0.4479522845344837,1.1966230044529447,-0.8260561574345483,-0.7736055022721724,-0.35048513353505817,0.9592303622513327,-1.2196565865253737
-0.16912460167620436,-0.595092777301473,-0.3976066946405823,0.2988008014865494,-0.8356850873489315,-0.8260561574345483,1.2926485102069203,-0.43623073195342105,0.9592303622513327,-1.2196565865253737
-0.8182722539646038,-0.3018858511576648,-0.4657672788994943,-0.4479522845344837,-0.8356850873489315,-0.8260561574345483,-0.7736055022721724,-0.3933579327442396,-1.0425024471212316,-1.2196565865253737
-0.3314115147483042,-0.3018858511576648,-0.38687538494176216,0.5477184968268938,1.1966230044529447,-0.8260561574345483,-0.7736055022721724,-0.5219763303717839,0.9592303622513327,0.8199029227143817
-0.6559853408925039,-0.595092777301473,-0.3914026562209519,-0.4479522845344837,-0.8356850873489315,1.2105714496526023,1.2926485102069203,-0.41479433234883034,0.9592303622513327,-1.2196565865253737
-0.8182722539646038,-0.595092777301473,-0.3983612398537806,0.2988008014865494,-0.8356850873489315,-0.8260561574345483,-0.7736055022721724,-0.3719215331396489,0.9592303622513327,-1.2196565865253737
-0.4396027901297041,-0.3018858511576648,-0.4218359798199495,0.7966361921672381,1.1966230044529447,1.2105714496526023,1.2926485102069203,-0.5219763303717839,-1.0425024471212316,0.8199029227143817
-0.8182722539646038,-0.595092777301473,-0.4160511331854293,0.049883106146205045,-0.8356850873489315,-0.8260561574345483,-0.7736055022721724,-0.35048513353505817,-1.0425024471212316,-1.2196565865253737
-0.7100809785832038,-0.3018858511576648,-0.40381073306021265,-0.19903458919413933,-0.8356850873489315,-0.8260561574345483,1.2926485102069203,-0.47910353116260246,0.9592303622513327,0.8199029227143817
-0.16912460167620436,-0.3018858511576648,-0.4741511146016975,-0.4479522845344837,1.1966230044529447,1.2105714496526023,-0.7736055022721724,-0.5219763303717839,-1.0425024471212316,0.8199029227143817
-0.6559853408925039,-0.595092777301473,-0.4556228376998285,1.294471582847927,-0.8356850873489315,-0.8260561574345483,1.2926485102069203,-0.5219763303717839,0.9592303622513327,-1.2196565865253737
-0.06093332629480444,-0.3018858511576648,-0.43776526765413565,-0.19903458919413933,1.1966230044529447,1.2105714496526023,1.2926485102069203,-0.41479433234883034,0.9592303622513327,-1.2196565865253737
-0.06093332629480444,-0.3018858511576648,-0.3951753822869433,0.5477184968268938,1.1966230044529447,-0.8260561574345483,1.2926485102069203,-0.41479433234883034,-1.0425024471212316,-1.2196565865253737
-0.06093332629480444,-0.3018858511576648,-0.4238481003884783,0.049883106146205045,-0.8356850873489315,-0.8260561574345483,1.2926485102069203,-0.5219763303717839,0.9592303622513327,0.8199029227143817
-0.4396027901297041,-0.3018858511576648,-0.4505086979214845,1.0455538875075825,-0.8356850873489315,-0.8260561574345483,-0.7736055022721724,-0.47910353116260246,-1.0425024471212316,0.8199029227143817
-0.547794065511104,-0.595092777301473,-0.40858951941046845,0.049883106146205045,-0.8356850873489315,-0.8260561574345483,-0.7736055022721724,-0.3933579327442396,-1.0425024471212316,0.8199029227143817
-0.1150289639855044,-0.595092777301473,-0.3950915439299213,-0.4479522845344837,1.1966230044529447,-0.8260561574345483,1.2926485102069203,-0.47910353116260246,-1.0425024471212316,-1.2196565865253737
-0.3314115147483042,-0.3018858511576648,-0.47012687346464,1.294471582847927,1.1966230044529447,1.2105714496526023,-0.7736055022721724,-0.47910353116260246,0.9592303622513327,-1.2196565865253737
-0.2232202393669043,-0.595092777301473,-0.45947940212284194,0.7966361921672381,1.1966230044529447,1.2105714496526023,1.2926485102069203,-0.47910353116260246,0.9592303622513327,-1.2196565865253737
-0.4936984278204041,-0.3018858511576648,-0.4641743501160757,0.049883106146205045,-0.8356850873489315,-0.8260561574345483,1.2926485102069203,-0.3933579327442396,0.9592303622513327,-1.2196565865253737
-0.1150289639855044,-0.3018858511576648,-0.45218546506192514,-0.4479522845344837,-0.8356850873489315,-0.8260561574345483,-0.7736055022721724,-0.45766713155801175,0.9592303622513327,-1.2196565865253737
-0.4396027901297041,-0.3018858511576648,-0.4497541527082862,-0.4479522845344837,1.1966230044529447,1.2105714496526023,-0.7736055022721724,-0.45766713155801175,0.9592303622513327,-1.2196565865253737
-0.7641766162739038,-0.3018858511576648,-0.4133683057607243,-0.19903458919413933,-0.8356850873489315,1.2105714496526023,1.2926485102069203,-0.47910353116260246,0.9592303622513327,0.8199029227143817
-0.16912460167620436,-0.3018858511576648,-0.45268849520405735,0.049883106146205045,-0.8356850873489315,-0.8260561574345483,-0.7736055022721724,-0.35048513353505817,0.9592303622513327,0.8199029227143817
-0.3314115147483042,-0.595092777301473,-0.47079758032081626,-0.4479522845344837,1.1966230044529447,-0.8260561574345483,1.2926485102069203,-0.5005399307671932,-1.0425024471212316,0.8199029227143817
-0.1150289639855044,-0.3018858511576648,-0.47155212553401454,-0.19903458919413933,1.1966230044529447,1.2105714496526023,-0.7736055022721724,-0.45766713155801175,0.9592303622513327,-1.2196565865253737
-0.27731587705760424,-0.595092777301473,-0.4630844514747893,1.294471582847927,-0.8356850873489315,-0.8260561574345483,-0.7736055022721724,-0.3719215331396489,0.9592303622513327,0.8199029227143817
-0.4396027901297041,-0.595092777301473,-0.4303036538791748,0.2988008014865494,1.1966230044529447,1.2105714496526023,-0.7736055022721724,-0.41479433234883034,0.9592303622513327,0.8199029227143817
-0.7100809785832038,-0.3018858511576648,-0.42837537166766804,1.294471582847927,-0.8356850873489315,-0.8260561574345483,-0.7736055022721724,-0.3933579327442396,-1.0425024471212316,0.8199029227143817
-0.4936984278204041,-0.3018858511576648,-0.4237642620314563,1.0455538875075825,1.1966230044529447,1.2105714496526023,-0.7736055022721724,-0.3933579327442396,-1.0425024471212316,-1.2196565865253737
-0.7100809785832038,-0.3018858511576648,-0.4495864759942421,-0.19903458919413933,1.1966230044529447,1.2105714496526023,1.2926485102069203,-0.5005399307671932,-1.0425024471212316,-1.2196565865253737
-0.06093332629480444,-0.3018858511576648,-0.40825416598238035,-0.19903458919413933,1.1966230044529447,-0.8260561574345483,-0.7736055022721724,-0.45766713155801175,0.9592303622513327,0.8199029227143817
-0.4936984278204041,-0.3018858511576648,-0.404816793344477,-0.4479522845344837,-0.8356850873489315,1.2105714496526023,-0.7736055022721724,-0.41479433234883034,-1.0425024471212316,-1.2196565865253737
-0.1150289639855044,-0.595092777301473,-0.4677793994680231,0.5477184968268938,-0.8356850873489315,-0.8260561574345483,1.2926485102069203,-0.47910353116260246,-1.0425024471212316,-1.2196565865253737
-0.27731587705760424,-0.3018858511576648,-0.40205012756275,0.5477184968268938,1.1966230044529447,-0.8260561574345483,1.2926485102069203,-0.35048513353505817,0.9592303622513327,-1.2196565865253737
-0.06093332629480444,-0.3018858511576648,-0.4064097221278956,0.7966361921672381,1.1966230044529447,-0.8260561574345483,1.2926485102069203,-0.45766713155801175,0.9592303622513327,-1.2196565865253737
-0.2232202393669043,-0.595092777301473,-0.4644258651871418,0.5477184968268938,1.1966230044529447,-0.8260561574345483,-0.7736055022721724,-0.5005399307671932,0.9592303622513327,0.8199029227143817
-0.16912460167620436,-0.595092777301473,-0.3895582123664672,-0.19903458919413933,-0.8356850873489315,1.2105714496526023,-0.7736055022721724,-0.41479433234883034,-1.0425024471212316,-1.2196565865253737
-0.7641766162739038,-0.3018858511576648,-0.3911511411498858,0.7966361921672381,1.1966230044529447,-0.8260561574345483,1.2926485102069203,-0.5219763303717839,0.9592303622513327,0.8199029227143817
-0.3314115147483042,-0.595092777301473,-0.46677333918375874,1.294471582847927,1.1966230044529447,-0.8260561574345483,1.2926485102069203,-0.41479433234883034,0.9592303622513327,0.8199029227143817
-0.547794065511104,-0.3018858511576648,-0.43005213880810866,-0.4479522845344837,1.1966230044529447,-0.8260561574345483,1.2926485102069203,-0.5219763303717839,0.9592303622513327,-1.2196565865253737
-0.7100809785832038,-0.595092777301473,-0.38679154658474013,1.294471582847927,1.1966230044529447,-0.8260561574345483,1.2926485102069203,-0.3719215331396489,0.9592303622513327,-1.2196565865253737
-0.7100809785832038,-0.595092777301473,-0.420410727750575,0.049883106146205045,-0.8356850873489315,1.2105714496526023,-0.7736055022721724,-0.43623073195342105,0.9592303622513327,-1.2196565865253737
-0.06093332629480444,-0.3018858511576648,-0.4402804183647966,1.0455538875075825,-0.8356850873489315,-0.8260561574345483,-0.7736055022721724,-0.41479433234883034,0.9592303622513327,0.8199029227143817
-0.38550715243900413,-0.595092777301473,-0.42309355517528,1.0455538875075825,1.1966230044529447,1.2105714496526023,-0.7736055022721724,-0.5005399307671932,-1.0425024471212316,0.8199029227143817
-0.4936984278204041,-0.595092777301473,-0.4540299089164098,-0.19903458919413933,-0.8356850873489315,1.2105714496526023,-0.7736055022721724,-0.5005399307671932,0.9592303622513327,0.8199029227143817
-0.6018897032018039,-0.595092777301473,-0.4686177830382434,-0.19903458919413933,-0.8356850873489315,1.2105714496526023,-0.7736055022721724,-0.35048513353505817,-1.0425024471212316,0.8199029227143817
-0.2232202393669043,-0.595092777301473,-0.4369268840839153,0.7966361921672381,-0.8356850873489315,-0.8260561574345483,1.2926485102069203,-0.47910353116260246,-1.0425024471212316,0.8199029227143817
-0.3314115147483042,-0.595092777301473,-0.46954000496548576,-0.4479522845344837,1.1966230044529447,-0.8260561574345483,-0.7736055022721724,-0.41479433234883034,0.9592303622513327,0.8199029227143817
-0.4936984278204041,-0.595092777301473,-0.4364238539417831,0.2988008014865494,-0.8356850873489315,-0.8260561574345483,1.2926485102069203,-0.43623073195342105,-1.0425024471212316,0.8199029227143817
-0.38550715243900413,-0.3018858511576648,-0.44120264029203893,-0.19903458919413933,-0.8356850873489315,-0.8260561574345483,1.2926485102069203,-0.45766713155801175,-1.0425024471212316,-1.2196565865253737
-0.8182722539646038,-0.3018858511576648,-0.40674507555598377,0.2988008014865494,-0.8356850873489315,1.2105714496526023,1.2926485102069203,-0.5005399307671932,-1.0425024471212316,0.8199029227143817
-0.4936984278204041,-0.595092777301473,-0.4008763905644415,1.294471582847927,1.1966230044529447,1.2105714496526023,-0.7736055022721724,-0.3719215331396489,0.9592303622513327,0.8199029227143817
-0.547794065511104,-0.3018858511576648,-0.41504507290116494,0.2988008014865494,1.1966230044529447,-0.8260561574345483,1.2926485102069203,-0.3933579327442396,-1.0425024471212316,0.8199029227143817
-0.3314115147483042,-0.3018858511576648,-0.43759759094009154,0.5477184968268938,-0.8356850873489315,-0.8260561574345483,-0.7736055022721724,-0.5005399307671932,-1.0425024471212316,0.8199029227143817
-0.1150289639855044,-0.3018858511576648,-0.42116527296377326,-0.4479522845344837,-0.8356850873489315,-0.8260561574345483,1.2926485102069203,-0.41479433234883034,-1.0425024471212316,-1.2196565865253737
-0.2232202393669043,-0.595092777301473,-0.41957234418035466,1.0455538875075825,1.1966230044529447,-0.8260561574345483,-0.7736055022721724,-0.3719215331396489,-1.0425024471212316,0.8199029227143817
-0.38550715243900413,-0.3018858511576648,-0.43441173337325434,1.0455538875075825,1.1966230044529447,-0.8260561574345483,1.2926485102069203,-0.3933579327442396,0.9592303622513327,0.8199029227143817
-0.8182722539646038,-0.595092777301473,-0.3862885164426079,0.2988008014865494,-0.8356850873489315,-0.8260561574345483,-0.7736055022721724,-0.5219763303717839,0.9592303622513327,-1.2196565865253737
-0.16912460167620436,-0.3018858511576648,-0.4258602209570071,1.0455538875075825,-0.8356850873489315,-0.8260561574345483,1.2926485102069203,-0.43623073195342105,-1.0425024471212316,-1.2196565865253737
-0.6559853408925039,-0.595092777301473,-0.4381844594392458,1.294471582847927,1.1966230044529447,1.2105714496526023,1.2926485102069203,-0.5005399307671932,0.9592303622513327,0.8199029227143817
-0.38550715243900413,-0.595092777301473,-0.43525011694347465,-0.4479522845344837,1.1966230044529447,1.2105714496526023,1.2926485102069203,-0.41479433234883034,0.9592303622513327,0.8199029227143817
-0.6559853408925039,-0.3018858511576648,-0.4217521414629275,0.5477184968268938,-0.8356850873489315,1.2105714496526023,1.2926485102069203,-0.3933579327442396,-1.0425024471212316,0.8199029227143817
-0.3314115147483042,-0.3018858511576648,-0.42393193874550034,-0.4479522845344837,1.1966230044529447,1.2105714496526023,-0.7736055022721724,-0.3933579327442396,0.9592303622513327,0.8199029227143817
-0.7100809785832038,-0.595092777301473,-0.38855215208220284,-0.19903458919413933,-0.8356850873489315,-0.8260561574345483,-0.7736055022721724,-0.47910353116260246,0.9592303622513327,0.8199029227143817
-0.38550715243900413,-0.3018858511576648,-0.420410727750575,0.2988008014865494,-0.8356850873489315,-0.8260561574345483,-0.7736055022721724,-0.3933579327442396,-1.0425024471212316,0.8199029227143817
-0.16912460167620436,-0.3018858511576648,-0.4123622454764599,-0.4479522845344837,-0.8356850873489315,-0.8260561574345483,1.2926485102069203,-0.43623073195342105,-1.0425024471212316,-1.2196565865253737
-0.7641766162739038,-0.3018858511576648,-0.45168243491979293,1.294471582847927,1.1966230044529447,-0.8260561574345483,1.2926485102069203,-0.3719215331396489,0.9592303622513327,-1.2196565865253737
-0.06093332629480444,-0.595092777301473,-0.4154642646862751,1.0455538875075825,-0.8356850873489315,-0.8260561574345483,1.2926485102069203,-0.3719215331396489,0.9592303622513327,0.8199029227143817
-0.6559853408925039,-0.595092777301473,-0.42242284831910376,0.049883106146205045,-0.8356850873489315,1.2105714496526023,1.2926485102069203,-0.3933579327442396,0.9592303622513327,0.8199029227143817
-0.06093332629480444,-0.3018858511576648,-0.45620970619898266,-0.4479522845344837,1.1966230044529447,-0.8260561574345483,1.2926485102069203,-0.41479433234883034,0.9592303622513327,0.8199029227143817
-0.547794065511104,-0.3018858511576648,-0.4410349635779949,0.2988008014865494,1.1966230044529447,1.2105714496526023,1.2926485102069203,-0.5005399307671932,-1.0425024471212316,-1.2196565865253737
-0.7641766162739038,-0.3018858511576648,-0.39727134121249413,0.5477184968268938,-0.8356850873489315,-0.8260561574345483,-0.7736055022721724,-0.41479433234883034,-1.0425024471212316,0.8199029227143817
-0.06093332629480444,-0.595092777301473,-0.43407637994516624,1.0455538875075825,-0.8356850873489315,1.2105714496526023,-0.7736055022721724,-0.35048513353505817,-1.0425024471212316,-1.2196565865253737
-0.4396027901297041,-0.595092777301473,-0.394253160359701,0.5477184968268938,1.1966230044529447,-0.8260561574345483,-0.7736055022721724,-0.5005399307671932,-1.0425024471212316,-1.2196565865253737
-0.4396027901297041,-0.3018858511576648,-0.42275820174719186,0.2988008014865494,1.1966230044529447,1.2105714496526023,-0.7736055022721724,-0.5219763303717839,-1.0425024471212316,0.8199029227143817
-0.8182722539646038,-0.3018858511576648,-0.3903965959366875,1.0455538875075825,1.1966230044529447,-0.8260561574345483,-0.7736055022721724,-0.43623073195342105,0.9592303622513327,-1.2196565865253737
-0.2232202393669043,-0.3018858511576648,-0.46627030904162653,-0.19903458919413933,-0.8356850873489315,-0.8260561574345483,-0.7736055022721724,-0.41479433234883034,0.9592303622513327,0.8199029227143817
-0.7100809785832038,-0.3018858511576648,-0.39777437135462634,1.0455538875075825,-0.8356850873489315,-0.8260561574345483,-0.7736055022721724,-0.47910353116260246,-1.0425024471212316,-1.2196565865253737
-0.3314115147483042,-0.3018858511576648,-0.4194046674663106,-0.19903458919413933,-0.8356850873489315,-0.8260561574345483,-0.7736055022721724,-0.3719215331396489,-1.0425024471212316,0.8199029227143817
-0.38550715243900413,-0.3018858511576648,-0.389139020581357,0.5477184968268938,1.1966230044529447,1.2105714496526023,1.2926485102069203,-0.3933579327442396,-1.0425024471212316,0.8199029227143817
-0.6018897032018039,-0.595092777301473,-0.4586410185526216,0.5477184968268938,-0.8356850873489315,-0.8260561574345483,1.2926485102069203,-0.5005399307671932,0.9592303622513327,-1.2196565865253737
-0.547794065511104,-0.3018858511576648,-0.4552036459147183,0.2988008014865494,1.1966230044529447,1.2105714496526023,1.2926485102069203,-0.3933579327442396,0.9592303622513327,-1.2196565865253737
-0.6559853408925039,-0.595092777301473,-0.4123622454764599,-0.19903458919413933,-0.8356850873489315,-0.8260561574345483,1.2926485102069203,-0.5219763303717839,0.9592303622513327,-1.2196565865253737
-0.3314115147483042,-0.3018858511576648,-0.4635874816169215,0.5477184968268938,1.1966230044529447,1.2105714496526023,1.2926485102069203,-0.35048513353505817,-1.0425024471212316,0.8199029227143817
-0.7641766162739038,-0.3018858511576648,-0.46601879397056045,-0.19903458919413933,-0.8356850873489315,-0.8260561574345483,1.2926485102069203,-0.3933579327442396,-1.0425024471212316,-1.2196565865253737
-0.27731587705760424,-0.595092777301473,-0.441370317006083,0.5477184968268938,-0.8356850873489315,-0.8260561574345483,1.2926485102069203,-0.41479433234883034,-1.0425024471212316,-1.2196565865253737
-0.4396027901297041,-0.595092777301473,-0.4454783965001626,1.0455538875075825,1.1966230044529447,1.2105714496526023,-0.7736055022721724,-0.5005399307671932,-1.0425024471212316,0.8199029227143817
-0.27731587705760424,-0.595092777301473,-0.4644258651871418,-0.4479522845344837,1.1966230044529447,-0.8260561574345483,-0.7736055022721724,-0.47910353116260246,-1.0425024471212316,0.8199029227143817
-0.16912460167620436,-0.595092777301473,-0.3955945740720535,1.294471582847927,-0.8356850873489315,-0.8260561574345483,1.2926485102069203,-0.5219763303717839,0.9592303622513327,-1.2196565865253737
-0.547794065511104,-0.3018858511576648,-0.4743187913157416,0.049883106146205045,1.1966230044529447,1.2105714496526023,-0.7736055022721724,-0.43623073195342105,-1.0425024471212316,-1.2196565865253737
-0.6018897032018039,-0.595092777301473,-0.45956324047986397,1.294471582847927,1.1966230044529447,-0.8260561574345483,-0.7736055022721724,-0.35048513353505817,0.9592303622513327,-1.2196565865253737
-0.38550715243900413,-0.3018858511576648,-0.44824506228188965,1.0455538875075825,-0.8356850873489315,1.2105714496526023,-0.7736055022721724,-0.41479433234883034,0.9592303622513327,0.8199029227143817
-0.8182722539646038,-0.595092777301473,-0.4612400076203046,0.7966361921672381,1.1966230044529447,-0.8260561574345483,-0.7736055022721724,-0.43623073195342105,0.9592303622513327,0.8199029227143817
-0.6018897032018039,-0.3018858511576648,-0.3919056863630841,1.294471582847927,-0.8356850873489315,1.2105714496526023,-0.7736055022721724,-0.47910353116260246,0.9592303622513327,-1.2196565865253737
-0.547794065511104,-0.3018858511576648,-0.4382682977962678,-0.4479522845344837,-0.8356850873489315,1.2105714496526023,1.2926485102069203,-0.43623073195342105,0.9592303622513327,0.8199029227143817
-0.6018897032018039,-0.3018858511576648,-0.39660063435631787,0.7966361921672381,1.1966230044529447,1.2105714496526023,-0.7736055022721724,-0.3719215331396489,-1.0425024471212316,-1.2196565865253737
-0.547794065511104,-0.3018858511576648,-0.4640905117590537,0.5477184968268938,1.1966230044529447,1.2105714496526023,1.2926485102069203,-0.5005399307671932,-1.0425024471212316,-1.2196565865253737
-0.547794065511104,-0.3018858511576648,-0.4123622454764599,0.049883106146205045,-0.8356850873489315,-0.8260561574345483,1.2926485102069203,-0.43623073195342105,-1.0425024471212316,0.8199029227143817
-0.4936984278204041,-0.3018858511576648,-0.3979420480686704,0.049883106146205045,-0.8356850873489315,-0.8260561574345483,1.2926485102069203,-0.41479433234883034,0.9592303622513327,-1.2196565865253737
-0.6559853408925039,-0.595092777301473,-0.4681147528961112,0.5477184968268938,-0.8356850873489315,1.2105714496526023,-0.7736055022721724,-0.3719215331396489,0.9592303622513327,-1.2196565865253737
-0.1150289639855044,-0.3018858511576648,-0.45587435277089455,0.5477184968268938,-0.8356850873489315,-0.8260561574345483,1.2926485102069203,-0.3719215331396489,0.9592303622513327,0.8199029227143817
-0.27731587705760424,-0.595092777301473,-0.45872485690964365,-0.19903458919413933,-0.8356850873489315,-0.8260561574345483,1.2926485102069203,-0.43623073195342105,0.9592303622513327,-1.2196565865253737
-0.1150289639855044,-0.595092777301473,-0.4289622401668223,0.5477184968268938,-0.8356850873489315,-0.8260561574345483,1.2926485102069203,-0.35048513353505817,0.9592303622513327,-1.2196565865253737
-0.1150289639855044,-0.3018858511576648,-0.45537132262876234,0.2988008014865494,1.1966230044529447,1.2105714496526023,1.2926485102069203,-0.45766713155801175,0.9592303622513327,0.8199029227143817
-0.1150289639855044,-0.595092777301473,-0.40615820705682953,1.294471582847927,1.1966230044529447,-0.8260561574345483,-0.7736055022721724,-0.35048513353505817,-1.0425024471212316,-1.2196565865253737
-0.06093332629480444,-0.3018858511576648,-0.3983612398537806,0.5477184968268938,1.1966230044529447,-0.8260561574345483,1.2926485102069203,-0.3933579327442396,0.9592303622513327,-1.2196565865253737
-0.4396027901297041,-0.595092777301473,-0.4511794047776608,0.2988008014865494,-0.8356850873489315,1.2105714496526023,1.2926485102069203,-0.41479433234883034,0.9592303622513327,0.8199029227143817
-0.4936984278204041,-0.3018858511576648,-0.4222551716050597,0.5477184968268938,1.1966230044529447,-0.8260561574345483,1.2926485102069203,-0.45766713155801175,-1.0425024471212316,0.8199029227143817
-0.38550715243900413,-0.595092777301473,-0.40414608648830075,-0.19903458919413933,-0.8356850873489315,1.2105714496526023,1.2926485102069203,-0.5005399307671932,0.9592303622513327,0.8199029227143817
-0.4936984278204041,-0.3018858511576648,-0.47448646802978567,0.2988008014865494,-0.8356850873489315,1.2105714496526023,-0.7736055022721724,-0.3719215331396489,-1.0425024471212316,-1.2196565865253737
-0.7100809785832038,-0.3018858511576648,-0.46995919675059594,1.294471582847927,1.1966230044529447,1.2105714496526023,1.2926485102069203,-0.41479433234883034,-1.0425024471212316,0.8199029227143817
-0.7100809785832038,-0.3018858511576648,-0.4503410212074404,-0.4479522845344837,-0.8356850873489315,-0.8260561574345483,1.2926485102069203,-0.47910353116260246,-1.0425024471212316,-1.2196565865253737
-0.06093332629480444,-0.3018858511576648,-0.3894743740094452,0.2988008014865494,-0.8356850873489315,-0.8260561574345483,1.2926485102069203,-0.3933579327442396,0.9592303622513327,0.8199029227143817
-0.4396027901297041,-0.595092777301473,-0.40741578241216003,1.0455538875075825,-0.8356850873489315,1.2105714496526023,1.2926485102069203,-0.3933579327442396,-1.0425024471212316,-1.2196565865253737
-0.6018897032018039,-0.3018858511576648,-0.4070804289840719,-0.19903458919413933,-0.8356850873489315,1.2105714496526023,1.2926485102069203,-0.41479433234883034,-1.0425024471212316,-1.2196565865253737
-0.6559853408925039,-0.595092777301473,-0.459730917193908,0.7966361921672381,-0.8356850873489315,1.2105714496526023,1.2926485102069203,-0.5005399307671932,0.9592303622513327,0.8199029227143817
-0.4396027901297041,-0.595092777301473,-0.43156122923450524,1.294471582847927,-0.8356850873489315,1.2105714496526023,-0.7736055022721724,-0.3719215331396489,-1.0425024471212316,-1.2196565865253737
-0.06093332629480444,-0.595092777301473,-0.46157536104839275,0.2988008014865494,1.1966230044529447,1.2105714496526023,1.2926485102069203,-0.5219763303717839,0.9592303622513327,-1.2196565865253737
-0.547794065511104,-0.3018858511576648,-0.4548682924866302,1.0455538875075825,-0.8356850873489315,1.2105714496526023,-0.7736055022721724,-0.5219763303717839,0.9592303622513327,0.8199029227143817
-0.7641766162739038,-0.595092777301473,-0.4305551689502409,1.0455538875075825,-0.8356850873489315,-0.8260561574345483,-0.7736055022721724,-0.41479433234883034,-1.0425024471212316,-1.2196565865253737
-0.6559853408925039,-0.595092777301473,-0.4410349635779949,1.294471582847927,-0.8356850873489315,1.2105714496526023,1.2926485102069203,-0.43623073195342105,0.9592303622513327,-1.2196565865253737
-0.2232202393669043,-0.595092777301473,-0.40934406462366674,1.294471582847927,-0.8356850873489315,1.2105714496526023,-0.7736055022721724,-0.35048513353505817,0.9592303622513327,-1.2196565865253737
-0.27731587705760424,-0.3018858511576648,-0.4738157611736094,1.0455538875075825,1.1966230044529447,1.2105714496526023,1.2926485102069203,-0.3933579327442396,-1.0425024471212316,0.8199029227143817
-0.6559853408925039,-0.3018858511576648,-0.4199076976084428,0.5477184968268938,1.1966230044529447,-0.8260561574345483,-0.7736055022721724,-0.5005399307671932,-1.0425024471212316,0.8199029227143817
-0.06093332629480444,-0.595092777301473,-0.38394104244599103,1.0455538875075825,-0.8356850873489315,-0.8260561574345483,1.2926485102069203,-0.3933579327442396,-1.0425024471212316,0.8199029227143817
-0.547794065511104,-0.3018858511576648,-0.42292587846123597,0.5477184968268938,-0.8356850873489315,-0.8260561574345483,-0.7736055022721724,-0.47910353116260246,-1.0425024471212316,0.8199029227143817
-0.547794065511104,-0.3018858511576648,-0.433573349803034,0.7966361921672381,-0.8356850873489315,-0.8260561574345483,-0.7736055022721724,-0.5219763303717839,0.9592303622513327,0.8199029227143817
-0.8182722539646038,-0.595092777301473,-0.44774203213975744,-0.19903458919413933,1.1966230044529447,1.2105714496526023,1.2926485102069203,-0.3719215331396489,-1.0425024471212316,0.8199029227143817
-0.1150289639855044,-0.595092777301473,-0.4402804183647966,0.049883106146205045,1.1966230044529447,-0.8260561574345483,-0.7736055022721724,-0.47910353116260246,-1.0425024471212316,0.8199029227143817
-0.4396027901297041,-0.3018858511576648,-0.43407637994516624,0.5477184968268938,1.1966230044529447,1.2105714496526023,-0.7736055022721724,-0.3719215331396489,-1.0425024471212316,0.8199029227143817
-0.547794065511104,-0.595092777301473,-0.39651679599929585,1.0455538875075825,1.1966230044529447,1.2105714496526023,-0.7736055022721724,-0.3933579327442396,0.9592303622513327,-1.2196565865253737
-0.7100809785832038,-0.3018858511576648,-0.42309355517528,1.0455538875075825,-0.8356850873489315,1.2105714496526023,-0.7736055022721724,-0.5005399307671932,0.9592303622513327,-1.2196565865253737
-0.1150289639855044,-0.3018858511576648,-0.4157157797573412,-0.4479522845344837,1.1966230044529447,1.2105714496526023,-0.7736055022721724,-0.5219763303717839,0.9592303622513327,-1.2196565865253737
-0.38550715243900413,-0.3018858511576648,-0.44749051706869136,1.0455538875075825,1.1966230044529447,1.2105714496526023,1.2926485102069203,-0.3933579327442396,0.9592303622513327,-1.2196565865253737
-0.7641766162739038,-0.3018858511576648,-0.4206622428216411,-0.19903458919413933,-0.8356850873489315,1.2105714496526023,-0.7736055022721724,-0.5219763303717839,0.9592303622513327,0.8199029227143817
-0.06093332629480444,-0.3018858511576648,-0.3952592206439654,0.2988008014865494,-0.8356850873489315,-0.8260561574345483,-0.7736055022721724,-0.41479433234883034,-1.0425024471212316,-1.2196565865253737
-0.27731587705760424,-0.3018858511576648,-0.4399450649367085,0.2988008014865494,1.1966230044529447,-0.8260561574345483,1.2926485102069203,-0.3719215331396489,0.9592303622513327,-1.2196565865253737
-0.4396027901297041,-0.595092777301473,-0.4005410371363534,1.0455538875075825,1.1966230044529447,-0.8260561574345483,1.2926485102069203,-0.3933579327442396,0.9592303622513327,-1.2196565865253737
-0.3314115147483042,-0.595092777301473,-0.46425818847309774,-0.4479522845344837,1.1966230044529447,-0.8260561574345483,1.2926485102069203,-0.45766713155801175,0.9592303622513327,-1.2196565865253737
-0.7100809785832038,-0.3018858511576648,-0.39693598778440603,0.5477184968268938,1.1966230044529447,-0.8260561574345483,-0.7736055022721724,-0.5219763303717839,-1.0425024471212316,-1.2196565865253737
-0.16912460167620436,-0.3018858511576648,-0.43047133059321885,-0.19903458919413933,-0.8356850873489315,1.2105714496526023,-0.7736055022721724,-0.5219763303717839,-1.0425024471212316,0.8199029227143817
-0.2232202393669043,-0.3018858511576648,-0.47113293374890436,-0.4479522845344837,-0.8356850873489315,-0.8260561574345483,-0.7736055022721724,-0.45766713155801175,0.9592303622513327,0.8199029227143817
-0.6018897032018039,-0.595092777301473,-0.42074608117866313,0.5477184968268938,1.1966230044529447,-0.8260561574345483,-0.7736055022721724,-0.43623073195342105,-1.0425024471212316,-1.2196565865253737
-0.547794065511104,-0.3018858511576648,-0.4394420347945763,-0.19903458919413933,1.1966230044529447,-0.8260561574345483,1.2926485102069203,-0.3933579327442396,0.9592303622513327,-1.2196565865253737
-0.3314115147483042,-0.595092777301473,-0.4437177910026999,1.0455538875075825,1.1966230044529447,1.2105714496526023,1.2926485102069203,-0.45766713155801175,-1.0425024471212316,-1.2196565865253737
-0.547794065511104,-0.3018858511576648,-0.4289622401668223,0.2988008014865494,1.1966230044529447,1.2105714496526023,-0.7736055022721724,-0.5219763303717839,-1.0425024471212316,-1.2196565865253737
-0.6559853408925039,-0.3018858511576648,-0.459647078836886,-0.19903458919413933,1.1966230044529447,1.2105714496526023,-0.7736055022721724,-0.3933579327442396,0.9592303622513327,0.8199029227143817
-0.7100809785832038,-0.595092777301473,-0.4311420374493951,1.0455538875075825,-0.8356850873489315,-0.8260561574345483,-0.7736055022721724,-0.5005399307671932,-1.0425024471212316,-1.2196565865253737
-0.6559853408925039,-0.595092777301473,-0.43248345116174763,0.7966361921672381,-0.8356850873489315,-0.8260561574345483,-0.7736055022721724,-0.5005399307671932,0.9592303622513327,0.8199029227143817
-0.8182722539646038,-0.3018858511576648,-0.41588345647138525,0.049883106146205045,-0.8356850873489315,-0.8260561574345483,1.2926485102069203,-0.3719215331396489,0.9592303622513327,-1.2196565865253737
-0.6559853408925039,-0.3018858511576648,-0.4129491139756141,-0.19903458919413933,1.1966230044529447,-0.8260561574345483,1.2926485102069203,-0.43623073195342105,0.9592303622513327,0.8199029227143817
-0.8182722539646038,-0.3018858511576648,-0.4604016240500843,0.049883106146205045,1.1966230044529447,-0.8260561574345483,-0.7736055022721724,-0.5005399307671932,-1.0425024471212316,0.8199029227143817
-0.2232202393669043,-0.595092777301473,-0.45143091984872685,-0.19903458919413933,-0.8356850873489315,1.2105714496526023,1.2926485102069203,-0.43623073195342105,-1.0425024471212316,0.8199029227143817
-0.06093332629480444,-0.595092777301473,-0.4145420427590327,0.049883106146205045,-0.8356850873489315,-0.8260561574345483,-0.7736055022721724,-0.3719215331396489,0.9592303622513327,-1.2196565865253737
-0.8182722539646038,-0.595092777301473,-0.4661864706846045,0.7966361921672381,1.1966230044529447,1.2105714496526023,-0.7736055022721724,-0.41479433234883034,0.9592303622513327,-1.2196565865253737
-0.3314115147483042,-0.595092777301473,-0.40674507555598377,0.2988008014865494,-0.8356850873489315,-0.8260561574345483,1.2926485102069203,-0.47910353116260246,-1.0425024471212316,0.8199029227143817
-0.1150289639855044,-0.595092777301473,-0.3859531630145198,1.294471582847927,1.1966230044529447,1.2105714496526023,-0.7736055022721724,-0.3719215331396489,0.9592303622513327,-1.2196565865253737
-0.547794065511104,-0.595092777301473,-0.41848244553906827,0.5477184968268938,1.1966230044529447,1.2105714496526023,1.2926485102069203,-0.35048513353505817,-1.0425024471212316,-1.2196565865253737
-0.6018897032018039,-0.3018858511576648,-0.4690369748233536,0.049883106146205045,-0.8356850873489315,1.2105714496526023,-0.7736055022721724,-0.43623073195342105,-1.0425024471212316,0.8199029227143817
-0.1150289639855044,-0.3018858511576648,-0.4059905303427855,0.7966361921672381,-0.8356850873489315,1.2105714496526023,1.2926485102069203,-0.5005399307671932,-1.0425024471212316,-1.2196565865253737
-0.27731587705760424,-0.595092777301473,-0.4479935472108235,0.049883106146205045,-0.8356850873489315,-0.8260561574345483,-0.7736055022721724,-0.5005399307671932,0.9592303622513327,0.8199029227143817
-0.06093332629480444,-0.3018858511576648,-0.42921375523788835,0.2988008014865494,1.1966230044529447,-0.8260561574345483,1.2926485102069203,-0.3933579327442396,0.9592303622513327,-1.2196565865253737
-0.6559853408925039,-0.3018858511576648,-0.44782587049677947,0.049883106146205045,1.1966230044529447,-0.8260561574345483,-0.7736055022721724,-0.5219763303717839,-1.0425024471212316,-1.2196565865253737
-0.16912460167620436,-0.595092777301473,-0.43130971416343916,0.7966361921672381,-0.8356850873489315,1.2105714496526023,-0.7736055022721724,-0.5005399307671932,0.9592303622513327,0.8199029227143817
-0.27731587705760424,-0.3018858511576648,-0.45738344319729113,1.0455538875075825,1.1966230044529447,-0.8260561574345483,1.2926485102069203,-0.45766713155801175,0.9592303622513327,0.8199029227143817
-0.7100809785832038,-0.595092777301473,-0.42267436339016984,0.7966361921672381,1.1966230044529447,-0.8260561574345483,-0.7736055022721724,-0.5219763303717839,-1.0425024471212316,0.8199029227143817
-0.8182722539646038,-0.595092777301473,-0.44883193078104383,1.294471582847927,1.1966230044529447,-0.8260561574345483,1.2926485102069203,-0.45766713155801175,-1.0425024471212316,0.8199029227143817
-0.547794065511104,-0.3018858511576648,-0.4756602050280941,1.294471582847927,-0.8356850873489315,-0.8260561574345483,1.2926485102069203,-0.43623073195342105,0.9592303622513327,-1.2196565865253737
-0.7641766162739038,-0.595092777301473,-0.4586410185526216,1.294471582847927,1.1966230044529447,1.2105714496526023,-0.7736055022721724,-0.35048513353505817,-1.0425024471212316,-1.2196565865253737
-0.4396027901297041,-0.595092777301473,-0.4725581858182789,-0.4479522845344837,-0.8356850873489315,1.2105714496526023,-0.7736055022721724,-0.5219763303717839,0.9592303622513327,-1.2196565865253737
-0.3314115147483042,-0.595092777301473,-0.4709652570348603,0.2988008014865494,-0.8356850873489315,-0.8260561574345483,-0.7736055022721724,-0.43623073195342105,-1.0425024471212316,0.8199029227143817
-0.6018897032018039,-0.595092777301473,-0.39618144257120774,1.0455538875075825,1.1966230044529447,-0.8260561574345483,-0.7736055022721724,-0.5005399307671932,-1.0425024471212316,-1.2196565865253737
-0.4936984278204041,-0.595092777301473,-0.4277885031685138,-0.4479522845344837,-0.8356850873489315,-0.8260561574345483,1.2926485102069203,-0.35048513353505817,0.9592303622513327,-1.2196565865253737
-0.3314115147483042,-0.595092777301473,-0.42191981817697155,0.2988008014865494,1.1966230044529447,1.2105714496526023,-0.7736055022721724,-0.41479433234883034,0.9592303622513327,-1.2196565865253737
-0.2232202393669043,-0.595092777301473,-0.4052359851295872,1.0455538875075825,-0.8356850873489315,1.2105714496526023,-0.7736055022721724,-0.5005399307671932,0.9592303622513327,0.8199029227143817
-0.7641766162739038,-0.595092777301473,-0.42401577710252236,0.049883106146205045,-0.8356850873489315,1.2105714496526023,-0.7736055022721724,-0.47910353116260246,0.9592303622513327,0.8199029227143817
-0.16912460167620436,-0.3018858511576648,-0.46786323782504513,1.0455538875075825,1.1966230044529447,-0.8260561574345483,1.2926485102069203,-0.3719215331396489,0.9592303622513327,-1.2196565865253737
-0.4396027901297041,-0.3018858511576648,-0.40062487549337544,0.7966361921672381,-0.8356850873489315,1.2105714496526023,-0.7736055022721724,-0.5219763303717839,-1.0425024471212316,-1.2196565865253737
-0.7641766162739038,-0.3018858511576648,-0.3848632643732334,-0.4479522845344837,-0.8356850873489315,1.2105714496526023,1.2926485102069203,-0.47910353116260246,-1.0425024471212316,0.8199029227143817
-0.6559853408925039,-0.595092777301473,-0.42887840180980025,0.049883106146205045,-0.8356850873489315,1.2105714496526023,-0.7736055022721724,-0.5219763303717839,0.9592303622513327,0.8199029227143817
-0.8182722539646038,-0.595092777301473,-0.4000380069942212,0.7966361921672381,1.1966230044529447,1.2105714496526023,1.2926485102069203,-0.3719215331396489,-1.0425024471212316,0.8199029227143817
-0.06093332629480444,-0.3018858511576648,-0.4467359718554931,0.2988008014865494,1.1966230044529447,1.2105714496526023,-0.7736055022721724,-0.5219763303717839,0.9592303622513327,0.8199029227143817
-0.6018897032018039,-0.3018858511576648,-0.4196561825373767,1.0455538875075825,-0.8356850873489315,-0.8260561574345483,-0.7736055022721724,-0.43623073195342105,-1.0425024471212316,-1.2196565865253737
-0.38550715243900413,-0.3018858511576648,-0.44933496092317604,0.7966361921672381,-0.8356850873489315,-0.8260561574345483,1.2926485102069203,-0.45766713155801175,-1.0425024471212316,0.8199029227143817
-0.8182722539646038,-0.595092777301473,-0.41563194140031917,0.049883106146205045,-0.8356850873489315,-0.8260561574345483,-0.7736055022721724,-0.3933579327442396,0.9592303622513327,-1.2196565865253737
-0.38550715243900413,-0.3018858511576648,-0.38603700137154184,-0.4479522845344837,1.1966230044529447,-0.8260561574345483,-0.7736055022721724,-0.43623073195342105,0.9592303622513327,0.8199029227143817
-0.27731587705760424,-0.3018858511576648,-0.4549521308436522,-0.4479522845344837,1.1966230044529447,1.2105714496526023,-0.7736055022721724,-0.3719215331396489,0.9592303622513327,-1.2196565865253737
-0.06093332629480444,-0.595092777301473,-0.4495864759942421,1.294471582847927,-0.8356850873489315,-0.8260561574345483,1.2926485102069203,-0.5219763303717839,-1.0425024471212316,-1.2196565865253737
-0.4396027901297041,-0.3018858511576648,-0.40825416598238035,1.0455538875075825,1.1966230044529447,-0.8260561574345483,-0.7736055022721724,-0.43623073195342105,0.9592303622513327,0.8199029227143817
-0.547794065511104,-0.595092777301473,-0.43525011694347465,0.7966361921672381,1.1966230044529447,-0.8260561574345483,1.2926485102069203,-0.45766713155801175,0.9592303622513327,-1.2196565865253737
-0.4936984278204041,-0.595092777301473,-0.4722228323901908,1.294471582847927,1.1966230044529447,1.2105714496526023,1.2926485102069203,-0.47910353116260246,0.9592303622513327,-1.2196565865253737
-0.7100809785832038,-0.595092777301473,-0.42804001823957993,0.049883106146205045,1.1966230044529447,-0.8260561574345483,1.2926485102069203,-0.43623073195342105,0.9592303622513327,-1.2196565865253737
-0.1150289639855044,-0.3018858511576648,-0.4270339579553155,1.294471582847927,-0.8356850873489315,1.2105714496526023,-0.7736055022721724,-0.47910353116260246,0.9592303622513327,0.8199029227143817
-0.06093332629480444,-0.3018858511576648,-0.4008763905644415,-0.19903458919413933,1.1966230044529447,1.2105714496526023,1.2926485102069203,-0.3719215331396489,0.9592303622513327,0.8199029227143817
-0.8182722539646038,-0.595092777301473,-0.45746728155431315,0.2988008014865494,1.1966230044529447,1.2105714496526023,1.2926485102069203,-0.47910353116260246,-1.0425024471212316,0.8199029227143817
-0.6018897032018039,-0.3018858511576648,-0.3983612398537806,1.294471582847927,-0.8356850873489315,-0.8260561574345483,-0.7736055022721724,-0.5219763303717839,-1.0425024471212316,-1.2196565865253737
-0.1150289639855044,-0.3018858511576648,-0.4422925389333254,0.2988008014865494,-0.8356850873489315,1.2105714496526023,1.2926485102069203,-0.35048513353505817,-1.0425024471212316,-1.2196565865253737
-0.2232202393669043,-0.3018858511576648,-0.4149612345441429,0.049883106146205045,1.1966230044529447,-0.8260561574345483,1.2926485102069203,-0.35048513353505817,-1.0425024471212316,-1.2196565865253737
-0.2232202393669043,-0.3018858511576648,-0.39282790829032643,-0.19903458919413933,1.1966230044529447,-0.8260561574345483,-0.7736055022721724,-0.41479433234883034,0.9592303622513327,-1.2196565865253737
-0.7641766162739038,-0.595092777301473,-0.4005410371363534,-0.4479522845344837,-0.8356850873489315,-0.8260561574345483,-0.7736055022721724,-0.5219763303717839,0.9592303622513327,0.8199029227143817
-0.1150289639855044,-0.3018858511576648,-0.4039784097742567,1.0455538875075825,-0.8356850873489315,1.2105714496526023,1.2926485102069203,-0.3719215331396489,-1.0425024471212316,-1.2196565865253737
-0.6018897032018039,-0.595092777301473,-0.4085056810534464,0.5477184968268938,-0.8356850873489315,1.2105714496526023,-0.7736055022721724,-0.5005399307671932,-1.0425024471212316,-1.2196565865253737
-0.4396027901297041,-0.595092777301473,-0.4348309251583645,0.5477184968268938,1.1966230044529447,-0.8260561574345483,-0.7736055022721724,-0.35048513353505817,-1.0425024471212316,-1.2196565865253737
-0.27731587705760424,-0.3018858511576648,-0.39727134121249413,1.0455538875075825,1.1966230044529447,1.2105714496526023,-0.7736055022721724,-0.3719215331396489,0.9592303622513327,0.8199029227143817
-0.38550715243900413,-0.595092777301473,-0.40515214677256517,0.049883106146205045,-0.8356850873489315,1.2105714496526023,1.2926485102069203,-0.47910353116260246,0.9592303622513327,-1.2196565865253737
-0.7641766162739038,-0.3018858511576648,-0.45352687877427766,-0.19903458919413933,1.1966230044529447,1.2105714496526023,1.2926485102069203,-0.43623073195342105,0.9592303622513327,0.8199029227143817
-0.2232202393669043,-0.3018858511576648,-0.4713844488199705,-0.19903458919413933,-0.8356850873489315,-0.8260561574345483,-0.7736055022721724,-0.35048513353505817,-1.0425024471212316,0.8199029227143817
-0.7100809785832038,-0.595092777301473,-0.43164506759152727,0.2988008014865494,1.1966230044529447,1.2105714496526023,1.2926485102069203,-0.5219763303717839,-1.0425024471212316,-1.2196565865253737
-0.7100809785832038,-0.595092777301473,-0.42426729217358844,-0.4479522845344837,-0.8356850873489315,1.2105714496526023,-0.7736055022721724,-0.35048513353505817,-1.0425024471212316,-1.2196565865253737
-0.8182722539646038,-0.595092777301473,-0.3851147794442995,0.7966361921672381,-0.8356850873489315,-0.8260561574345483,-0.7736055022721724,-0.45766713155801175,-1.0425024471212316,-1.2196565865253737
-0.4396027901297041,-0.595092777301473,-0.3867077082277181,1.294471582847927,1.1966230044529447,1.2105714496526023,-0.7736055022721724,-0.45766713155801175,-1.0425024471212316,-1.2196565865253737
-0.547794065511104,-0.3018858511576648,-0.3958460891431196,-0.19903458919413933,1.1966230044529447,-0.8260561574345483,-0.7736055022721724,-0.45766713155801175,0.9592303622513327,0.8199029227143817
-0.2232202393669043,-0.3018858511576648,-0.4435501142886558,1.0455538875075825,1.1966230044529447,1.2105714496526023,-0.7736055022721724,-0.35048513353505817,0.9592303622513327,0.8199029227143817
-0.16912460167620436,-0.3018858511576648,-0.4143743660449887,0.7966361921672381,1.1966230044529447,1.2105714496526023,1.2926485102069203,-0.41479433234883034,0.9592303622513327,0.8199029227143817
-0.4396027901297041,-0.595092777301473,-0.41588345647138525,0.5477184968268938,1.1966230044529447,1.2105714496526023,1.2926485102069203,-0.3719215331396489,0.9592303622513327,0.8199029227143817
-0.27731587705760424,-0.595092777301473,-0.4214167880348394,0.7966361921672381,1.1966230044529447,1.2105714496526023,1.2926485102069203,-0.45766713155801175,0.9592303622513327,0.8199029227143817
-0.38550715243900413,-0.595092777301473,-0.4507602129925506,-0.4479522845344837,-0.8356850873489315,1.2105714496526023,1.2926485102069203,-0.47910353116260246,-1.0425024471212316,0.8199029227143817
-0.6018897032018039,-0.3018858511576648,-0.44279556907545753,1.0455538875075825,1.1966230044529447,1.2105714496526023,-0.7736055022721724,-0.5219763303717839,0.9592303622513327,0.8199029227143817
-0.1150289639855044,-0.595092777301473,-0.4261955743850952,-0.4479522845344837,-0.8356850873489315,-0.8260561574345483,-0.7736055022721724,-0.3933579327442396,-1.0425024471212316,0.8199029227143817
-0.2232202393669043,-0.3018858511576648,-0.43281880458983574,0.7966361921672381,-0.8356850873489315,1.2105714496526023,1.2926485102069203,-0.45766713155801175,0.9592303622513327,0.8199029227143817
-0.1150289639855044,-0.595092777301473,-0.4427117307184355,1.294471582847927,1.1966230044529447,1.2105714496526023,1.2926485102069203,-0.3719215331396489,-1.0425024471212316,0.8199029227143817
-0.7100809785832038,-0.3018858511576648,-0.4448076896439863,0.049883106146205045,-0.8356850873489315,1.2105714496526023,-0.7736055022721724,-0.47910353116260246,-1.0425024471212316,-1.2196565865253737
-0.6018897032018039,-0.3018858511576648,-0.4039784097742567,-0.19903458919413933,-0.8356850873489315,-0.8260561574345483,-0.7736055022721724,-0.5219763303717839,-1.0425024471212316,-1.2196565865253737
-0.6018897032018039,-0.595092777301473,-0.40959557969473287,1.0455538875075825,1.1966230044529447,-0.8260561574345483,-0.7736055022721724,-0.43623073195342105,-1.0425024471212316,-1.2196565865253737
-0.6018897032018039,-0.595092777301473,-0.42074608117866313,0.049883106146205045,1.1966230044529447,-0.8260561574345483,1.2926485102069203,-0.5005399307671932,-1.0425024471212316,0.8199029227143817
-0.7100809785832038,-0.3018858511576648,-0.4142066893309446,0.7966361921672381,1.1966230044529447,1.2105714496526023,-0.7736055022721724,-0.47910353116260246,-1.0425024471212316,-1.2196565865253737
-0.27731587705760424,-0.3018858511576648,-0.4437177910026999,-0.19903458919413933,-0.8356850873489315,1.2105714496526023,-0.7736055022721724,-0.41479433234883034,0.9592303622513327,0.8199029227143817
-0.1150289639855044,-0.595092777301473,-0.47071374196379423,0.2988008014865494,1.1966230044529447,-0.8260561574345483,1.2926485102069203,-0.47910353116260246,-1.0425024471212316,0.8199029227143817
-0.3314115147483042,-0.595092777301473,-0.433573349803034,0.049883106146205045,1.1966230044529447,-0.8260561574345483,1.2926485102069203,-0.47910353116260246,-1.0425024471212316,-1.2196565865253737
-0.1150289639855044,-0.3018858511576648,-0.45587435277089455,0.049883106146205045,1.1966230044529447,-0.8260561574345483,1.2926485102069203,-0.41479433234883034,0.9592303622513327,0.8199029227143817
-0.6559853408925039,-0.595092777301473,-0.45956324047986397,0.7966361921672381,1.1966230044529447,1.2105714496526023,-0.7736055022721724,-0.43623073195342105,-1.0425024471212316,-1.2196565865253737
-0.38550715243900413,-0.3018858511576648,-0.41906931403822245,0.5477184968268938,-0.8356850873489315,-0.8260561574345483,-0.7736055022721724,-0.35048513353505817,0.9592303622513327,0.8199029227143817
-0.16912460167620436,-0.3018858511576648,-0.47079758032081626,0.7966361921672381,1.1966230044529447,1.2105714496526023,1.2926485102069203,-0.5219763303717839,0.9592303622513327,0.8199029227143817
-0.3314115147483042,-0.595092777301473,-0.39291174664734846,0.049883106146205045,-0.8356850873489315,1.2105714496526023,-0.7736055022721724,-0.47910353116260246,-1.0425024471212316,-1.2196565865253737
-0.38550715243900413,-0.595092777301473,-0.41848244553906827,-0.19903458919413933,1.1966230044529447,1.2105714496526023,-0.7736055022721724,-0.47910353116260246,-1.0425024471212316,-1.2196565865253737
-0.7641766162739038,-0.595092777301473,-0.4628329364037232,1.294471582847927,-0.8356850873489315,-0.8260561574345483,-0.7736055022721724,-0.41479433234883034,0.9592303622513327,-1.2196565865253737
-0.4396027901297041,-0.595092777301473,-0.39852891656782463,0.5477184968268938,-0.8356850873489315,1.2105714496526023,1.2926485102069203,-0.3719215331396489,-1.0425024471212316,-1.2196565865253737
-0.4396027901297041,-0.595092777301473,-0.4031400262040364,0.7966361921672381,-0.8356850873489315,-0.8260561574345483,1.2926485102069203,-0.47910353116260246,0.9592303622513327,-1.2196565865253737
-0.4936984278204041,-0.3018858511576648,-0.40020568370826526,1.294471582847927,1.1966230044529447,-0.8260561574345483,-0.7736055022721724,-0.47910353116260246,-1.0425024471212316,-1.2196565865253737
-0.4396027901297041,-0.3018858511576648,-0.39215720143415017,1.0455538875075825,-0.8356850873489315,-0.8260561574345483,-0.7736055022721724,-0.41479433234883034,0.9592303622513327,0.8199029227143817
-0.1150289639855044,-0.595092777301473,-0.39416932200267896,0.7966361921672381,1.1966230044529447,-0.8260561574345483,-0.7736055022721724,-0.3719215331396489,-1.0425024471212316,0.8199029227143817
-0.7100809785832038,-0.595092777301473,-0.44338243757461177,0.049883106146205045,1.1966230044529447,1.2105714496526023,-0.7736055022721724,-0.41479433234883034,-1.0425024471212316,0.8199029227143817
-0.16912460167620436,-0.595092777301473,-0.4015470974206178,1.294471582847927,1.1966230044529447,1.2105714496526023,1.2926485102069203,-0.47910353116260246,0.9592303622513327,0.8199029227143817
-0.547794065511104,-0.3018858511576648,-0.4056551769146973,0.049883106146205045,1.1966230044529447,1.2105714496526023,1.2926485102069203,-0.45766713155801175,0.9592303622513327,-1.2196565865253737
-0.8182722539646038,-0.595092777301473,-0.44740667871166934,0.2988008014865494,1.1966230044529447,1.2105714496526023,-0.7736055022721724,-0.5219763303717839,0.9592303622513327,0.8199029227143817
-0.4936984278204041,-0.595092777301473,-0.4588086952666657,1.294471582847927,-0.8356850873489315,-0.8260561574345483,-0.7736055022721724,-0.3719215331396489,0.9592303622513327,0.8199029227143817
-0.06093332629480444,-0.3018858511576648,-0.46241374461861307,1.294471582847927,1.1966230044529447,-0.8260561574345483,1.2926485102069203,-0.45766713155801175,-1.0425024471212316,-1.2196565865253737
-0.06093332629480444,-0.3018858511576648,-0.44304708414652366,0.7966361921672381,-0.8356850873489315,-0.8260561574345483,-0.7736055022721724,-0.41479433234883034,0.9592303622513327,0.8199029227143817
-0.8182722539646038,-0.595092777301473,-0.41144002354921755,0.049883106146205045,-0.8356850873489315,-0.8260561574345483,1.2926485102069203,-0.47910353116260246,0.9592303622513327,-1.2196565865253737
-0.38550715243900413,-0.595092777301473,-0.4277046648114918,1.0455538875075825,-0.8356850873489315,1.2105714496526023,-0.7736055022721724,-0.41479433234883034,-1.0425024471212316,-1.2196565865253737
-0.8182722539646038,-0.595092777301473,-0.4311420374493951,-0.4479522845344837,-0.8356850873489315,-0.8260561574345483,1.2926485102069203,-0.35048513353505817,-1.0425024471212316,-1.2196565865253737
-0.8182722539646038,-0.3018858511576648,-0.38419255751705716,0.5477184968268938,-0.8356850873489315,1.2105714496526023,-0.7736055022721724,-0.35048513353505817,0.9592303622513327,0.8199029227143817
-0.06093332629480444,-0.595092777301473,-0.40104406727848557,-0.4479522845344837,-0.8356850873489315,-0.8260561574345483,-0.7736055022721724,-0.47910353116260246,-1.0425024471212316,-1.2196565865253737
-0.4936984278204041,-0.595092777301473,-0.4419571855052372,0.5477184968268938,-0.8356850873489315,-0.8260561574345483,1.2926485102069203,-0.47910353116260246,0.9592303622513327,0.8199029227143817
-0.7641766162739038,-0.595092777301473,-0.4249379990297647,1.0455538875075825,1.1966230044529447,-0.8260561574345483,1.2926485102069203,-0.45766713155801175,-1.0425024471212316,0.8199029227143817
-0.1150289639855044,-0.3018858511576648,-0.4064935604849177,1.294471582847927,-0.8356850873489315,-0.8260561574345483,-0.7736055022721724,-0.3933579327442396,0.9592303622513327,0.8199029227143817
-0.6018897032018039,-0.3018858511576648,-0.4180632537539581,1.294471582847927,1.1966230044529447,1.2105714496526023,-0.7736055022721724,-0.47910353116260246,-1.0425024471212316,-1.2196565865253737
-0.4396027901297041,-0.595092777301473,-0.4002895220652873,0.7966361921672381,-0.8356850873489315,1.2105714496526023,1.2926485102069203,-0.3719215331396489,0.9592303622513327,-1.2196565865253737
-0.4396027901297041,-0.595092777301473,-0.47121677210592644,0.2988008014865494,-0.8356850873489315,1.2105714496526023,1.2926485102069203,-0.3719215331396489,0.9592303622513327,-1.2196565865253737
-0.7100809785832038,-0.3018858511576648,-0.4452268814290965,0.049883106146205045,-0.8356850873489315,1.2105714496526023,-0.7736055022721724,-0.41479433234883034,-1.0425024471212316,0.8199029227143817
-0.4936984278204041,-0.3018858511576648,-0.43776526765413565,0.049883106146205045,-0.8356850873489315,-0.8260561574345483,-0.7736055022721724,-0.45766713155801175,-1.0425024471212316,0.8199029227143817
-0.7100809785832038,-0.3018858511576648,-0.46719253096886887,0.049883106146205045,1.1966230044529447,-0.8260561574345483,1.2926485102069203,-0.43623073195342105,0.9592303622513327,-1.2196565865253737
-0.547794065511104,-0.3018858511576648,-0.46945616660846373,0.7966361921672381,1.1966230044529447,1.2105714496526023,1.2926485102069203,-0.5005399307671932,0.9592303622513327,0.8199029227143817
-0.547794065511104,-0.3018858511576648,-0.45662889798409284,0.5477184968268938,1.1966230044529447,1.2105714496526023,1.2926485102069203,-0.41479433234883034,-1.0425024471212316,-1.2196565865253737
-0.7100809785832038,-0.3018858511576648,-0.4481612239248676,1.294471582847927,-0.8356850873489315,-0.8260561574345483,1.2926485102069203,-0.47910353116260246,-1.0425024471212316,-1.2196565865253737
-0.4936984278204041,-0.3018858511576648,-0.40104406727848557,1.0455538875075825,-0.8356850873489315,-0.8260561574345483,1.2926485102069203,-0.41479433234883034,-1.0425024471212316,0.8199029227143817
-0.7100809785832038,-0.3018858511576648,-0.41823093046800214,0.049883106146205045,-0.8356850873489315,1.2105714496526023,-0.7736055022721724,-0.43623073195342105,-1.0425024471212316,0.8199029227143817
-0.4396027901297041,-0.3018858511576648,-0.47364808445956535,-0.4479522845344837,1.1966230044529447,1.2105714496526023,-0.7736055022721724,-0.5005399307671932,-1.0425024471212316,-1.2196565865253737
-0.3314115147483042,-0.595092777301473,-0.4508440513495726,0.049883106146205045,-0.8356850873489315,1.2105714496526023,1.2926485102069203,-0.43623073195342105,-1.0425024471212316,0.8199029227143817
-0.6559853408925039,-0.595092777301473,-0.39567841242907553,1.294471582847927,1.1966230044529447,-0.8260561574345483,-0.7736055022721724,-0.43623073195342105,-1.0425024471212316,-1.2196565865253737
-0.06093332629480444,-0.595092777301473,-0.4089248728385566,0.7966361921672381,1.1966230044529447,1.2105714496526023,-0.7736055022721724,-0.35048513353505817,-1.0425024471212316,-1.2196565865253737
-0.06093332629480444,-0.3018858511576648,-0.43566930872858484,1.0455538875075825,-0.8356850873489315,1.2105714496526023,1.2926485102069203,-0.3719215331396489,-1.0425024471212316,0.8199029227143817
-0.16912460167620436,-0.595092777301473,-0.4278723415255358,0.2988008014865494,-0.8356850873489315,1.2105714496526023,-0.7736055022721724,-0.3933579327442396,0.9592303622513327,-1.2196565865253737
-0.8182722539646038,-0.3018858511576648,-0.4375137525830695,1.0455538875075825,1.1966230044529447,1.2105714496526023,-0.7736055022721724,-0.47910353116260246,-1.0425024471212316,0.8199029227143817
-0.6559853408925039,-0.3018858511576648,-0.4453107197861185,-0.4479522845344837,1.1966230044529447,1.2105714496526023,-0.7736055022721724,-0.45766713155801175,-1.0425024471212316,-1.2196565865253737
-0.1150289639855044,-0.595092777301473,-0.40389457141723467,0.049883106146205045,1.1966230044529447,-0.8260561574345483,1.2926485102069203,-0.41479433234883034,0.9592303622513327,0.8199029227143817
-0.4936984278204041,-0.3018858511576648,-0.44648445678442694,0.049883106146205045,-0.8356850873489315,1.2105714496526023,1.2926485102069203,-0.47910353116260246,0.9592303622513327,0.8199029227143817
-0.27731587705760424,-0.595092777301473,-0.4547006157725861,-0.19903458919413933,-0.8356850873489315,-0.8260561574345483,-0.7736055022721724,-0.35048513353505817,0.9592303622513327,-1.2196565865253737
-0.6559853408925039,-0.595092777301473,-0.4104339632649532,0.5477184968268938,-0.8356850873489315,1.2105714496526023,-0.7736055022721724,-0.3719215331396489,0.9592303622513327,0.8199029227143817
-0.16912460167620436,-0.595092777301473,-0.40858951941046845,-0.4479522845344837,-0.8356850873489315,1.2105714496526023,-0.7736055022721724,-0.41479433234883034,0.9592303622513327,0.8199029227143817
-0.547794065511104,-0.3018858511576648,-0.3910673027928638,-0.19903458919413933,-0.8356850873489315,1.2105714496526023,-0.7736055022721724,-0.45766713155801175,0.9592303622513327,-1.2196565865253737
-0.38550715243900413,-0.595092777301473,-0.4374299142260475,1.0455538875075825,-0.8356850873489315,-0.8260561574345483,-0.7736055022721724,-0.3933579327442396,-1.0425024471212316,0.8199029227143817
-0.8182722539646038,-0.3018858511576648,-0.39903194670995684,0.2988008014865494,1.1966230044529447,-0.8260561574345483,-0.7736055022721724,-0.47910353116260246,0.9592303622513327,-1.2196565865253737
-0.16912460167620436,-0.595092777301473,-0.43407637994516624,0.5477184968268938,1.1966230044529447,-0.8260561574345483,1.2926485102069203,-0.3719215331396489,0.9592303622513327,0.8199029227143817
-0.6018897032018039,-0.595092777301473,-0.39626528092822977,-0.4479522845344837,1.1966230044529447,1.2105714496526023,-0.7736055022721724,-0.5219763303717839,0.9592303622513327,-1.2196565865253737
-0.27731587705760424,-0.595092777301473,-0.43332183473196795,0.049883106146205045,-0.8356850873489315,1.2105714496526023,-0.7736055022721724,-0.47910353116260246,-1.0425024471212316,-1.2196565865253737
-0.4936984278204041,-0.3018858511576648,-0.43390870323112213,1.0455538875075825,1.1966230044529447,-0.8260561574345483,1.2926485102069203,-0.43623073195342105,0.9592303622513327,-1.2196565865253737
-0.8182722539646038,-0.3018858511576648,-0.40858951941046845,-0.4479522845344837,-0.8356850873489315,-0.8260561574345483,-0.7736055022721724,-0.43623073195342105,-1.0425024471212316,-1.2196565865253737
-0.1150289639855044,-0.3018858511576648,-0.42577638259998507,0.049883106146205045,-0.8356850873489315,1.2105714496526023,-0.7736055022721724,-0.5005399307671932,0.9592303622513327,0.8199029227143817
-0.6559853408925039,-0.595092777301473,-0.4619945528335029,1.294471582847927,1.1966230044529447,-0.8260561574345483,-0.7736055022721724,-0.3719215331396489,0.9592303622513327,-1.2196565865253737
-0.547794065511104,-0.595092777301473,-0.4371783991549814,0.5477184968268938,-0.8356850873489315,1.2105714496526023,-0.7736055022721724,-0.43623073195342105,-1.0425024471212316,0.8199029227143817
-0.7641766162739038,-0.3018858511576648,-0.3987804316388907,1.294471582847927,1.1966230044529447,-0.8260561574345483,1.2926485102069203,-0.3933579327442396,-1.0425024471212316,-1.2196565865253737
-0.3314115147483042,-0.3018858511576648,-0.46635414739864856,1.294471582847927,1.1966230044529447,-0.8260561574345483,-0.7736055022721724,-0.3933579327442396,0.9592303622513327,0.8199029227143817
-0.6018897032018039,-0.3018858511576648,-0.3927440699333044,0.049883106146205045,-0.8356850873489315,-0.8260561574345483,1.2926485102069203,-0.43623073195342105,-1.0425024471212316,-1.2196565865253737
-0.27731587705760424,-0.3018858511576648,-0.4585571801955996,0.2988008014865494,1.1966230044529447,1.2105714496526023,-0.7736055022721724,-0.3719215331396489,-1.0425024471212316,0.8199029227143817
-0.3314115147483042,-0.3018858511576648,-0.4327349662328137,1.0455538875075825,1.1966230044529447,1.2105714496526023,-0.7736055022721724,-0.35048513353505817,0.9592303622513327,0.8199029227143817
-0.8182722539646038,-0.3018858511576648,-0.4164703249705395,0.7966361921672381,1.1966230044529447,-0.8260561574345483,1.2926485102069203,-0.45766713155801175,0.9592303622513327,-1.2196565865253737
-0.547794065511104,-0.595092777301473,-0.46434202683011977,0.049883106146205045,1.1966230044529447,1.2105714496526023,-0.7736055022721724,-0.45766713155801175,0.9592303622513327,-1.2196565865253737
-0.547794065511104,-0.3018858511576648,-0.44749051706869136,0.2988008014865494,-0.8356850873489315,1.2105714496526023,1.2926485102069203,-0.3719215331396489,-1.0425024471212316,-1.2196565865253737
-0.16912460167620436,-0.595092777301473,-0.430890522378329,0.7966361921672381,1.1966230044529447,1.2105714496526023,1.2926485102069203,-0.5219763303717839,0.9592303622513327,0.8199029227143817
-0.06093332629480444,-0.595092777301473,-0.470210711821662,1.0455538875075825,1.1966230044529447,1.2105714496526023,1.2926485102069203,-0.45766713155801175,0.9592303622513327,0.8199029227143817
-0.06093332629480444,-0.3018858511576648,-0.44380162935972195,1.294471582847927,1.1966230044529447,-0.8260561574345483,-0.7736055022721724,-0.41479433234883034,-1.0425024471212316,0.8199029227143817
-0.6559853408925039,-0.3018858511576648,-0.4743187913157416,0.5477184968268938,-0.8356850873489315,1.2105714496526023,-0.7736055022721724,-0.45766713155801175,-1.0425024471212316,0.8199029227143817
-0.16912460167620436,-0.595092777301473,-0.4186501222531123,0.5477184968268938,1.1966230044529447,1.2105714496526023,-0.7736055022721724,-0.41479433234883034,0.9592303622513327,-1.2196565865253737
-0.4396027901297041,-0.3018858511576648,-0.4697076816795298,1.0455538875075825,-0.8356850873489315,-0.8260561574345483,-0.7736055022721724,-0.43623073195342105,-1.0425024471212316,-1.2196565865253737
-0.6559853408925039,-0.3018858511576648,-0.4278723415255358,1.0455538875075825,1.1966230044529447,1.2105714496526023,1.2926485102069203,-0.35048513353505817,0.9592303622513327,-1.2196565865253737
-0.4396027901297041,-0.595092777301473,-0.3971875028554721,-0.4479522845344837,1.1966230044529447,1.2105714496526023,-0.7736055022721724,-0.35048513353505817,-1.0425024471212316,-1.2196565865253737
-0.06093332629480444,-0.595092777301473,-0.38603700137154184,0.2988008014865494,1.1966230044529447,1.2105714496526023,-0.7736055022721724,-0.45766713155801175,0.9592303622513327,0.8199029227143817
-0.16912460167620436,-0.595092777301473,-0.45822182676751144,1.294471582847927,-0.8356850873489315,-0.8260561574345483,1.2926485102069203,-0.45766713155801175,-1.0425024471212316,0.8199029227143817
-0.4396027901297041,-0.3018858511576648,-0.40422992484532283,0.2988008014865494,-0.8356850873489315,-0.8260561574345483,1.2926485102069203,-0.3719215331396489,-1.0425024471212316,-1.2196565865253737
-0.6018897032018039,-0.595092777301473,-0.42133294967781737,1.0455538875075825,-0.8356850873489315,1.2105714496526023,-0.7736055022721724,-0.45766713155801175,-1.0425024471212316,0.8199029227143817
-0.16912460167620436,-0.3018858511576648,-0.39257639321926036,-0.19903458919413933,-0.8356850873489315,1.2105714496526023,1.2926485102069203,-0.5005399307671932,-1.0425024471212316,-1.2196565865253737
-0.06093332629480444,-0.595092777301473,-0.41764406196884796,-0.19903458919413933,-0.8356850873489315,-0.8260561574345483,1.2926485102069203,-0.5005399307671932,0.9592303622513327,0.8199029227143817
-0.6559853408925039,-0.595092777301473,-0.4306390073072629,0.7966361921672381,-0.8356850873489315,-0.8260561574345483,1.2926485102069203,-0.5219763303717839,-1.0425024471212316,0.8199029227143817
-0.2232202393669043,-0.595092777301473,-0.4003733604223093,0.7966361921672381,1.1966230044529447,-0.8260561574345483,1.2926485102069203,-0.43623073195342105,0.9592303622513327,0.8199029227143817
-0.16912460167620436,-0.3018858511576648,-0.4105178016219752,-0.19903458919413933,-0.8356850873489315,1.2105714496526023,1.2926485102069203,-0.41479433234883034,-1.0425024471212316,0.8199029227143817
-0.7641766162739038,-0.3018858511576648,-0.4616591994054148,1.0455538875075825,1.1966230044529447,1.2105714496526023,-0.7736055022721724,-0.35048513353505817,-1.0425024471212316,0.8199029227143817
-0.27731587705760424,-0.595092777301473,-0.38888750551029094,1.0455538875075825,-0.8356850873489315,-0.8260561574345483,-0.7736055022721724,-0.43623073195342105,0.9592303622513327,0.8199029227143817
-0.06093332629480444,-0.595092777301473,-0.45176627327681496,0.7966361921672381,-0.8356850873489315,1.2105714496526023,-0.7736055022721724,-0.41479433234883034,-1.0425024471212316,-1.2196565865253737
-0.7100809785832038,-0.595092777301473,-0.4600662706219962,0.049883106146205045,-0.8356850873489315,1.2105714496526023,-0.7736055022721724,-0.41479433234883034,-1.0425024471212316,0.8199029227143817
-0.7100809785832038,-0.3018858511576648,-0.3992834617810229,1.0455538875075825,1.1966230044529447,1.2105714496526023,-0.7736055022721724,-0.47910353116260246,0.9592303622513327,-1.2196565865253737
-0.6559853408925039,-0.595092777301473,-0.41772790032587,-0.19903458919413933,-0.8356850873489315,1.2105714496526023,-0.7736055022721724,-0.45766713155801175,-1.0425024471212316,-1.2196565865253737
-0.6559853408925039,-0.3018858511576648,-0.40146325906359576,0.2988008014865494,-0.8356850873489315,1.2105714496526023,-0.7736055022721724,-0.5219763303717839,0.9592303622513327,-1.2196565865253737
-0.3314115147483042,-0.595092777301473,-0.4364238539417831,1.0455538875075825,1.1966230044529447,1.2105714496526023,1.2926485102069203,-0.45766713155801175,-1.0425024471212316,-1.2196565865253737
-0.27731587705760424,-0.595092777301473,-0.383773365731947,1.294471582847927,1.1966230044529447,1.2105714496526023,-0.7736055022721724,-0.5219763303717839,-1.0425024471212316,-1.2196565865253737
-0.27731587705760424,-0.595092777301473,-0.45268849520405735,1.0455538875075825,1.1966230044529447,-0.8260561574345483,-0.7736055022721724,-0.43623073195342105,-1.0425024471212316,-1.2196565865253737
-0.6018897032018039,-0.595092777301473,-0.3971036644984501,0.049883106146205045,1.1966230044529447,-0.8260561574345483,-0.7736055022721724,-0.3719215331396489,0.9592303622513327,0.8199029227143817
-0.6559853408925039,-0.595092777301473,-0.42804001823957993,0.7966361921672381,-0.8356850873489315,-0.8260561574345483,1.2926485102069203,-0.3719215331396489,-1.0425024471212316,0.8199029227143817
-0.27731587705760424,-0.595092777301473,-0.4040622481312787,1.0455538875075825,1.1966230044529447,-0.8260561574345483,-0.7736055022721724,-0.43623073195342105,-1.0425024471212316,0.8199029227143817
-0.1150289639855044,-0.3018858511576648,-0.3919895247201061,0.5477184968268938,-0.8356850873489315,-0.8260561574345483,-0.7736055022721724,-0.5005399307671932,-1.0425024471212316,-1.2196565865253737
-0.3314115147483042,-0.595092777301473,-0.4375137525830695,-0.4479522845344837,-0.8356850873489315,-0.8260561574345483,1.2926485102069203,-0.41479433234883034,-1.0425024471212316,-1.2196565865253737
-0.4396027901297041,-0.3018858511576648,-0.39894810835293476,-0.19903458919413933,1.1966230044529447,-0.8260561574345483,-0.7736055022721724,-0.5219763303717839,-1.0425024471212316,-1.2196565865253737
-0.547794065511104,-0.595092777301473,-0.4060743686998075,1.294471582847927,-0.8356850873489315,-0.8260561574345483,-0.7736055022721724,-0.3933579327442396,-1.0425024471212316,0.8199029227143817
-0.547794065511104,-0.595092777301473,-0.3846955876591893,1.294471582847927,1.1966230044529447,-0.8260561574345483,1.2926485102069203,-0.45766713155801175,-1.0425024471212316,0.8199029227143817
-0.4396027901297041,-0.3018858511576648,-0.4055713385576753,1.294471582847927,-0.8356850873489315,1.2105714496526023,-0.7736055022721724,-0.43623073195342105,-1.0425024471212316,0.8199029227143817
-0.4936984278204041,-0.595092777301473,-0.459730917193908,0.5477184968268938,1.1966230044529447,1.2105714496526023,1.2926485102069203,-0.41479433234883034,-1.0425024471212316,-1.2196565865253737
-0.06093332629480444,-0.3018858511576648,-0.42426729217358844,1.294471582847927,1.1966230044529447,-0.8260561574345483,-0.7736055022721724,-0.5219763303717839,0.9592303622513327,-1.2196565865253737
-0.3314115147483042,-0.3018858511576648,-0.4418733471482152,1.294471582847927,1.1966230044529447,1.2105714496526023,-0.7736055022721724,-0.35048513353505817,-1.0425024471212316,-1.2196565865253737
-0.1150289639855044,-0.595092777301473,-0.396852149427384,0.7966361921672381,1.1966230044529447,1.2105714496526023,-0.7736055022721724,-0.45766713155801175,0.9592303622513327,0.8199029227143817
-0.27731587705760424,-0.3018858511576648,-0.4154642646862751,0.2988008014865494,1.1966230044529447,-0.8260561574345483,1.2926485102069203,-0.3719215331396489,0.9592303622513327,-1.2196565865253737
-0.2232202393669043,-0.3018858511576648,-0.4681147528961112,-0.4479522845344837,1.1966230044529447,-0.8260561574345483,1.2926485102069203,-0.43623073195342105,0.9592303622513327,-1.2196565865253737
-0.3314115147483042,-0.595092777301473,-0.4398612265796864,0.5477184968268938,-0.8356850873489315,-0.8260561574345483,1.2926485102069203,-0.3719215331396489,-1.0425024471212316,-1.2196565865253737
-0.16912460167620436,-0.3018858511576648,-0.42108143460675124,-0.4479522845344837,-0.8356850873489315,1.2105714496526023,-0.7736055022721724,-0.5219763303717839,0.9592303622513327,-1.2196565865253737
-0.4396027901297041,-0.595092777301473,-0.4395258731515983,-0.19903458919413933,-0.8356850873489315,1.2105714496526023,-0.7736055022721724,-0.3719215331396489,0.9592303622513327,0.8199029227143817
-0.1150289639855044,-0.595092777301473,-0.4444723362158982,0.7966361921672381,1.1966230044529447,-0.8260561574345483,1.2926485102069203,-0.45766713155801175,0.9592303622513327,0.8199029227143817
-0.7641766162739038,-0.595092777301473,-0.3851147794442995,1.0455538875075825,-0.8356850873489315,1.2105714496526023,1.2926485102069203,-0.5005399307671932,-1.0425024471212316,-1.2196565865253737
-0.38550715243900413,-0.595092777301473,-0.38645619315665203,0.2988008014865494,1.1966230044529447,1.2105714496526023,-0.7736055022721724,-0.41479433234883034,0.9592303622513327,-1.2196565865253737
-0.8182722539646038,-0.3018858511576648,-0.4585571801955996,0.7966361921672381,-0.8356850873489315,1.2105714496526023,-0.7736055022721724,-0.5005399307671932,-1.0425024471212316,0.8199029227143817
-0.06093332629480444,-0.595092777301473,-0.4105178016219752,-0.4479522845344837,-0.8356850873489315,-0.8260561574345483,-0.7736055022721724,-0.43623073195342105,0.9592303622513327,0.8199029227143817
-0.4396027901297041,-0.595092777301473,-0.43130971416343916,0.5477184968268938,1.1966230044529447,1.2105714496526023,-0.7736055022721724,-0.5005399307671932,0.9592303622513327,-1.2196565865253737
-0.2232202393669043,-0.3018858511576648,-0.4619945528335029,-0.19903458919413933,-0.8356850873489315,1.2105714496526023,1.2926485102069203,-0.47910353116260246,-1.0425024471212316,0.8199029227143817
-0.27731587705760424,-0.595092777301473,-0.4220036565339936,-0.19903458919413933,-0.8356850873489315,1.2105714496526023,-0.7736055022721724,-0.41479433234883034,-1.0425024471212316,0.8199029227143817
-0.2232202393669043,-0.595092777301473,-0.46836626796717734,0.7966361921672381,-0.8356850873489315,1.2105714496526023,-0.7736055022721724,-0.5219763303717839,0.9592303622513327,-1.2196565865253737
-0.2232202393669043,-0.3018858511576648,-0.47482182145787377,1.0455538875075825,1.1966230044529447,1.2105714496526023,-0.7736055022721724,-0.41479433234883034,0.9592303622513327,0.8199029227143817
-0.6559853408925039,-0.3018858511576648,-0.394336998716723,0.5477184968268938,-0.8356850873489315,1.2105714496526023,-0.7736055022721724,-0.47910353116260246,0.9592303622513327,0.8199029227143817
-0.6559853408925039,-0.3018858511576648,-0.4084218426964244,1.0455538875075825,1.1966230044529447,1.2105714496526023,-0.7736055022721724,-0.3933579327442396,-1.0425024471212316,0.8199029227143817
-0.6018897032018039,-0.3018858511576648,-0.3966844727133399,1.0455538875075825,-0.8356850873489315,-0.8260561574345483,-0.7736055022721724,-0.5005399307671932,-1.0425024471212316,0.8199029227143817
-0.4396027901297041,-0.3018858511576648,-0.4137036591888124,1.294471582847927,-0.8356850873489315,-0.8260561574345483,-0.7736055022721724,-0.41479433234883034,0.9592303622513327,-1.2196565865253737
-0.6018897032018039,-0.3018858511576648,-0.4024693193478601,0.5477184968268938,-0.8356850873489315,1.2105714496526023,1.2926485102069203,-0.3719215331396489,0.9592303622513327,0.8199029227143817
-0.4396027901297041,-0.3018858511576648,-0.4205784044646191,-0.4479522845344837,-0.8356850873489315,-0.8260561574345483,1.2926485102069203,-0.5219763303717839,-1.0425024471212316,0.8199029227143817
-0.06093332629480444,-0.595092777301473,-0.38939053565242315,0.7966361921672381,1.1966230044529447,1.2105714496526023,1.2926485102069203,-0.35048513353505817,-1.0425024471212316,-1.2196565865253737
-0.3314115147483042,-0.3018858511576648,-0.38762993015496044,0.7966361921672381,-0.8356850873489315,1.2105714496526023,-0.7736055022721724,-0.43623073195342105,0.9592303622513327,0.8199029227143817
-0.8182722539646038,-0.3018858511576648,-0.45109556642063875,1.294471582847927,1.1966230044529447,1.2105714496526023,1.2926485102069203,-0.43623073195342105,-1.0425024471212316,-1.2196565865253737
-0.2232202393669043,-0.3018858511576648,-0.3932471000754366,0.049883106146205045,1.1966230044529447,-0.8260561574345483,-0.7736055022721724,-0.43623073195342105,0.9592303622513327,-1.2196565865253737
-0.06093332629480444,-0.595092777301473,-0.39827740149675855,0.7966361921672381,-0.8356850873489315,1.2105714496526023,-0.7736055022721724,-0.41479433234883034,-1.0425024471212316,0.8199029227143817
-0.3314115147483042,-0.595092777301473,-0.4222551716050597,-0.19903458919413933,-0.8356850873489315,1.2105714496526023,-0.7736055022721724,-0.5005399307671932,0.9592303622513327,0.8199029227143817
-0.38550715243900413,-0.3018858511576648,-0.44740667871166934,-0.4479522845344837,1.1966230044529447,-0.8260561574345483,-0.7736055022721724,-0.41479433234883034,0.9592303622513327,0.8199029227143817
-0.547794065511104,-0.3018858511576648,-0.4232612318893241,0.5477184968268938,1.1966230044529447,-0.8260561574345483,1.2926485102069203,-0.45766713155801175,0.9592303622513327,0.8199029227143817
-0.7100809785832038,-0.3018858511576648,-0.4391066813664881,0.7966361921672381,-0.8356850873489315,1.2105714496526023,-0.7736055022721724,-0.3719215331396489,-1.0425024471212316,0.8199029227143817
-0.16912460167620436,-0.595092777301473,-0.39693598778440603,-0.4479522845344837,-0.8356850873489315,-0.8260561574345483,-0.7736055022721724,-0.35048513353505817,0.9592303622513327,-1.2196565865253737
-0.1150289639855044,-0.595092777301473,-0.4063258837708736,1.294471582847927,-0.8356850873489315,-0.8260561574345483,1.2926485102069203,-0.35048513353505817,0.9592303622513327,0.8199029227143817
-0.4396027901297041,-0.3018858511576648,-0.43239961280472555,0.7966361921672381,-0.8356850873489315,1.2105714496526023,1.2926485102069203,-0.3719215331396489,-1.0425024471212316,-1.2196565865253737
-0.38550715243900413,-0.595092777301473,-0.39408548364565693,0.5477184968268938,-0.8356850873489315,1.2105714496526023,1.2926485102069203,-0.47910353116260246,0.9592303622513327,0.8199029227143817
-0.547794065511104,-0.3018858511576648,-0.3862885164426079,0.2988008014865494,1.1966230044529447,1.2105714496526023,-0.7736055022721724,-0.45766713155801175,0.9592303622513327,-1.2196565865253737
-0.27731587705760424,-0.595092777301473,-0.3958460891431196,0.5477184968268938,-0.8356850873489315,-0.8260561574345483,1.2926485102069203,-0.5219763303717839,0.9592303622513327,0.8199029227143817
-0.4936984278204041,-0.595092777301473,-0.3960976042141857,0.5477184968268938,-0.8356850873489315,-0.8260561574345483,-0.7736055022721724,-0.35048513353505817,-1.0425024471212316,0.8199029227143817
-0.8182722539646038,-0.3018858511576648,-0.396768311070362,0.5477184968268938,1.1966230044529447,-0.8260561574345483,-0.7736055022721724,-0.43623073195342105,-1.0425024471212316,0.8199029227143817
-0.1150289639855044,-0.3018858511576648,-0.4629167747607452,0.7966361921672381,-0.8356850873489315,1.2105714496526023,1.2926485102069203,-0.41479433234883034,-1.0425024471212316,0.8199029227143817
-0.6018897032018039,-0.3018858511576648,-0.4685339446812214,0.049883106146205045,-0.8356850873489315,-0.8260561574345483,1.2926485102069203,-0.47910353116260246,-1.0425024471212316,0.8199029227143817
-0.6018897032018039,-0.3018858511576648,-0.38394104244599103,0.5477184968268938,1.1966230044529447,-0.8260561574345483,1.2926485102069203,-0.3719215331396489,0.9592303622513327,-1.2196565865253737
-0.3314115147483042,-0.595092777301473,-0.39785820971164837,1.294471582847927,-0.8356850873489315,1.2105714496526023,-0.7736055022721724,-0.3933579327442396,-1.0425024471212316,0.8199029227143817
-0.1150289639855044,-0.595092777301473,-0.4609046541922165,-0.19903458919413933,1.1966230044529447,1.2105714496526023,-0.7736055022721724,-0.5219763303717839,-1.0425024471212316,0.8199029227143817
-0.6559853408925039,-0.595092777301473,-0.4581379884104894,-0.19903458919413933,-0.8356850873489315,1.2105714496526023,-0.7736055022721724,-0.43623073195342105,-1.0425024471212316,0.8199029227143817
-0.547794065511104,-0.3018858511576648,-0.4369268840839153,1.294471582847927,-0.8356850873489315,-0.8260561574345483,-0.7736055022721724,-0.35048513353505817,0.9592303622513327,-1.2196565865253737
-0.4936984278204041,-0.595092777301473,-0.423009716818258,-0.4479522845344837,-0.8356850873489315,1.2105714496526023,-0.7736055022721724,-0.41479433234883034,0.9592303622513327,0.8199029227143817
-0.38550715243900413,-0.3018858511576648,-0.40674507555598377,0.049883106146205045,1.1966230044529447,-0.8260561574345483,-0.7736055022721724,-0.3719215331396489,0.9592303622513327,-1.2196565865253737
-0.8182722539646038,-0.595092777301473,-0.4250218373867867,-0.4479522845344837,1.1966230044529447,-0.8260561574345483,1.2926485102069203,-0.5219763303717839,-1.0425024471212316,0.8199029227143817
-0.06093332629480444,-0.3018858511576648,-0.40171477413466183,1.294471582847927,1.1966230044529447,1.2105714496526023,-0.7736055022721724,-0.3933579327442396,0.9592303622513327,-1.2196565865253737
-0.547794065511104,-0.3018858511576648,-0.4452268814290965,-0.19903458919413933,1.1966230044529447,1.2105714496526023,1.2926485102069203,-0.47910353116260246,0.9592303622513327,0.8199029227143817
-0.4936984278204041,-0.595092777301473,-0.4527723335610794,1.0455538875075825,-0.8356850873489315,1.2105714496526023,1.2926485102069203,-0.35048513353505817,-1.0425024471212316,0.8199029227143817
-0.7100809785832038,-0.3018858511576648,-0.444053144430788,-0.19903458919413933,1.1966230044529447,1.2105714496526023,1.2926485102069203,-0.41479433234883034,0.9592303622513327,-1.2196565865253737
-0.4396027901297041,-0.3018858511576648,-0.3966844727133399,0.2988008014865494,1.1966230044529447,1.2105714496526023,1.2926485102069203,-0.43623073195342105,-1.0425024471212316,0.8199029227143817
-0.06093332629480444,-0.595092777301473,-0.3846955876591893,0.5477184968268938,1.1966230044529447,-0.8260561574345483,1.2926485102069203,-0.3719215331396489,-1.0425024471212316,-1.2196565865253737
-0.6018897032018039,-0.3018858511576648,-0.40800265091131427,1.0455538875075825,-0.8356850873489315,-0.8260561574345483,-0.7736055022721724,-0.3719215331396489,0.9592303622513327,0.8199029227143817
-0.06093332629480444,-0.3018858511576648,-0.3983612398537806,-0.19903458919413933,-0.8356850873489315,-0.8260561574345483,-0.7736055022721724,-0.47910353116260246,-1.0425024471212316,0.8199029227143817
-0.38550715243900413,-0.3018858511576648,-0.43449557173027636,0.7966361921672381,1.1966230044529447,1.2105714496526023,-0.7736055022721724,-0.5005399307671932,-1.0425024471212316,-1.2196565865253737
-0.6018897032018039,-0.595092777301473,-0.38410871916003514,0.7966361921672381,1.1966230044529447,-0.8260561574345483,-0.7736055022721724,-0.5005399307671932,-1.0425024471212316,0.8199029227143817
-0.38550715243900413,-0.595092777301473,-0.44539455814314055,-0.4479522845344837,-0.8356850873489315,1.2105714496526023,1.2926485102069203,-0.43623073195342105,-1.0425024471212316,-1.2196565865253737
-0.3314115147483042,-0.3018858511576648,-0.42812385659660196,1.0455538875075825,1.1966230044529447,1.2105714496526023,1.2926485102069203,-0.3933579327442396,-1.0425024471212316,-1.2196565865253737
-0.6559853408925039,-0.595092777301473,-0.41194305369134976,-0.4479522845344837,1.1966230044529447,-0.8260561574345483,1.2926485102069203,-0.3719215331396489,-1.0425024471212316,0.8199029227143817
-0.38550715243900413,-0.3018858511576648,-0.4527723335610794,0.5477184968268938,1.1966230044529447,-0.8260561574345483,-0.7736055022721724,-0.3719215331396489,0.9592303622513327,0.8199029227143817
-0.6018897032018039,-0.3018858511576648,-0.4717198022480586,0.5477184968268938,1.1966230044529447,1.2105714496526023,-0.7736055022721724,-0.3719215331396489,-1.0425024471212316,0.8199029227143817
-0.3314115147483042,-0.3018858511576648,-0.4148773961871209,0.2988008014865494,-0.8356850873489315,-0.8260561574345483,-0.7736055022721724,-0.47910353116260246,-1.0425024471212316,-1.2196565865253737
-0.38550715243900413,-0.3018858511576648,-0.3999541686371992,1.294471582847927,-0.8356850873489315,1.2105714496526023,-0.7736055022721724,-0.5005399307671932,-1.0425024471212316,-1.2196565865253737
-0.7100809785832038,-0.3018858511576648,-0.39810972478271445,1.294471582847927,-0.8356850873489315,-0.8260561574345483,1.2926485102069203,-0.45766713155801175,-1.0425024471212316,0.8199029227143817
-0.06093332629480444,-0.595092777301473,-0.4286268867387341,0.049883106146205045,1.1966230044529447,-0.8260561574345483,1.2926485102069203,-0.5219763303717839,0.9592303622513327,-1.2196565865253737
-0.6559853408925039,-0.3018858511576648,-0.41026628655090913,-0.4479522845344837,1.1966230044529447,-0.8260561574345483,-0.7736055022721724,-0.47910353116260246,0.9592303622513327,-1.2196565865253737
-0.38550715243900413,-0.595092777301473,-0.43525011694347465,0.5477184968268938,-0.8356850873489315,-0.8260561574345483,-0.7736055022721724,-0.35048513353505817,-1.0425024471212316,-1.2196565865253737
-0.3314115147483042,-0.595092777301473,-0.4269501195982935,1.294471582847927,-0.8356850873489315,-0.8260561574345483,1.2926485102069203,-0.3933579327442396,0.9592303622513327,-1.2196565865253737
-0.27731587705760424,-0.3018858511576648,-0.45612586784196063,-0.4479522845344837,-0.8356850873489315,1.2105714496526023,1.2926485102069203,-0.3933579327442396,-1.0425024471212316,0.8199029227143817
-0.547794065511104,-0.3018858511576648,-0.47121677210592644,0.5477184968268938,1.1966230044529447,-0.8260561574345483,1.2926485102069203,-0.5219763303717839,-1.0425024471212316,0.8199029227143817
-0.7641766162739038,-0.595092777301473,-0.44572991157122865,-0.19903458919413933,-0.8356850873489315,-0.8260561574345483,1.2926485102069203,-0.3933579327442396,-1.0425024471212316,0.8199029227143817
-0.4936984278204041,-0.595092777301473,-0.46668950082673666,-0.4479522845344837,1.1966230044529447,-0.8260561574345483,-0.7736055022721724,-0.3933579327442396,-1.0425024471212316,-1.2196565865253737
-0.7641766162739038,-0.595092777301473,-0.45981475555093004,-0.19903458919413933,1.1966230044529447,1.2105714496526023,1.2926485102069203,-0.45766713155801175,0.9592303622513327,-1.2196565865253737
-0.27731587705760424,-0.3018858511576648,-0.40012184535124323,-0.4479522845344837,-0.8356850873489315,1.2105714496526023,1.2926485102069203,-0.3933579327442396,0.9592303622513327,-1.2196565865253737
-0.7641766162739038,-0.595092777301473,-0.4036430563461686,0.049883106146205045,-0.8356850873489315,1.2105714496526023,1.2926485102069203,-0.3719215331396489,-1.0425024471212316,-1.2196565865253737
-0.27731587705760424,-0.3018858511576648,-0.428291533310646,0.2988008014865494,1.1966230044529447,1.2105714496526023,1.2926485102069203,-0.47910353116260246,-1.0425024471212316,0.8199029227143817
-0.8182722539646038,-0.3018858511576648,-0.3850309410872775,0.7966361921672381,-0.8356850873489315,1.2105714496526023,-0.7736055022721724,-0.5005399307671932,0.9592303622513327,-1.2196565865253737
-0.27731587705760424,-0.3018858511576648,-0.4214167880348394,1.294471582847927,-0.8356850873489315,-0.8260561574345483,-0.7736055022721724,-0.3933579327442396,0.9592303622513327,-1.2196565865253737
-0.27731587705760424,-0.595092777301473,-0.47264202417530093,0.7966361921672381,1.1966230044529447,-0.8260561574345483,-0.7736055022721724,-0.43623073195342105,-1.0425024471212316,0.8199029227143817
-0.2232202393669043,-0.3018858511576648,-0.3859531630145198,0.7966361921672381,1.1966230044529447,-0.8260561574345483,-0.7736055022721724,-0.43623073195342105,0.9592303622513327,0.8199029227143817
-0.27731587705760424,-0.3018858511576648,-0.4225066866761258,-0.19903458919413933,1.1966230044529447,1.2105714496526023,-0.7736055022721724,-0.43623073195342105,-1.0425024471212316,0.8199029227143817
-0.7100809785832038,-0.3018858511576648,-0.38897134386731297,1.0455538875075825,1.1966230044529447,1.2105714496526023,-0.7736055022721724,-0.3933579327442396,0.9592303622513327,-1.2196565865253737
-0.547794065511104,-0.3018858511576648,-0.47289353924636707,0.5477184968268938,1.1966230044529447,-0.8260561574345483,1.2926485102069203,-0.35048513353505817,0.9592303622513327,-1.2196565865253737
-0.4396027901297041,-0.3018858511576648,-0.46744404603993495,0.7966361921672381,-0.8356850873489315,1.2105714496526023,1.2926485102069203,-0.3719215331396489,0.9592303622513327,-1.2196565865253737
-0.38550715243900413,-0.595092777301473,-0.4619945528335029,0.049883106146205045,1.1966230044529447,1.2105714496526023,1.2926485102069203,-0.41479433234883034,0.9592303622513327,-1.2196565865253737
-0.4936984278204041,-0.3018858511576648,-0.44380162935972195,0.7966361921672381,1.1966230044529447,1.2105714496526023,1.2926485102069203,-0.3933579327442396,-1.0425024471212316,-1.2196565865253737
-0.6559853408925039,-0.3018858511576648,-0.4096794180517549,-0.4479522845344837,1.1966230044529447,-0.8260561574345483,-0.7736055022721724,-0.35048513353505817,-1.0425024471212316,-1.2196565865253737
-0.547794065511104,-0.595092777301473,-0.4733127310314772,-0.19903458919413933,-0.8356850873489315,-0.8260561574345483,1.2926485102069203,-0.41479433234883034,0.9592303622513327,0.8199029227143817
-0.6018897032018039,-0.3018858511576648,-0.4749894981719179,1.0455538875075825,1.1966230044529447,1.2105714496526023,-0.7736055022721724,-0.5219763303717839,-1.0425024471212316,-1.2196565865253737
-0.4396027901297041,-0.595092777301473,-0.46786323782504513,-0.4479522845344837,1.1966230044529447,1.2105714496526023,1.2926485102069203,-0.45766713155801175,0.9592303622513327,0.8199029227143817
-0.8182722539646038,-0.3018858511576648,-0.4379329443681797,1.0455538875075825,1.1966230044529447,1.2105714496526023,1.2926485102069203,-0.3719215331396489,0.9592303622513327,0.8199029227143817
-0.8182722539646038,-0.595092777301473,-0.45981475555093004,-0.4479522845344837,-0.8356850873489315,1.2105714496526023,1.2926485102069203,-0.3933579327442396,-1.0425024471212316,0.8199029227143817
-0.16912460167620436,-0.595092777301473,-0.4351662785864526,-0.4479522845344837,1.1966230044529447,-0.8260561574345483,-0.7736055022721724,-0.47910353116260246,-1.0425024471212316,-1.2196565865253737
-0.06093332629480444,-0.3018858511576648,-0.4559581911279166,1.294471582847927,1.1966230044529447,1.2105714496526023,1.2926485102069203,-0.47910353116260246,-1.0425024471212316,-1.2196565865253737
-0.27731587705760424,-0.3018858511576648,-0.3846117493021673,0.2988008014865494,1.1966230044529447,-0.8260561574345483,-0.7736055022721724,-0.47910353116260246,0.9592303622513327,0.8199029227143817
-0.547794065511104,-0.3018858511576648,-0.41429052768796665,0.2988008014865494,-0.8356850873489315,-0.8260561574345483,-0.7736055022721724,-0.5219763303717839,-1.0425024471212316,-1.2196565865253737
-0.3314115147483042,-0.595092777301473,-0.39282790829032643,0.5477184968268938,-0.8356850873489315,-0.8260561574345483,1.2926485102069203,-0.5219763303717839,-1.0425024471212316,-1.2196565865253737
-0.2232202393669043,-0.595092777301473,-0.40674507555598377,-0.19903458919413933,-0.8356850873489315,1.2105714496526023,-0.7736055022721724,-0.41479433234883034,-1.0425024471212316,0.8199029227143817
-0.7641766162739038,-0.595092777301473,-0.4670248542548248,0.049883106146205045,-0.8356850873489315,-0.8260561574345483,-0.7736055022721724,-0.5219763303717839,-1.0425024471212316,-1.2196565865253737
-0.6018897032018039,-0.3018858511576648,-0.4607369774781724,0.049883106146205045,1.1966230044529447,-0.8260561574345483,1.2926485102069203,-0.43623073195342105,0.9592303622513327,-1.2196565865253737
-0.8182722539646038,-0.595092777301473,-0.4604854624071063,0.049883106146205045,1.1966230044529447,1.2105714496526023,1.2926485102069203,-0.45766713155801175,0.9592303622513327,-1.2196565865253737
-0.4936984278204041,-0.595092777301473,-0.45696425141218094,1.294471582847927,-0.8356850873489315,1.2105714496526023,1.2926485102069203,-0.43623073195342105,0.9592303622513327,-1.2196565865253737
-0.8182722539646038,-0.3018858511576648,-0.4107693166930413,-0.4479522845344837,-0.8356850873489315,1.2105714496526023,1.2926485102069203,-0.3933579327442396,0.9592303622513327,0.8199029227143817
-0.6559853408925039,-0.595092777301473,-0.4096794180517549,0.2988008014865494,1.1966230044529447,-0.8260561574345483,1.2926485102069203,-0.41479433234883034,0.9592303622513327,0.8199029227143817
-0.38550715243900413,-0.595092777301473,-0.41823093046800214,-0.19903458919413933,1.1966230044529447,1.2105714496526023,1.2926485102069203,-0.35048513353505817,0.9592303622513327,-1.2196565865253737
-0.8182722539646038,-0.3018858511576648,-0.4314773908774832,-0.4479522845344837,-0.8356850873489315,-0.8260561574345483,-0.7736055022721724,-0.41479433234883034,0.9592303622513327,-1.2196565865253737
-0.6559853408925039,-0.595092777301473,-0.39442083707374503,1.0455538875075825,-0.8356850873489315,-0.8260561574345483,1.2926485102069203,-0.35048513353505817,-1.0425024471212316,-1.2196565865253737
-0.547794065511104,-0.3018858511576648,-0.3974390179265382,0.2988008014865494,-0.8356850873489315,1.2105714496526023,1.2926485102069203,-0.45766713155801175,0.9592303622513327,0.8199029227143817
-0.547794065511104,-0.3018858511576648,-0.4670248542548248,0.2988008014865494,-0.8356850873489315,-0.8260561574345483,-0.7736055022721724,-0.5219763303717839,0.9592303622513327,-1.2196565865253737
-0.2232202393669043,-0.3018858511576648,-0.40624204541385156,0.7966361921672381,1.1966230044529447,-0.8260561574345483,1.2926485102069203,-0.5219763303717839,0.9592303622513327,-1.2196565865253737
-0.06093332629480444,-0.3018858511576648,-0.4189854756812004,0.7966361921672381,-0.8356850873489315,-0.8260561574345483,-0.7736055022721724,-0.3933579327442396,0.9592303622513327,0.8199029227143817
-0.16912460167620436,-0.3018858511576648,-0.404732954987455,1.294471582847927,-0.8356850873489315,-0.8260561574345483,1.2926485102069203,-0.47910353116260246,-1.0425024471212316,-1.2196565865253737
-0.4396027901297041,-0.595092777301473,-0.38737841508389437,-0.19903458919413933,1.1966230044529447,1.2105714496526023,1.2926485102069203,-0.5005399307671932,0.9592303622513327,0.8199029227143817
-0.8182722539646038,-0.595092777301473,-0.44296324578950164,1.0455538875075825,1.1966230044529447,-0.8260561574345483,-0.7736055022721724,-0.41479433234883034,0.9592303622513327,-1.2196565865253737
-0.4936984278204041,-0.3018858511576648,-0.4725581858182789,-0.19903458919413933,1.1966230044529447,1.2105714496526023,1.2926485102069203,-0.41479433234883034,-1.0425024471212316,0.8199029227143817
-0.8182722539646038,-0.3018858511576648,-0.4205784044646191,-0.19903458919413933,1.1966230044529447,-0.8260561574345483,-0.7736055022721724,-0.3933579327442396,0.9592303622513327,-1.2196565865253737
-0.16912460167620436,-0.595092777301473,-0.39366629186054675,1.294471582847927,1.1966230044529447,-0.8260561574345483,1.2926485102069203,-0.43623073195342105,0.9592303622513327,-1.2196565865253737
-0.1150289639855044,-0.3018858511576648,-0.40506830841554314,1.294471582847927,-0.8356850873489315,1.2105714496526023,1.2926485102069203,-0.3719215331396489,0.9592303622513327,0.8199029227143817
-0.4936984278204041,-0.3018858511576648,-0.45906021033773176,-0.4479522845344837,-0.8356850873489315,-0.8260561574345483,-0.7736055022721724,-0.3933579327442396,0.9592303622513327,0.8199029227143817
-0.7100809785832038,-0.3018858511576648,-0.4384359745103119,0.5477184968268938,-0.8356850873489315,-0.8260561574345483,1.2926485102069203,-0.5005399307671932,0.9592303622513327,0.8199029227143817
-0.27731587705760424,-0.595092777301473,-0.38687538494176216,1.294471582847927,1.1966230044529447,-0.8260561574345483,1.2926485102069203,-0.5219763303717839,0.9592303622513327,0.8199029227143817
-0.4396027901297041,-0.595092777301473,-0.438687489581378,-0.19903458919413933,-0.8356850873489315,-0.8260561574345483,-0.7736055022721724,-0.35048513353505817,0.9592303622513327,0.8199029227143817
-0.7100809785832038,-0.3018858511576648,-0.4121107304053938,0.7966361921672381,1.1966230044529447,-0.8260561574345483,1.2926485102069203,-0.43623073195342105,-1.0425024471212316,-1.2196565865253737
-0.1150289639855044,-0.3018858511576648,-0.4568804130551589,0.5477184968268938,-0.8356850873489315,-0.8260561574345483,-0.7736055022721724,-0.43623073195342105,-1.0425024471212316,0.8199029227143817
-0.1150289639855044,-0.595092777301473,-0.47188747896210265,-0.4479522845344837,-0.8356850873489315,1.2105714496526023,1.2926485102069203,-0.45766713155801175,0.9592303622513327,0.8199029227143817
-0.16912460167620436,-0.595092777301473,-0.38855215208220284,0.5477184968268938,1.1966230044529447,1.2105714496526023,-0.7736055022721724,-0.5005399307671932,-1.0425024471212316,0.8199029227143817
-0.8182722539646038,-0.3018858511576648,-0.39945113849506697,0.049883106146205045,1.1966230044529447,1.2105714496526023,1.2926485102069203,-0.43623073195342105,0.9592303622513327,0.8199029227143817
-0.16912460167620436,-0.3018858511576648,-0.46023394733604023,1.0455538875075825,-0.8356850873489315,-0.8260561574345483,-0.7736055022721724,-0.5005399307671932,-1.0425024471212316,-1.2196565865253737
-0.16912460167620436,-0.595092777301473,-0.44698748692655915,0.5477184968268938,-0.8356850873489315,-0.8260561574345483,-0.7736055022721724,-0.3933579327442396,0.9592303622513327,-1.2196565865253737
-0.1150289639855044,-0.595092777301473,-0.45713192812622505,-0.19903458919413933,-0.8356850873489315,-0.8260561574345483,1.2926485102069203,-0.35048513353505817,-1.0425024471212316,-1.2196565865253737
-0.4396027901297041,-0.595092777301473,-0.4063258837708736,-0.4479522845344837,-0.8356850873489315,1.2105714496526023,1.2926485102069203,-0.35048513353505817,0.9592303622513327,-1.2196565865253737
-0.7100809785832038,-0.3018858511576648,-0.4349986018724086,1.0455538875075825,-0.8356850873489315,-0.8260561574345483,-0.7736055022721724,-0.41479433234883034,-1.0425024471212316,-1.2196565865253737
-0.7641766162739038,-0.595092777301473,-0.4023854809908381,-0.19903458919413933,1.1966230044529447,1.2105714496526023,1.2926485102069203,-0.5219763303717839,-1.0425024471212316,0.8199029227143817
-0.8182722539646038,-0.3018858511576648,-0.404732954987455,1.0455538875075825,1.1966230044529447,-0.8260561574345483,-0.7736055022721724,-0.41479433234883034,0.9592303622513327,-1.2196565865253737
-0.1150289639855044,-0.595092777301473,-0.39383396857459085,0.7966361921672381,1.1966230044529447,-0.8260561574345483,1.2926485102069203,-0.43623073195342105,0.9592303622513327,-1.2196565865253737
-0.7100809785832038,-0.595092777301473,-0.3906481110077536,0.049883106146205045,1.1966230044529447,-0.8260561574345483,1.2926485102069203,-0.45766713155801175,-1.0425024471212316,0.8199029227143817
-0.06093332629480444,-0.595092777301473,-0.4601501089790182,0.7966361921672381,-0.8356850873489315,1.2105714496526023,-0.7736055022721724,-0.41479433234883034,-1.0425024471212316,0.8199029227143817
-0.7641766162739038,-0.595092777301473,-0.45327536370321153,-0.19903458919413933,-0.8356850873489315,-0.8260561574345483,-0.7736055022721724,-0.41479433234883034,0.9592303622513327,-1.2196565865253737
-0.7641766162739038,-0.3018858511576648,-0.4499218294223303,-0.19903458919413933,1.1966230044529447,1.2105714496526023,1.2926485102069203,-0.41479433234883034,-1.0425024471212316,-1.2196565865253737
-0.547794065511104,-0.3018858511576648,-0.38402488080301306,-0.19903458919413933,-0.8356850873489315,-0.8260561574345483,1.2926485102069203,-0.5005399307671932,0.9592303622513327,0.8199029227143817
-0.2232202393669043,-0.595092777301473,-0.40506830841554314,0.2988008014865494,1.1966230044529447,-0.8260561574345483,1.2926485102069203,-0.3933579327442396,-1.0425024471212316,-1.2196565865253737
-0.8182722539646038,-0.3018858511576648,-0.4351662785864526,0.049883106146205045,-0.8356850873489315,1.2105714496526023,1.2926485102069203,-0.45766713155801175,-1.0425024471212316,0.8199029227143817
-0.7641766162739038,-0.595092777301473,-0.46585111725651634,1.0455538875075825,-0.8356850873489315,-0.8260561574345483,1.2926485102069203,-0.35048513353505817,0.9592303622513327,0.8199029227143817
-0.1150289639855044,-0.595092777301473,-0.45746728155431315,1.294471582847927,-0.8356850873489315,-0.8260561574345483,-0.7736055022721724,-0.5005399307671932,0.9592303622513327,-1.2196565865253737
-0.547794065511104,-0.595092777301473,-0.4714682871769925,-0.19903458919413933,1.1966230044529447,-0.8260561574345483,1.2926485102069203,-0.43623073195342105,0.9592303622513327,-1.2196565865253737
-0.7100809785832038,-0.595092777301473,-0.4123622454764599,-0.19903458919413933,1.1966230044529447,-0.8260561574345483,1.2926485102069203,-0.45766713155801175,-1.0425024471212316,-1.2196565865253737
-0.06093332629480444,-0.3018858511576648,-0.41403901261690057,1.0455538875075825,1.1966230044529447,1.2105714496526023,-0.7736055022721724,-0.35048513353505817,-1.0425024471212316,0.8199029227143817
-0.6559853408925039,-0.595092777301473,-0.41554810304329715,1.294471582847927,1.1966230044529447,1.2105714496526023,-0.7736055022721724,-0.45766713155801175,-1.0425024471212316,0.8199029227143817
-0.8182722539646038,-0.595092777301473,-0.4418733471482152,0.7966361921672381,-0.8356850873489315,-0.8260561574345483,-0.7736055022721724,-0.3719215331396489,0.9592303622513327,-1.2196565865253737
-0.4396027901297041,-0.3018858511576648,-0.4249379990297647,0.7966361921672381,-0.8356850873489315,-0.8260561574345483,1.2926485102069203,-0.3719215331396489,-1.0425024471212316,-1.2196565865253737
-0.16912460167620436,-0.595092777301473,-0.3903127575796655,-0.19903458919413933,-0.8356850873489315,1.2105714496526023,-0.7736055022721724,-0.41479433234883034,-1.0425024471212316,-1.2196565865253737
-0.4936984278204041,-0.595092777301473,-0.44053193343586267,-0.4479522845344837,-0.8356850873489315,-0.8260561574345483,-0.7736055022721724,-0.41479433234883034,0.9592303622513327,0.8199029227143817
-0.4936984278204041,-0.595092777301473,-0.4162188098994734,0.2988008014865494,1.1966230044529447,1.2105714496526023,-0.7736055022721724,-0.3719215331396489,-1.0425024471212316,0.8199029227143817
-0.7100809785832038,-0.3018858511576648,-0.4552036459147183,0.7966361921672381,-0.8356850873489315,-0.8260561574345483,-0.7736055022721724,-0.35048513353505817,-1.0425024471212316,0.8199029227143817
-0.3314115147483042,-0.595092777301473,-0.4698753583935739,-0.4479522845344837,-0.8356850873489315,1.2105714496526023,1.2926485102069203,-0.43623073195342105,0.9592303622513327,-1.2196565865253737
-0.3314115147483042,-0.3018858511576648,-0.4604016240500843,0.2988008014865494,-0.8356850873489315,1.2105714496526023,1.2926485102069203,-0.5219763303717839,0.9592303622513327,0.8199029227143817
-0.7100809785832038,-0.595092777301473,-0.475408689957028,-0.19903458919413933,1.1966230044529447,1.2105714496526023,1.2926485102069203,-0.5219763303717839,0.9592303622513327,0.8199029227143817
-0.1150289639855044,-0.595092777301473,-0.3999541686371992,0.049883106146205045,1.1966230044529447,1.2105714496526023,-0.7736055022721724,-0.5005399307671932,0.9592303622513327,-1.2196565865253737
-0.7641766162739038,-0.3018858511576648,-0.4434662759316338,0.5477184968268938,1.1966230044529447,-0.8260561574345483,-0.7736055022721724,-0.43623073195342105,0.9592303622513327,0.8199029227143817
-0.2232202393669043,-0.595092777301473,-0.4173087085407598,0.5477184968268938,-0.8356850873489315,-0.8260561574345483,-0.7736055022721724,-0.45766713155801175,0.9592303622513327,-1.2196565865253737
-0.8182722539646038,-0.595092777301473,-0.38368952737492495,-0.19903458919413933,1.1966230044529447,1.2105714496526023,-0.7736055022721724,-0.5219763303717839,0.9592303622513327,0.8199029227143817
-0.4936984278204041,-0.3018858511576648,-0.4065773988419397,0.7966361921672381,-0.8356850873489315,1.2105714496526023,-0.7736055022721724,-0.45766713155801175,0.9592303622513327,-1.2196565865253737
-0.4936984278204041,-0.3018858511576648,-0.44665213349847105,-0.4479522845344837,-0.8356850873489315,1.2105714496526023,-0.7736055022721724,-0.45766713155801175,0.9592303622513327,-1.2196565865253737
-0.2232202393669043,-0.3018858511576648,-0.45008950613637433,0.049883106146205045,-0.8356850873489315,1.2105714496526023,1.2926485102069203,-0.45766713155801175,-1.0425024471212316,0.8199029227143817
-0.7641766162739038,-0.3018858511576648,-0.45185011163383704,1.0455538875075825,1.1966230044529447,-0.8260561574345483,1.2926485102069203,-0.5219763303717839,0.9592303622513327,-1.2196565865253737
-0.4936984278204041,-0.3018858511576648,-0.4116915386202837,0.2988008014865494,1.1966230044529447,1.2105714496526023,-0.7736055022721724,-0.35048513353505817,0.9592303622513327,0.8199029227143817
-0.16912460167620436,-0.595092777301473,-0.41512891125818696,-0.19903458919413933,-0.8356850873489315,1.2105714496526023,1.2926485102069203,-0.47910353116260246,-1.0425024471212316,-1.2196565865253737
-0.4396027901297041,-0.3018858511576648,-0.4120268920483718,0.049883106146205045,-0.8356850873489315,1.2105714496526023,-0.7736055022721724,-0.45766713155801175,0.9592303622513327,-1.2196565865253737
-0.8182722539646038,-0.595092777301473,-0.44380162935972195,1.294471582847927,1.1966230044529447,1.2105714496526023,-0.7736055022721724,-0.43623073195342105,-1.0425024471212316,-1.2196565865253737
-0.38550715243900413,-0.595092777301473,-0.44338243757461177,0.049883106146205045,1.1966230044529447,1.2105714496526023,1.2926485102069203,-0.3933579327442396,-1.0425024471212316,0.8199029227143817
-0.4936984278204041,-0.595092777301473,-0.4318965826625934,0.7966361921672381,1.1966230044529447,1.2105714496526023,-0.7736055022721724,-0.41479433234883034,0.9592303622513327,-1.2196565865253737
-0.7100809785832038,-0.3018858511576648,-0.42233900996208174,1.294471582847927,-0.8356850873489315,1.2105714496526023,1.2926485102069203,-0.43623073195342105,-1.0425024471212316,-1.2196565865253737
-0.4396027901297041,-0.3018858511576648,-0.39727134121249413,0.2988008014865494,-0.8356850873489315,-0.8260561574345483,-0.7736055022721724,-0.3719215331396489,0.9592303622513327,0.8199029227143817
-0.4936984278204041,-0.595092777301473,-0.4527723335610794,1.294471582847927,-0.8356850873489315,1.2105714496526023,-0.7736055022721724,-0.5219763303717839,0.9592303622513327,-1.2196565865253737
-0.27731587705760424,-0.3018858511576648,-0.4339925415881442,0.049883106146205045,1.1966230044529447,1.2105714496526023,1.2926485102069203,-0.3933579327442396,-1.0425024471212316,-1.2196565865253737
-0.06093332629480444,-0.3018858511576648,-0.4157996181143632,0.7966361921672381,1.1966230044529447,1.2105714496526023,-0.7736055022721724,-0.41479433234883034,-1.0425024471212316,-1.2196565865253737
-0.16912460167620436,-0.3018858511576648,-0.4476581937827354,1.294471582847927,1.1966230044529447,-0.8260561574345483,-0.7736055022721724,-0.43623073195342105,-1.0425024471212316,-1.2196565865253737
-0.4396027901297041,-0.3018858511576648,-0.39777437135462634,-0.4479522845344837,-0.8356850873489315,-0.8260561574345483,-0.7736055022721724,-0.3933579327442396,0.9592303622513327,0.8199029227143817
-0.547794065511104,-0.595092777301473,-0.4355854703715628,0.7966361921672381,-0.8356850873489315,-0.8260561574345483,1.2926485102069203,-0.47910353116260246,0.9592303622513327,-1.2196565865253737
-0.38550715243900413,-0.595092777301473,-0.399534976852089,-0.4479522845344837,1.1966230044529447,1.2105714496526023,-0.7736055022721724,-0.5219763303717839,-1.0425024471212316,-1.2196565865253737
-0.06093332629480444,-0.3018858511576648,-0.38519861780132153,-0.4479522845344837,-0.8356850873489315,1.2105714496526023,-0.7736055022721724,-0.35048513353505817,0.9592303622513327,0.8199029227143817
-0.6018897032018039,-0.595092777301473,-0.46677333918375874,1.294471582847927,1.1966230044529447,1.2105714496526023,-0.7736055022721724,-0.5005399307671932,0.9592303622513327,-1.2196565865253737
-0.7100809785832038,-0.3018858511576648,-0.4484127389959337,1.294471582847927,-0.8356850873489315,-0.8260561574345483,1.2926485102069203,-0.47910353116260246,-1.0425024471212316,-1.2196565865253737
-0.7100809785832038,-0.3018858511576648,-0.4495026376372201,1.0455538875075825,1.1966230044529447,1.2105714496526023,1.2926485102069203,-0.3719215331396489,-1.0425024471212316,0.8199029227143817
-0.8182722539646038,-0.595092777301473,-0.4173087085407598,1.0455538875075825,-0.8356850873489315,-0.8260561574345483,1.2926485102069203,-0.35048513353505817,-1.0425024471212316,0.8199029227143817
-0.2232202393669043,-0.595092777301473,-0.4104339632649532,0.049883106146205045,-0.8356850873489315,-0.8260561574345483,1.2926485102069203,-0.47910353116260246,-1.0425024471212316,0.8199029227143817
-0.06093332629480444,-0.595092777301473,-0.4628329364037232,0.7966361921672381,1.1966230044529447,-0.8260561574345483,1.2926485102069203,-0.41479433234883034,-1.0425024471212316,0.8199029227143817
-0.4396027901297041,-0.3018858511576648,-0.4015470974206178,1.0455538875075825,1.1966230044529447,-0.8260561574345483,-0.7736055022721724,-0.3933579327442396,-1.0425024471212316,-1.2196565865253737
-0.7641766162739038,-0.595092777301473,-0.3898935657945553,-0.4479522845344837,1.1966230044529447,-0.8260561574345483,1.2926485102069203,-0.5219763303717839,-1.0425024471212316,0.8199029227143817
-0.7100809785832038,-0.3018858511576648,-0.4123622454764599,1.0455538875075825,1.1966230044529447,1.2105714496526023,1.2926485102069203,-0.3933579327442396,-1.0425024471212316,-1.2196565865253737
-0.4396027901297041,-0.595092777301473,-0.4153804263292531,0.2988008014865494,1.1966230044529447,1.2105714496526023,-0.7736055022721724,-0.45766713155801175,-1.0425024471212316,0.8199029227143817
-0.1150289639855044,-0.595092777301473,-0.39936730013804494,0.049883106146205045,-0.8356850873489315,-0.8260561574345483,1.2926485102069203,-0.43623073195342105,-1.0425024471212316,-1.2196565865253737
-0.4396027901297041,-0.3018858511576648,-0.4028885111329703,0.7966361921672381,1.1966230044529447,1.2105714496526023,-0.7736055022721724,-0.3719215331396489,0.9592303622513327,0.8199029227143817
-0.1150289639855044,-0.3018858511576648,-0.47482182145787377,0.7966361921672381,1.1966230044529447,1.2105714496526023,1.2926485102069203,-0.45766713155801175,0.9592303622513327,0.8199029227143817
-0.27731587705760424,-0.3018858511576648,-0.4249379990297647,0.5477184968268938,1.1966230044529447,-0.8260561574345483,-0.7736055022721724,-0.45766713155801175,-1.0425024471212316,-1.2196565865253737
-0.6559853408925039,-0.3018858511576648,-0.43416021830218826,0.7966361921672381,-0.8356850873489315,-0.8260561574345483,-0.7736055022721724,-0.3719215331396489,0.9592303622513327,0.8199029227143817
-0.6559853408925039,-0.3018858511576648,-0.4559581911279166,0.049883106146205045,1.1966230044529447,1.2105714496526023,1.2926485102069203,-0.43623073195342105,0.9592303622513327,0.8199029227143817
-0.6018897032018039,-0.3018858511576648,-0.4104339632649532,0.2988008014865494,1.1966230044529447,1.2105714496526023,1.2926485102069203,-0.41479433234883034,0.9592303622513327,0.8199029227143817
-0.547794065511104,-0.3018858511576648,-0.4251056757438088,0.7966361921672381,1.1966230044529447,1.2105714496526023,-0.7736055022721724,-0.43623073195342105,0.9592303622513327,-1.2196565865253737
-0.6018897032018039,-0.3018858511576648,-0.420494566107597,0.5477184968268938,-0.8356850873489315,1.2105714496526023,-0.7736055022721724,-0.5219763303717839,0.9592303622513327,0.8199029227143817
-0.1150289639855044,-0.595092777301473,-0.404732954987455,0.049883106146205045,-0.8356850873489315,-0.8260561574345483,-0.7736055022721724,-0.3933579327442396,0.9592303622513327,0.8199029227143817
-0.06093332629480444,-0.3018858511576648,-0.3974390179265382,-0.4479522845344837,1.1966230044529447,1.2105714496526023,-0.7736055022721724,-0.41479433234883034,-1.0425024471212316,-1.2196565865253737
-0.4936984278204041,-0.3018858511576648,-0.4232612318893241,-0.19903458919413933,-0.8356850873489315,-0.8260561574345483,-0.7736055022721724,-0.5005399307671932,-1.0425024471212316,-1.2196565865253737
-0.7641766162739038,-0.595092777301473,-0.46392283504500964,-0.19903458919413933,1.1966230044529447,-0.8260561574345483,-0.7736055022721724,-0.3933579327442396,0.9592303622513327,0.8199029227143817
-0.4936984278204041,-0.3018858511576648,-0.4160511331854293,-0.4479522845344837,-0.8356850873489315,1.2105714496526023,-0.7736055022721724,-0.41479433234883034,0.9592303622513327,-1.2196565865253737
-0.3314115147483042,-0.595092777301473,-0.43575314708560686,1.0455538875075825,1.1966230044529447,1.2105714496526023,1.2926485102069203,-0.43623073195342105,-1.0425024471212316,-1.2196565865253737
-0.4936984278204041,-0.595092777301473,-0.4285430483817121,0.7966361921672381,-0.8356850873489315,1.2105714496526023,-0.7736055022721724,-0.3719215331396489,0.9592303622513327,-1.2196565865253737
-0.8182722539646038,-0.3018858511576648,-0.4364238539417831,1.294471582847927,1.1966230044529447,-0.8260561574345483,1.2926485102069203,-0.43623073195342105,0.9592303622513327,0.8199029227143817
-0.4936984278204041,-0.595092777301473,-0.4437177910026999,-0.19903458919413933,1.1966230044529447,-0.8260561574345483,1.2926485102069203,-0.5005399307671932,0.9592303622513327,0.8199029227143817
-0.6018897032018039,-0.3018858511576648,-0.39827740149675855,1.0455538875075825,-0.8356850873489315,-0.8260561574345483,-0.7736055022721724,-0.41479433234883034,0.9592303622513327,-1.2196565865253737
-0.7100809785832038,-0.595092777301473,-0.44095112522097285,-0.19903458919413933,1.1966230044529447,-0.8260561574345483,-0.7736055022721724,-0.5219763303717839,0.9592303622513327,0.8199029227143817
-0.16912460167620436,-0.595092777301473,-0.45008950613637433,-0.4479522845344837,1.1966230044529447,1.2105714496526023,1.2926485102069203,-0.43623073195342105,-1.0425024471212316,-1.2196565865253737
-0.7100809785832038,-0.595092777301473,-0.4215006263918614,0.7966361921672381,1.1966230044529447,-0.8260561574345483,-0.7736055022721724,-0.41479433234883034,-1.0425024471212316,0.8199029227143817
-0.6559853408925039,-0.3018858511576648,-0.38997740415157733,0.7966361921672381,1.1966230044529447,-0.8260561574345483,-0.7736055022721724,-0.3933579327442396,0.9592303622513327,-1.2196565865253737
-0.16912460167620436,-0.3018858511576648,-0.38637235479963,1.0455538875075825,-0.8356850873489315,1.2105714496526023,1.2926485102069203,-0.5005399307671932,-1.0425024471212316,0.8199029227143817
-0.2232202393669043,-0.595092777301473,-0.41395517425987854,-0.4479522845344837,1.1966230044529447,-0.8260561574345483,1.2926485102069203,-0.5219763303717839,0.9592303622513327,-1.2196565865253737
-0.7641766162739038,-0.595092777301473,-0.4641743501160757,1.0455538875075825,-0.8356850873489315,-0.8260561574345483,1.2926485102069203,-0.41479433234883034,0.9592303622513327,0.8199029227143817
-0.7641766162739038,-0.3018858511576648,-0.394253160359701,0.7966361921672381,-0.8356850873489315,1.2105714496526023,-0.7736055022721724,-0.47910353116260246,0.9592303622513327,0.8199029227143817
-0.8182722539646038,-0.3018858511576648,-0.3906481110077536,1.294471582847927,-0.8356850873489315,-0.8260561574345483,-0.7736055022721724,-0.43623073195342105,0.9592303622513327,-1.2196565865253737
-0.06093332629480444,-0.595092777301473,-0.3960137658571637,0.7966361921672381,-0.8356850873489315,-0.8260561574345483,1.2926485102069203,-0.5005399307671932,0.9592303622513327,0.8199029227143817
-0.6018897032018039,-0.595092777301473,-0.40012184535124323,0.049883106146205045,1.1966230044529447,-0.8260561574345483,-0.7736055022721724,-0.5219763303717839,0.9592303622513327,0.8199029227143817
-0.6559853408925039,-0.3018858511576648,-0.4698753583935739,1.294471582847927,1.1966230044529447,-0.8260561574345483,1.2926485102069203,-0.5219763303717839,0.9592303622513327,0.8199029227143817
-0.27731587705760424,-0.3018858511576648,-0.4669410158978028,1.0455538875075825,-0.8356850873489315,1.2105714496526023,-0.7736055022721724,-0.45766713155801175,0.9592303622513327,0.8199029227143817
-0.3314115147483042,-0.3018858511576648,-0.38654003151367405,0.049883106146205045,1.1966230044529447,-0.8260561574345483,1.2926485102069203,-0.5005399307671932,0.9592303622513327,0.8199029227143817
-0.06093332629480444,-0.3018858511576648,-0.4018824508487059,-0.4479522845344837,-0.8356850873489315,1.2105714496526023,-0.7736055022721724,-0.5219763303717839,-1.0425024471212316,0.8199029227143817
-0.7641766162739038,-0.3018858511576648,-0.46425818847309774,0.2988008014865494,1.1966230044529447,-0.8260561574345483,1.2926485102069203,-0.41479433234883034,0.9592303622513327,0.8199029227143817
-0.7100809785832038,-0.595092777301473,-0.4243511305306105,-0.19903458919413933,1.1966230044529447,1.2105714496526023,-0.7736055022721724,-0.45766713155801175,-1.0425024471212316,0.8199029227143817
-0.4936984278204041,-0.3018858511576648,-0.40355921798914657,0.049883106146205045,1.1966230044529447,1.2105714496526023,-0.7736055022721724,-0.3933579327442396,-1.0425024471212316,-1.2196565865253737
-0.4936984278204041,-0.595092777301473,-0.45302384863214545,-0.19903458919413933,-0.8356850873489315,1.2105714496526023,1.2926485102069203,-0.41479433234883034,0.9592303622513327,0.8199029227143817
-0.2232202393669043,-0.3018858511576648,-0.4410349635779949,0.5477184968268938,-0.8356850873489315,-0.8260561574345483,-0.7736055022721724,-0.43623073195342105,-1.0425024471212316,-1.2196565865253737
-0.6559853408925039,-0.595092777301473,-0.433489511446012,-0.4479522845344837,1.1966230044529447,-0.8260561574345483,-0.7736055022721724,-0.5005399307671932,0.9592303622513327,0.8199029227143817
-0.6018897032018039,-0.3018858511576648,-0.4144582044020107,0.2988008014865494,-0.8356850873489315,-0.8260561574345483,1.2926485102069203,-0.43623073195342105,0.9592303622513327,-1.2196565865253737
-0.6018897032018039,-0.3018858511576648,-0.4403642567218186,0.5477184968268938,-0.8356850873489315,1.2105714496526023,-0.7736055022721724,-0.35048513353505817,0.9592303622513327,0.8199029227143817
-0.547794065511104,-0.595092777301473,-0.4432147608605677,0.5477184968268938,1.1966230044529447,-0.8260561574345483,-0.7736055022721724,-0.35048513353505817,0.9592303622513327,-1.2196565865253737
-0.1150289639855044,-0.595092777301473,-0.44723900199762523,0.7966361921672381,-0.8356850873489315,-0.8260561574345483,-0.7736055022721724,-0.5005399307671932,-1.0425024471212316,-1.2196565865253737
-0.38550715243900413,-0.3018858511576648,-0.39660063435631787,0.5477184968268938,1.1966230044529447,-0.8260561574345483,1.2926485102069203,-0.3933579327442396,-1.0425024471212316,0.8199029227143817
-0.7641766162739038,-0.3018858511576648,-0.42443496888763255,-0.4479522845344837,1.1966230044529447,-0.8260561574345483,1.2926485102069203,-0.45766713155801175,0.9592303622513327,-1.2196565865253737
-0.6018897032018039,-0.3018858511576648,-0.4345794100872984,0.049883106146205045,1.1966230044529447,1.2105714496526023,1.2926485102069203,-0.47910353116260246,-1.0425024471212316,0.8199029227143817
-0.2232202393669043,-0.3018858511576648,-0.45981475555093004,-0.4479522845344837,-0.8356850873489315,1.2105714496526023,1.2926485102069203,-0.5219763303717839,-1.0425024471212316,0.8199029227143817
-0.7100809785832038,-0.3018858511576648,-0.43407637994516624,0.049883106146205045,1.1966230044529447,-0.8260561574345483,1.2926485102069203,-0.47910353116260246,-1.0425024471212316,-1.2196565865253737
-0.6559853408925039,-0.595092777301473,-0.40699659062704985,0.5477184968268938,1.1966230044529447,-0.8260561574345483,-0.7736055022721724,-0.35048513353505817,0.9592303622513327,0.8199029227143817
-0.3314115147483042,-0.595092777301473,-0.4568804130551589,0.5477184968268938,-0.8356850873489315,-0.8260561574345483,-0.7736055022721724,-0.35048513353505817,-1.0425024471212316,-1.2196565865253737
-0.547794065511104,-0.3018858511576648,-0.46425818847309774,1.294471582847927,-0.8356850873489315,1.2105714496526023,1.2926485102069203,-0.3933579327442396,-1.0425024471212316,-1.2196565865253737
-0.2232202393669043,-0.595092777301473,-0.40414608648830075,0.2988008014865494,-0.8356850873489315,-0.8260561574345483,-0.7736055022721724,-0.47910353116260246,-1.0425024471212316,0.8199029227143817
-0.4396027901297041,-0.595092777301473,-0.40741578241216003,0.049883106146205045,-0.8356850873489315,1.2105714496526023,-0.7736055022721724,-0.47910353116260246,0.9592303622513327,0.8199029227143817
-0.8182722539646038,-0.595092777301473,-0.38477942601621135,0.5477184968268938,1.1966230044529447,1.2105714496526023,-0.7736055022721724,-0.45766713155801175,-1.0425024471212316,0.8199029227143817
-0.3314115147483042,-0.3018858511576648,-0.46719253096886887,0.7966361921672381,-0.8356850873489315,-0.8260561574345483,-0.7736055022721724,-0.3933579327442396,-1.0425024471212316,0.8199029227143817
-0.1150289639855044,-0.595092777301473,-0.4028885111329703,1.294471582847927,-0.8356850873489315,-0.8260561574345483,1.2926485102069203,-0.3933579327442396,0.9592303622513327,0.8199029227143817
-0.4396027901297041,-0.3018858511576648,-0.4199076976084428,-0.19903458919413933,-0.8356850873489315,-0.8260561574345483,1.2926485102069203,-0.5005399307671932,-1.0425024471212316,-1.2196565865253737
-0.27731587705760424,-0.595092777301473,-0.45302384863214545,1.294471582847927,-0.8356850873489315,1.2105714496526023,-0.7736055022721724,-0.43623073195342105,0.9592303622513327,-1.2196565865253737
-0.1150289639855044,-0.3018858511576648,-0.3895582123664672,0.2988008014865494,1.1966230044529447,1.2105714496526023,-0.7736055022721724,-0.3933579327442396,0.9592303622513327,0.8199029227143817
-0.4936984278204041,-0.595092777301473,-0.4604854624071063,-0.4479522845344837,-0.8356850873489315,-0.8260561574345483,1.2926485102069203,-0.3933579327442396,0.9592303622513327,0.8199029227143817
-0.8182722539646038,-0.3018858511576648,-0.38771376851198247,0.2988008014865494,1.1966230044529447,1.2105714496526023,-0.7736055022721724,-0.41479433234883034,0.9592303622513327,0.8199029227143817
-0.7641766162739038,-0.3018858511576648,-0.4513470814917048,-0.19903458919413933,-0.8356850873489315,-0.8260561574345483,-0.7736055022721724,-0.3719215331396489,0.9592303622513327,-1.2196565865253737
-0.7100809785832038,-0.595092777301473,-0.46107233090626054,1.294471582847927,1.1966230044529447,-0.8260561574345483,-0.7736055022721724,-0.47910353116260246,0.9592303622513327,-1.2196565865253737
-0.8182722539646038,-0.3018858511576648,-0.47104909539188233,0.049883106146205045,1.1966230044529447,1.2105714496526023,1.2926485102069203,-0.5219763303717839,-1.0425024471212316,-1.2196565865253737
-0.1150289639855044,-0.3018858511576648,-0.45008950613637433,-0.4479522845344837,-0.8356850873489315,1.2105714496526023,1.2926485102069203,-0.47910353116260246,0.9592303622513327,0.8199029227143817
-0.38550715243900413,-0.3018858511576648,-0.3940016452886349,-0.4479522845344837,1.1966230044529447,1.2105714496526023,-0.7736055022721724,-0.5005399307671932,-1.0425024471212316,0.8199029227143817
-0.4396027901297041,-0.3018858511576648,-0.4172248701837378,0.049883106146205045,-0.8356850873489315,1.2105714496526023,-0.7736055022721724,-0.5005399307671932,-1.0425024471212316,-1.2196565865253737
-0.7641766162739038,-0.3018858511576648,-0.4689531364663315,1.0455538875075825,1.1966230044529447,-0.8260561574345483,-0.7736055022721724,-0.5005399307671932,0.9592303622513327,0.8199029227143817
-0.16912460167620436,-0.3018858511576648,-0.4547844541296081,1.0455538875075825,1.1966230044529447,-0.8260561574345483,-0.7736055022721724,-0.43623073195342105,-1.0425024471212316,0.8199029227143817
-0.38550715243900413,-0.3018858511576648,-0.4091763879096227,0.2988008014865494,1.1966230044529447,-0.8260561574345483,-0.7736055022721724,-0.5219763303717839,-1.0425024471212316,-1.2196565865253737
-0.4936984278204041,-0.3018858511576648,-0.40070871385039747,0.5477184968268938,-0.8356850873489315,1.2105714496526023,-0.7736055022721724,-0.45766713155801175,-1.0425024471212316,-1.2196565865253737
-0.38550715243900413,-0.595092777301473,-0.45830566512453347,1.0455538875075825,1.1966230044529447,-0.8260561574345483,1.2926485102069203,-0.43623073195342105,0.9592303622513327,0.8199029227143817
-0.547794065511104,-0.595092777301473,-0.40749962076918206,0.2988008014865494,-0.8356850873489315,1.2105714496526023,1.2926485102069203,-0.5005399307671932,-1.0425024471212316,-1.2196565865253737
-0.547794065511104,-0.3018858511576648,-0.4248541606727427,1.0455538875075825,1.1966230044529447,1.2105714496526023,-0.7736055022721724,-0.43623073195342105,-1.0425024471212316,0.8199029227143817
-0.27731587705760424,-0.3018858511576648,-0.4384359745103119,-0.19903458919413933,1.1966230044529447,1.2105714496526023,1.2926485102069203,-0.45766713155801175,0.9592303622513327,-1.2196565865253737
-0.1150289639855044,-0.595092777301473,-0.43734607586902546,0.7966361921672381,1.1966230044529447,-0.8260561574345483,-0.7736055022721724,-0.3719215331396489,-1.0425024471212316,-1.2196565865253737
-0.6559853408925039,-0.595092777301473,-0.3947561905018332,0.5477184968268938,1.1966230044529447,1.2105714496526023,-0.7736055022721724,-0.5219763303717839,-1.0425024471212316,0.8199029227143817
-0.3314115147483042,-0.595092777301473,-0.4363400155847611,0.2988008014865494,1.1966230044529447,1.2105714496526023,1.2926485102069203,-0.43623073195342105,-1.0425024471212316,0.8199029227143817
-0.3314115147483042,-0.3018858511576648,-0.44489152800100834,0.7966361921672381,1.1966230044529447,1.2105714496526023,1.2926485102069203,-0.5219763303717839,0.9592303622513327,-1.2196565865253737
-0.16912460167620436,-0.595092777301473,-0.40045719877933134,0.7966361921672381,-0.8356850873489315,1.2105714496526023,-0.7736055022721724,-0.45766713155801175,-1.0425024471212316,0.8199029227143817
-0.16912460167620436,-0.3018858511576648,-0.39852891656782463,1.294471582847927,-0.8356850873489315,1.2105714496526023,-0.7736055022721724,-0.3719215331396489,-1.0425024471212316,-1.2196565865253737
-0.7641766162739038,-0.3018858511576648,-0.4644258651871418,1.0455538875075825,-0.8356850873489315,1.2105714496526023,1.2926485102069203,-0.5219763303717839,0.9592303622513327,0.8199029227143817
-0.4936984278204041,-0.595092777301473,-0.4451430430720745,1.294471582847927,1.1966230044529447,1.2105714496526023,1.2926485102069203,-0.5005399307671932,0.9592303622513327,-1.2196565865253737
-0.6018897032018039,-0.3018858511576648,-0.39945113849506697,0.049883106146205045,-0.8356850873489315,1.2105714496526023,-0.7736055022721724,-0.5219763303717839,0.9592303622513327,-1.2196565865253737
-0.27731587705760424,-0.3018858511576648,-0.4604854624071063,-0.19903458919413933,1.1966230044529447,1.2105714496526023,-0.7736055022721724,-0.3933579327442396,-1.0425024471212316,-1.2196565865253737
-0.547794065511104,-0.3018858511576648,-0.4363400155847611,-0.19903458919413933,-0.8356850873489315,1.2105714496526023,-0.7736055022721724,-0.5005399307671932,0.9592303622513327,0.8199029227143817
-0.7641766162739038,-0.3018858511576648,-0.42108143460675124,-0.19903458919413933,-0.8356850873489315,1.2105714496526023,1.2926485102069203,-0.5219763303717839,0.9592303622513327,-1.2196565865253737
-0.6018897032018039,-0.595092777301473,-0.4131167906896582,0.5477184968268938,1.1966230044529447,1.2105714496526023,-0.7736055022721724,-0.41479433234883034,0.9592303622513327,-1.2196565865253737
-0.3314115147483042,-0.595092777301473,-0.430890522378329,-0.4479522845344837,1.1966230044529447,-0.8260561574345483,1.2926485102069203,-0.41479433234883034,-1.0425024471212316,-1.2196565865253737
-0.6559853408925039,-0.3018858511576648,-0.40867335776749053,0.5477184968268938,-0.8356850873489315,-0.8260561574345483,-0.7736055022721724,-0.5005399307671932,0.9592303622513327,-1.2196565865253737
-0.38550715243900413,-0.3018858511576648,-0.3987804316388907,0.2988008014865494,-0.8356850873489315,1.2105714496526023,1.2926485102069203,-0.5219763303717839,0.9592303622513327,0.8199029227143817
-0.547794065511104,-0.595092777301473,-0.43315415801792384,0.7966361921672381,-0.8356850873489315,1.2105714496526023,1.2926485102069203,-0.47910353116260246,0.9592303622513327,0.8199029227143817
-0.7641766162739038,-0.3018858511576648,-0.42309355517528,0.7966361921672381,-0.8356850873489315,1.2105714496526023,1.2926485102069203,-0.43623073195342105,0.9592303622513327,-1.2196565865253737
-0.8182722539646038,-0.595092777301473,-0.3919056863630841,1.294471582847927,1.1966230044529447,-0.8260561574345483,1.2926485102069203,-0.41479433234883034,0.9592303622513327,-1.2196565865253737
-0.6018897032018039,-0.3018858511576648,-0.38394104244599103,-0.4479522845344837,-0.8356850873489315,-0.8260561574345483,-0.7736055022721724,-0.47910353116260246,-1.0425024471212316,0.8199029227143817
-0.38550715243900413,-0.3018858511576648,-0.39911578506697887,0.2988008014865494,1.1966230044529447,-0.8260561574345483,1.2926485102069203,-0.35048513353505817,-1.0425024471212316,-1.2196565865253737
-0.547794065511104,-0.595092777301473,-0.38922285893837905,-0.4479522845344837,1.1966230044529447,1.2105714496526023,1.2926485102069203,-0.43623073195342105,0.9592303622513327,0.8199029227143817
-0.3314115147483042,-0.595092777301473,-0.46316828983181135,0.7966361921672381,-0.8356850873489315,1.2105714496526023,1.2926485102069203,-0.5005399307671932,0.9592303622513327,-1.2196565865253737
-0.2232202393669043,-0.595092777301473,-0.38964205072348923,1.0455538875075825,1.1966230044529447,1.2105714496526023,-0.7736055022721724,-0.41479433234883034,0.9592303622513327,0.8199029227143817
-0.4936984278204041,-0.595092777301473,-0.43701072244093736,0.5477184968268938,-0.8356850873489315,1.2105714496526023,-0.7736055022721724,-0.3719215331396489,-1.0425024471212316,-1.2196565865253737
-0.6018897032018039,-0.3018858511576648,-0.4531915253461895,-0.19903458919413933,1.1966230044529447,-0.8260561574345483,-0.7736055022721724,-0.41479433234883034,-1.0425024471212316,0.8199029227143817
-0.3314115147483042,-0.595092777301473,-0.43734607586902546,0.7966361921672381,1.1966230044529447,1.2105714496526023,-0.7736055022721724,-0.45766713155801175,-1.0425024471212316,0.8199029227143817
-0.547794065511104,-0.3018858511576648,-0.46710869261184684,0.049883106146205045,-0.8356850873489315,-0.8260561574345483,-0.7736055022721724,-0.41479433234883034,-1.0425024471212316,0.8199029227143817
-0.6018897032018039,-0.595092777301473,-0.46232990626159104,-0.19903458919413933,1.1966230044529447,-0.8260561574345483,-0.7736055022721724,-0.3719215331396489,0.9592303622513327,-1.2196565865253737
-0.27731587705760424,-0.595092777301473,-0.44648445678442694,0.7966361921672381,1.1966230044529447,1.2105714496526023,1.2926485102069203,-0.3719215331396489,0.9592303622513327,0.8199029227143817
-0.38550715243900413,-0.3018858511576648,-0.4395258731515983,0.5477184968268938,-0.8356850873489315,-0.8260561574345483,1.2926485102069203,-0.5005399307671932,0.9592303622513327,0.8199029227143817
-0.06093332629480444,-0.595092777301473,-0.4044814399163889,-0.4479522845344837,1.1966230044529447,-0.8260561574345483,1.2926485102069203,-0.3719215331396489,0.9592303622513327,-1.2196565865253737
-0.547794065511104,-0.595092777301473,-0.4641743501160757,1.0455538875075825,1.1966230044529447,-0.8260561574345483,-0.7736055022721724,-0.41479433234883034,-1.0425024471212316,-1.2196565865253737
-0.27731587705760424,-0.595092777301473,-0.4686177830382434,1.0455538875075825,-0.8356850873489315,-0.8260561574345483,1.2926485102069203,-0.5005399307671932,0.9592303622513327,-1.2196565865253737
-0.4396027901297041,-0.595092777301473,-0.46056930076412833,-0.19903458919413933,-0.8356850873489315,1.2105714496526023,1.2926485102069203,-0.5219763303717839,-1.0425024471212316,-1.2196565865253737
-0.7641766162739038,-0.3018858511576648,-0.4450592047150524,0.5477184968268938,1.1966230044529447,1.2105714496526023,-0.7736055022721724,-0.41479433234883034,-1.0425024471212316,0.8199029227143817
-0.2232202393669043,-0.3018858511576648,-0.46509657204331806,1.0455538875075825,1.1966230044529447,-0.8260561574345483,1.2926485102069203,-0.3933579327442396,0.9592303622513327,-1.2196565865253737
-0.16912460167620436,-0.595092777301473,-0.4197400208943987,1.0455538875075825,1.1966230044529447,1.2105714496526023,-0.7736055022721724,-0.43623073195342105,-1.0425024471212316,-1.2196565865253737
-0.38550715243900413,-0.595092777301473,-0.46341980490287743,0.2988008014865494,-0.8356850873489315,-0.8260561574345483,1.2926485102069203,-0.3719215331396489,-1.0425024471212316,-1.2196565865253737
-0.6018897032018039,-0.595092777301473,-0.39333093843245864,0.049883106146205045,1.1966230044529447,1.2105714496526023,-0.7736055022721724,-0.35048513353505817,0.9592303622513327,-1.2196565865253737
-0.4936984278204041,-0.3018858511576648,-0.4044814399163889,-0.19903458919413933,1.1966230044529447,1.2105714496526023,-0.7736055022721724,-0.45766713155801175,-1.0425024471212316,-1.2196565865253737
-0.3314115147483042,-0.3018858511576648,-0.4232612318893241,-0.4479522845344837,1.1966230044529447,1.2105714496526023,-0.7736055022721724,-0.3933579327442396,-1.0425024471212316,-1.2196565865253737
-0.16912460167620436,-0.3018858511576648,-0.43851981286733394,1.0455538875075825,1.1966230044529447,1.2105714496526023,1.2926485102069203,-0.3719215331396489,0.9592303622513327,-1.2196565865253737
-0.8182722539646038,-0.3018858511576648,-0.40179861249168386,0.2988008014865494,1.1966230044529447,1.2105714496526023,1.2926485102069203,-0.41479433234883034,-1.0425024471212316,0.8199029227143817
-0.3314115147483042,-0.595092777301473,-0.4512632431346828,0.5477184968268938,1.1966230044529447,-0.8260561574345483,-0.7736055022721724,-0.5005399307671932,-1.0425024471212316,0.8199029227143817
-0.6018897032018039,-0.595092777301473,-0.4549521308436522,1.0455538875075825,-0.8356850873489315,1.2105714496526023,-0.7736055022721724,-0.3933579327442396,0.9592303622513327,0.8199029227143817
-0.2232202393669043,-0.595092777301473,-0.40230164263381607,1.294471582847927,-0.8356850873489315,-0.8260561574345483,1.2926485102069203,-0.35048513353505817,-1.0425024471212316,0.8199029227143817
-0.1150289639855044,-0.3018858511576648,-0.3964329576422738,0.049883106146205045,1.1966230044529447,-0.8260561574345483,1.2926485102069203,-0.43623073195342105,0.9592303622513327,0.8199029227143817
-0.3314115147483042,-0.595092777301473,-0.39416932200267896,-0.4479522845344837,1.1966230044529447,1.2105714496526023,-0.7736055022721724,-0.5005399307671932,-1.0425024471212316,-1.2196565865253737
-0.1150289639855044,-0.3018858511576648,-0.3879652835830486,0.5477184968268938,-0.8356850873489315,-0.8260561574345483,1.2926485102069203,-0.45766713155801175,-1.0425024471212316,-1.2196565865253737
-0.7641766162739038,-0.3018858511576648,-0.4097632564087769,0.5477184968268938,-0.8356850873489315,1.2105714496526023,1.2926485102069203,-0.47910353116260246,0.9592303622513327,-1.2196565865253737
-0.2232202393669043,-0.595092777301473,-0.39341477678948067,-0.19903458919413933,-0.8356850873489315,-0.8260561574345483,1.2926485102069203,-0.45766713155801175,0.9592303622513327,-1.2196565865253737
-0.547794065511104,-0.595092777301473,-0.40137942070657373,1.0455538875075825,1.1966230044529447,-0.8260561574345483,-0.7736055022721724,-0.3933579327442396,-1.0425024471212316,0.8199029227143817
-0.27731587705760424,-0.595092777301473,-0.4012955823495517,-0.19903458919413933,1.1966230044529447,1.2105714496526023,-0.7736055022721724,-0.3719215331396489,0.9592303622513327,0.8199029227143817
-0.8182722539646038,-0.3018858511576648,-0.47004303510761797,-0.4479522845344837,1.1966230044529447,1.2105714496526023,1.2926485102069203,-0.5219763303717839,-1.0425024471212316,-1.2196565865253737
-0.7100809785832038,-0.3018858511576648,-0.42351274696039015,1.294471582847927,1.1966230044529447,1.2105714496526023,-0.7736055022721724,-0.3719215331396489,0.9592303622513327,-1.2196565865253737
-0.6018897032018039,-0.595092777301473,-0.40255315770488215,1.0455538875075825,-0.8356850873489315,1.2105714496526023,1.2926485102069203,-0.43623073195342105,-1.0425024471212316,0.8199029227143817
-0.6559853408925039,-0.595092777301473,-0.4364238539417831,0.7966361921672381,-0.8356850873489315,-0.8260561574345483,1.2926485102069203,-0.3933579327442396,-1.0425024471212316,0.8199029227143817
-0.7100809785832038,-0.3018858511576648,-0.4682824296101553,1.0455538875075825,-0.8356850873489315,1.2105714496526023,-0.7736055022721724,-0.5219763303717839,-1.0425024471212316,0.8199029227143817
-0.3314115147483042,-0.595092777301473,-0.4314773908774832,1.294471582847927,-0.8356850873489315,-0.8260561574345483,-0.7736055022721724,-0.5005399307671932,-1.0425024471212316,-1.2196565865253737
-0.16912460167620436,-0.3018858511576648,-0.420494566107597,0.7966361921672381,1.1966230044529447,-0.8260561574345483,-0.7736055022721724,-0.5219763303717839,-1.0425024471212316,-1.2196565865253737
-0.6018897032018039,-0.3018858511576648,-0.41395517425987854,0.5477184968268938,1.1966230044529447,-0.8260561574345483,1.2926485102069203,-0.43623073195342105,0.9592303622513327,0.8199029227143817
-0.27731587705760424,-0.595092777301473,-0.41504507290116494,-0.19903458919413933,-0.8356850873489315,-0.8260561574345483,1.2926485102069203,-0.41479433234883034,0.9592303622513327,0.8199029227143817
-0.4396027901297041,-0.595092777301473,-0.4028046727759483,0.049883106146205045,-0.8356850873489315,-0.8260561574345483,-0.7736055022721724,-0.35048513353505817,-1.0425024471212316,-1.2196565865253737
-0.27731587705760424,-0.595092777301473,-0.45981475555093004,1.0455538875075825,-0.8356850873489315,-0.8260561574345483,-0.7736055022721724,-0.3719215331396489,-1.0425024471212316,-1.2196565865253737
-0.6559853408925039,-0.595092777301473,-0.46434202683011977,0.049883106146205045,-0.8356850873489315,1.2105714496526023,-0.7736055022721724,-0.3933579327442396,0.9592303622513327,-1.2196565865253737
-0.8182722539646038,-0.3018858511576648,-0.44698748692655915,1.0455538875075825,-0.8356850873489315,-0.8260561574345483,1.2926485102069203,-0.43623073195342105,0.9592303622513327,-1.2196565865253737
-0.27731587705760424,-0.3018858511576648,-0.39131881786392986,0.5477184968268938,1.1966230044529447,-0.8260561574345483,1.2926485102069203,-0.47910353116260246,0.9592303622513327,0.8199029227143817
-0.4936984278204041,-0.3018858511576648,-0.4337410265170781,-0.19903458919413933,1.1966230044529447,-0.8260561574345483,1.2926485102069203,-0.35048513353505817,0.9592303622513327,0.8199029227143817
-0.4396027901297041,-0.595092777301473,-0.4588925336236877,-0.4479522845344837,-0.8356850873489315,1.2105714496526023,-0.7736055022721724,-0.43623073195342105,0.9592303622513327,0.8199029227143817
-0.7100809785832038,-0.3018858511576648,-0.4278723415255358,-0.4479522845344837,-0.8356850873489315,1.2105714496526023,-0.7736055022721724,-0.47910353116260246,-1.0425024471212316,-1.2196565865253737
-0.547794065511104,-0.595092777301473,-0.45981475555093004,-0.4479522845344837,-0.8356850873489315,-0.8260561574345483,1.2926485102069203,-0.47910353116260246,-1.0425024471212316,-1.2196565865253737
-0.7641766162739038,-0.595092777301473,-0.47549252831405003,1.0455538875075825,1.1966230044529447,1.2105714496526023,-0.7736055022721724,-0.47910353116260246,0.9592303622513327,-1.2196565865253737
-0.4936984278204041,-0.595092777301473,-0.44983799106530825,1.0455538875075825,1.1966230044529447,-0.8260561574345483,-0.7736055022721724,-0.41479433234883034,0.9592303622513327,0.8199029227143817
-0.06093332629480444,-0.595092777301473,-0.4298844620940646,0.049883106146205045,1.1966230044529447,1.2105714496526023,-0.7736055022721724,-0.5219763303717839,0.9592303622513327,0.8199029227143817
-0.4396027901297041,-0.595092777301473,-0.47121677210592644,-0.19903458919413933,-0.8356850873489315,-0.8260561574345483,-0.7736055022721724,-0.45766713155801175,0.9592303622513327,0.8199029227143817
-0.547794065511104,-0.595092777301473,-0.4387713279384,1.294471582847927,1.1966230044529447,1.2105714496526023,1.2926485102069203,-0.3719215331396489,0.9592303622513327,-1.2196565865253737
-0.547794065511104,-0.3018858511576648,-0.40297234948999233,1.0455538875075825,-0.8356850873489315,1.2105714496526023,-0.7736055022721724,-0.47910353116260246,0.9592303622513327,-1.2196565865253737
-0.6018897032018039,-0.595092777301473,-0.42686628124127146,-0.19903458919413933,1.1966230044529447,1.2105714496526023,1.2926485102069203,-0.43623073195342105,0.9592303622513327,0.8199029227143817
-0.4396027901297041,-0.3018858511576648,-0.4128652756185921,0.049883106146205045,1.1966230044529447,-0.8260561574345483,1.2926485102069203,-0.5005399307671932,0.9592303622513327,-1.2196565865253737
-0.8182722539646038,-0.3018858511576648,-0.44572991157122865,1.0455538875075825,1.1966230044529447,-0.8260561574345483,-0.7736055022721724,-0.5005399307671932,0.9592303622513327,0.8199029227143817
-0.3314115147483042,-0.595092777301473,-0.407248105698116,-0.4479522845344837,-0.8356850873489315,-0.8260561574345483,1.2926485102069203,-0.3933579327442396,-1.0425024471212316,0.8199029227143817
-0.6559853408925039,-0.595092777301473,-0.4733965693884992,-0.4479522845344837,-0.8356850873489315,1.2105714496526023,1.2926485102069203,-0.47910353116260246,0.9592303622513327,0.8199029227143817
-0.06093332629480444,-0.595092777301473,-0.46685717754078077,0.5477184968268938,1.1966230044529447,1.2105714496526023,-0.7736055022721724,-0.43623073195342105,0.9592303622513327,0.8199029227143817
-0.6559853408925039,-0.3018858511576648,-0.40515214677256517,0.7966361921672381,-0.8356850873489315,-0.8260561574345483,1.2926485102069203,-0.47910353116260246,-1.0425024471212316,-1.2196565865253737
-0.7100809785832038,-0.595092777301473,-0.4157996181143632,0.2988008014865494,-0.8356850873489315,1.2105714496526023,1.2926485102069203,-0.41479433234883034,-1.0425024471212316,-1.2196565865253737
-0.7100809785832038,-0.3018858511576648,-0.4012117439925297,1.294471582847927,-0.8356850873489315,-0.8260561574345483,1.2926485102069203,-0.47910353116260246,-1.0425024471212316,-1.2196565865253737
-0.6559853408925039,-0.595092777301473,-0.39542689735800945,0.7966361921672381,-0.8356850873489315,-0.8260561574345483,1.2926485102069203,-0.3719215331396489,0.9592303622513327,-1.2196565865253737
-0.27731587705760424,-0.595092777301473,-0.40104406727848557,1.0455538875075825,-0.8356850873489315,-0.8260561574345483,1.2926485102069203,-0.5005399307671932,0.9592303622513327,-1.2196565865253737
-0.8182722539646038,-0.3018858511576648,-0.4145420427590327,-0.19903458919413933,-0.8356850873489315,-0.8260561574345483,1.2926485102069203,-0.47910353116260246,0.9592303622513327,-1.2196565865253737
-0.1150289639855044,-0.3018858511576648,-0.4251056757438088,1.0455538875075825,-0.8356850873489315,1.2105714496526023,1.2926485102069203,-0.3719215331396489,0.9592303622513327,0.8199029227143817
-0.27731587705760424,-0.595092777301473,-0.43759759094009154,-0.19903458919413933,1.1966230044529447,1.2105714496526023,1.2926485102069203,-0.3719215331396489,-1.0425024471212316,-1.2196565865253737
-0.16912460167620436,-0.3018858511576648,-0.4243511305306105,-0.19903458919413933,-0.8356850873489315,1.2105714496526023,-0.7736055022721724,-0.5219763303717839,0.9592303622513327,-1.2196565865253737
-0.27731587705760424,-0.3018858511576648,-0.4173925468977818,0.7966361921672381,-0.8356850873489315,-0.8260561574345483,-0.7736055022721724,-0.3719215331396489,0.9592303622513327,-1.2196565865253737
-0.7641766162739038,-0.3018858511576648,-0.4194046674663106,0.2988008014865494,1.1966230044529447,1.2105714496526023,-0.7736055022721724,-0.5005399307671932,-1.0425024471212316,0.8199029227143817
-0.38550715243900413,-0.3018858511576648,-0.4303874922361968,0.5477184968268938,1.1966230044529447,-0.8260561574345483,1.2926485102069203,-0.3933579327442396,0.9592303622513327,-1.2196565865253737
-0.3314115147483042,-0.3018858511576648,-0.4040622481312787,0.7966361921672381,1.1966230044529447,-0.8260561574345483,1.2926485102069203,-0.41479433234883034,0.9592303622513327,0.8199029227143817
-0.7641766162739038,-0.595092777301473,-0.40070871385039747,0.2988008014865494,1.1966230044529447,-0.8260561574345483,1.2926485102069203,-0.5005399307671932,0.9592303622513327,-1.2196565865253737
-0.6018897032018039,-0.595092777301473,-0.4526046568470353,-0.4479522845344837,-0.8356850873489315,-0.8260561574345483,-0.7736055022721724,-0.43623073195342105,0.9592303622513327,-1.2196565865253737
-0.38550715243900413,-0.3018858511576648,-0.42963294702299853,-0.4479522845344837,1.1966230044529447,-0.8260561574345483,-0.7736055022721724,-0.3933579327442396,-1.0425024471212316,-1.2196565865253737
-0.38550715243900413,-0.595092777301473,-0.46660566246971463,-0.19903458919413933,1.1966230044529447,-0.8260561574345483,-0.7736055022721724,-0.3719215331396489,-1.0425024471212316,0.8199029227143817
-0.4396027901297041,-0.595092777301473,-0.44363395264567784,0.049883106146205045,-0.8356850873489315,1.2105714496526023,1.2926485102069203,-0.47910353116260246,-1.0425024471212316,0.8199029227143817
-0.8182722539646038,-0.3018858511576648,-0.4121107304053938,1.0455538875075825,-0.8356850873489315,1.2105714496526023,-0.7736055022721724,-0.5219763303717839,-1.0425024471212316,-1.2196565865253737
-0.8182722539646038,-0.595092777301473,-0.41772790032587,1.0455538875075825,-0.8356850873489315,1.2105714496526023,-0.7736055022721724,-0.3933579327442396,0.9592303622513327,-1.2196565865253737
-0.38550715243900413,-0.3018858511576648,-0.4419571855052372,-0.19903458919413933,1.1966230044529447,1.2105714496526023,1.2926485102069203,-0.43623073195342105,0.9592303622513327,-1.2196565865253737
-0.16912460167620436,-0.3018858511576648,-0.4740672762446755,0.049883106146205045,-0.8356850873489315,-0.8260561574345483,-0.7736055022721724,-0.43623073195342105,0.9592303622513327,0.8199029227143817
-0.27731587705760424,-0.595092777301473,-0.41906931403822245,1.294471582847927,1.1966230044529447,-0.8260561574345483,1.2926485102069203,-0.3933579327442396,-1.0425024471212316,0.8199029227143817
-0.4396027901297041,-0.3018858511576648,-0.4246864839586986,0.2988008014865494,-0.8356850873489315,1.2105714496526023,-0.7736055022721724,-0.5219763303717839,-1.0425024471212316,-1.2196565865253737
-0.3314115147483042,-0.3018858511576648,-0.47524101324298396,1.294471582847927,-0.8356850873489315,1.2105714496526023,1.2926485102069203,-0.3719215331396489,-1.0425024471212316,0.8199029227143817
-0.38550715243900413,-0.3018858511576648,-0.4170571934696937,1.294471582847927,1.1966230044529447,1.2105714496526023,1.2926485102069203,-0.43623073195342105,0.9592303622513327,0.8199029227143817
-0.4936984278204041,-0.3018858511576648,-0.43156122923450524,-0.4479522845344837,-0.8356850873489315,1.2105714496526023,1.2926485102069203,-0.3719215331396489,0.9592303622513327,0.8199029227143817
-0.7100809785832038,-0.3018858511576648,-0.4254410291718969,1.294471582847927,-0.8356850873489315,1.2105714496526023,1.2926485102069203,-0.43623073195342105,-1.0425024471212316,0.8199029227143817
-0.7100809785832038,-0.595092777301473,-0.42082991953568516,1.0455538875075825,-0.8356850873489315,1.2105714496526023,1.2926485102069203,-0.3933579327442396,-1.0425024471212316,-1.2196565865253737
-0.7641766162739038,-0.595092777301473,-0.4619945528335029,0.7966361921672381,-0.8356850873489315,1.2105714496526023,-0.7736055022721724,-0.47910353116260246,0.9592303622513327,-1.2196565865253737
-0.6018897032018039,-0.3018858511576648,-0.404732954987455,0.049883106146205045,-0.8356850873489315,1.2105714496526023,1.2926485102069203,-0.5005399307671932,0.9592303622513327,0.8199029227143817
-0.2232202393669043,-0.3018858511576648,-0.4343278950162323,0.2988008014865494,1.1966230044529447,-0.8260561574345483,1.2926485102069203,-0.41479433234883034,0.9592303622513327,0.8199029227143817
-0.2232202393669043,-0.595092777301473,-0.4264470894561613,-0.4479522845344837,1.1966230044529447,-0.8260561574345483,1.2926485102069203,-0.43623073195342105,-1.0425024471212316,0.8199029227143817
-0.7100809785832038,-0.3018858511576648,-0.4399450649367085,1.294471582847927,-0.8356850873489315,-0.8260561574345483,1.2926485102069203,-0.35048513353505817,-1.0425024471212316,-1.2196565865253737
-0.1150289639855044,-0.595092777301473,-0.4110208317641074,0.7966361921672381,1.1966230044529447,-0.8260561574345483,-0.7736055022721724,-0.45766713155801175,-1.0425024471212316,-1.2196565865253737
-0.547794065511104,-0.3018858511576648,-0.46224606790456896,0.049883106146205045,1.1966230044529447,1.2105714496526023,1.2926485102069203,-0.47910353116260246,-1.0425024471212316,0.8199029227143817
-0.7641766162739038,-0.3018858511576648,-0.4452268814290965,-0.19903458919413933,1.1966230044529447,-0.8260561574345483,-0.7736055022721724,-0.35048513353505817,0.9592303622513327,0.8199029227143817
-0.2232202393669043,-0.3018858511576648,-0.4698753583935739,-0.19903458919413933,-0.8356850873489315,1.2105714496526023,1.2926485102069203,-0.3719215331396489,0.9592303622513327,0.8199029227143817
-0.7100809785832038,-0.3018858511576648,-0.4209975962497292,-0.19903458919413933,-0.8356850873489315,-0.8260561574345483,1.2926485102069203,-0.41479433234883034,0.9592303622513327,0.8199029227143817
-0.6018897032018039,-0.3018858511576648,-0.4533592020602336,1.0455538875075825,-0.8356850873489315,1.2105714496526023,-0.7736055022721724,-0.5219763303717839,-1.0425024471212316,-1.2196565865253737
-0.2232202393669043,-0.3018858511576648,-0.4411188019350169,0.2988008014865494,1.1966230044529447,1.2105714496526023,-0.7736055022721724,-0.5219763303717839,0.9592303622513327,-1.2196565865253737
-0.27731587705760424,-0.3018858511576648,-0.3907319493647756,-0.19903458919413933,1.1966230044529447,-0.8260561574345483,-0.7736055022721724,-0.41479433234883034,0.9592303622513327,-1.2196565865253737
-0.27731587705760424,-0.595092777301473,-0.4193208291092886,1.0455538875075825,-0.8356850873489315,-0.8260561574345483,1.2926485102069203,-0.47910353116260246,0.9592303622513327,-1.2196565865253737
-0.8182722539646038,-0.595092777301473,-0.3850309410872775,0.5477184968268938,-0.8356850873489315,1.2105714496526023,-0.7736055022721724,-0.47910353116260246,0.9592303622513327,-1.2196565865253737
-0.16912460167620436,-0.595092777301473,-0.475408689957028,1.0455538875075825,1.1966230044529447,1.2105714496526023,1.2926485102069203,-0.41479433234883034,0.9592303622513327,-1.2196565865253737
-0.8182722539646038,-0.3018858511576648,-0.3935824535035247,-0.4479522845344837,1.1966230044529447,1.2105714496526023,-0.7736055022721724,-0.47910353116260246,-1.0425024471212316,0.8199029227143817
-0.3314115147483042,-0.3018858511576648,-0.42812385659660196,1.0455538875075825,-0.8356850873489315,-0.8260561574345483,-0.7736055022721724,-0.41479433234883034,0.9592303622513327,0.8199029227143817
-0.38550715243900413,-0.3018858511576648,-0.44178950879119316,0.2988008014865494,1.1966230044529447,-0.8260561574345483,1.2926485102069203,-0.43623073195342105,0.9592303622513327,-1.2196565865253737
-0.4936984278204041,-0.3018858511576648,-0.4737319228165874,0.7966361921672381,1.1966230044529447,1.2105714496526023,-0.7736055022721724,-0.45766713155801175,-1.0425024471212316,-1.2196565865253737
-0.8182722539646038,-0.3018858511576648,-0.38964205072348923,1.294471582847927,1.1966230044529447,-0.8260561574345483,-0.7736055022721724,-0.3719215331396489,-1.0425024471212316,-1.2196565865253737
-0.06093332629480444,-0.3018858511576648,-0.3932471000754366,1.0455538875075825,1.1966230044529447,1.2105714496526023,1.2926485102069203,-0.5005399307671932,0.9592303622513327,0.8199029227143817
-0.2232202393669043,-0.3018858511576648,-0.4432147608605677,-0.19903458919413933,1.1966230044529447,-0.8260561574345483,1.2926485102069203,-0.3933579327442396,0.9592303622513327,0.8199029227143817
-0.1150289639855044,-0.595092777301473,-0.41638648661351746,-0.4479522845344837,1.1966230044529447,-0.8260561574345483,1.2926485102069203,-0.45766713155801175,0.9592303622513327,0.8199029227143817
-0.4396027901297041,-0.3018858511576648,-0.42804001823957993,0.049883106146205045,1.1966230044529447,-0.8260561574345483,-0.7736055022721724,-0.5005399307671932,0.9592303622513327,0.8199029227143817
-0.7100809785832038,-0.595092777301473,-0.41269759890454805,-0.19903458919413933,-0.8356850873489315,-0.8260561574345483,-0.7736055022721724,-0.3933579327442396,-1.0425024471212316,-1.2196565865253737
-0.4396027901297041,-0.595092777301473,-0.4636713199739435,-0.4479522845344837,-0.8356850873489315,-0.8260561574345483,-0.7736055022721724,-0.5219763303717839,0.9592303622513327,0.8199029227143817
-0.06093332629480444,-0.3018858511576648,-0.410098609836865,0.5477184968268938,1.1966230044529447,1.2105714496526023,-0.7736055022721724,-0.45766713155801175,-1.0425024471212316,-1.2196565865253737
-0.6018897032018039,-0.3018858511576648,-0.43181274430557137,1.294471582847927,1.1966230044529447,1.2105714496526023,-0.7736055022721724,-0.35048513353505817,0.9592303622513327,0.8199029227143817
-0.8182722539646038,-0.595092777301473,-0.47482182145787377,0.049883106146205045,1.1966230044529447,-0.8260561574345483,1.2926485102069203,-0.45766713155801175,0.9592303622513327,0.8199029227143817
-0.4936984278204041,-0.595092777301473,-0.40020568370826526,0.5477184968268938,-0.8356850873489315,1.2105714496526023,-0.7736055022721724,-0.47910353116260246,0.9592303622513327,0.8199029227143817
-0.6018897032018039,-0.3018858511576648,-0.4437177910026999,0.7966361921672381,-0.8356850873489315,1.2105714496526023,1.2926485102069203,-0.5005399307671932,-1.0425024471212316,0.8199029227143817
-0.547794065511104,-0.3018858511576648,-0.4292975935949104,-0.4479522845344837,1.1966230044529447,-0.8260561574345483,-0.7736055022721724,-0.47910353116260246,0.9592303622513327,-1.2196565865253737
-0.547794065511104,-0.595092777301473,-0.4015470974206178,0.5477184968268938,-0.8356850873489315,1.2105714496526023,1.2926485102069203,-0.5219763303717839,0.9592303622513327,-1.2196565865253737
-0.4396027901297041,-0.3018858511576648,-0.4743187913157416,1.294471582847927,1.1966230044529447,-0.8260561574345483,-0.7736055022721724,-0.3719215331396489,-1.0425024471212316,-1.2196565865253737
-0.38550715243900413,-0.3018858511576648,-0.4277046648114918,1.294471582847927,1.1966230044529447,1.2105714496526023,-0.7736055022721724,-0.5219763303717839,0.9592303622513327,-1.2196565865253737
-0.7641766162739038,-0.3018858511576648,-0.4129491139756141,0.7966361921672381,1.1966230044529447,1.2105714496526023,1.2926485102069203,-0.47910353116260246,-1.0425024471212316,-1.2196565865253737
-0.38550715243900413,-0.595092777301473,-0.39173800964904004,1.294471582847927,1.1966230044529447,1.2105714496526023,-0.7736055022721724,-0.47910353116260246,0.9592303622513327,-1.2196565865253737
-0.2232202393669043,-0.595092777301473,-0.4407834485069288,-0.4479522845344837,1.1966230044529447,1.2105714496526023,1.2926485102069203,-0.5005399307671932,-1.0425024471212316,-1.2196565865253737
-0.06093332629480444,-0.595092777301473,-0.4407834485069288,-0.4479522845344837,1.1966230044529447,1.2105714496526023,-0.7736055022721724,-0.43623073195342105,-1.0425024471212316,0.8199029227143817
-0.27731587705760424,-0.3018858511576648,-0.4656834405424723,1.294471582847927,1.1966230044529447,1.2105714496526023,-0.7736055022721724,-0.47910353116260246,-1.0425024471212316,-1.2196565865253737
-0.3314115147483042,-0.3018858511576648,-0.43969354986564235,0.5477184968268938,-0.8356850873489315,1.2105714496526023,1.2926485102069203,-0.47910353116260246,0.9592303622513327,0.8199029227143817
-0.38550715243900413,-0.595092777301473,-0.4722228323901908,-0.4479522845344837,1.1966230044529447,-0.8260561574345483,-0.7736055022721724,-0.3719215331396489,-1.0425024471212316,-1.2196565865253737
-0.16912460167620436,-0.595092777301473,-0.443969306073766,-0.19903458919413933,-0.8356850873489315,-0.8260561574345483,1.2926485102069203,-0.45766713155801175,-1.0425024471212316,0.8199029227143817
-0.3314115147483042,-0.595092777301473,-0.4637551583309656,1.294471582847927,1.1966230044529447,-0.8260561574345483,-0.7736055022721724,-0.45766713155801175,0.9592303622513327,-1.2196565865253737
-0.06093332629480444,-0.3018858511576648,-0.4454783965001626,-0.4479522845344837,1.1966230044529447,-0.8260561574345483,-0.7736055022721724,-0.47910353116260246,-1.0425024471212316,0.8199029227143817
-0.3314115147483042,-0.595092777301473,-0.3858693246574978,0.2988008014865494,-0.8356850873489315,1.2105714496526023,-0.7736055022721724,-0.5219763303717839,0.9592303622513327,-1.2196565865253737
-0.4936984278204041,-0.595092777301473,-0.3846117493021673,0.7966361921672381,-0.8356850873489315,1.2105714496526023,-0.7736055022721724,-0.3719215331396489,0.9592303622513327,-1.2196565865253737
-0.8182722539646038,-0.3018858511576648,-0.44614910335633884,1.294471582847927,1.1966230044529447,1.2105714496526023,-0.7736055022721724,-0.5219763303717839,-1.0425024471212316,-1.2196565865253737
-0.4936984278204041,-0.3018858511576648,-0.4088410344815346,-0.4479522845344837,-0.8356850873489315,-0.8260561574345483,-0.7736055022721724,-0.3933579327442396,-1.0425024471212316,-1.2196565865253737
-0.3314115147483042,-0.3018858511576648,-0.40666123719896174,0.2988008014865494,1.1966230044529447,-0.8260561574345483,-0.7736055022721724,-0.43623073195342105,0.9592303622513327,0.8199029227143817
-0.6018897032018039,-0.595092777301473,-0.44254405400439145,-0.4479522845344837,1.1966230044529447,-0.8260561574345483,1.2926485102069203,-0.45766713155801175,-1.0425024471212316,-1.2196565865253737
-0.547794065511104,-0.3018858511576648,-0.402133965919772,-0.4479522845344837,-0.8356850873489315,1.2105714496526023,-0.7736055022721724,-0.45766713155801175,-1.0425024471212316,-1.2196565865253737
-0.3314115147483042,-0.3018858511576648,-0.4370945607979594,0.5477184968268938,-0.8356850873489315,-0.8260561574345483,-0.7736055022721724,-0.3719215331396489,-1.0425024471212316,0.8199029227143817
-0.4936984278204041,-0.595092777301473,-0.4081703276253583,-0.19903458919413933,-0.8356850873489315,1.2105714496526023,-0.7736055022721724,-0.41479433234883034,-1.0425024471212316,-1.2196565865253737
-0.1150289639855044,-0.3018858511576648,-0.46023394733604023,1.294471582847927,-0.8356850873489315,-0.8260561574345483,1.2926485102069203,-0.5219763303717839,0.9592303622513327,0.8199029227143817
-0.06093332629480444,-0.595092777301473,-0.4145420427590327,0.7966361921672381,1.1966230044529447,1.2105714496526023,1.2926485102069203,-0.3719215331396489,0.9592303622513327,0.8199029227143817
-0.6018897032018039,-0.595092777301473,-0.4399450649367085,1.294471582847927,-0.8356850873489315,-0.8260561574345483,-0.7736055022721724,-0.5005399307671932,-1.0425024471212316,-1.2196565865253737
-0.4936984278204041,-0.3018858511576648,-0.4039784097742567,-0.19903458919413933,-0.8356850873489315,1.2105714496526023,-0.7736055022721724,-0.41479433234883034,0.9592303622513327,-1.2196565865253737
-0.38550715243900413,-0.3018858511576648,-0.4560420294849386,0.049883106146205045,-0.8356850873489315,-0.8260561574345483,-0.7736055022721724,-0.35048513353505817,-1.0425024471212316,0.8199029227143817
-0.7100809785832038,-0.3018858511576648,-0.4112723468351735,0.5477184968268938,-0.8356850873489315,-0.8260561574345483,1.2926485102069203,-0.5219763303717839,-1.0425024471212316,-1.2196565865253737
-0.4396027901297041,-0.3018858511576648,-0.4123622454764599,0.5477184968268938,-0.8356850873489315,1.2105714496526023,-0.7736055022721724,-0.41479433234883034,-1.0425024471212316,0.8199029227143817
-0.7641766162739038,-0.3018858511576648,-0.4645097035441639,-0.19903458919413933,1.1966230044529447,1.2105714496526023,1.2926485102069203,-0.3719215331396489,-1.0425024471212316,-1.2196565865253737
-0.27731587705760424,-0.3018858511576648,-0.40951174133771084,1.0455538875075825,1.1966230044529447,-0.8260561574345483,-0.7736055022721724,-0.5005399307671932,0.9592303622513327,-1.2196565865253737
-0.4936984278204041,-0.595092777301473,-0.46157536104839275,0.5477184968268938,-0.8356850873489315,1.2105714496526023,1.2926485102069203,-0.43623073195342105,-1.0425024471212316,0.8199029227143817
-0.16912460167620436,-0.595092777301473,-0.4625814213326571,1.294471582847927,-0.8356850873489315,-0.8260561574345483,1.2926485102069203,-0.41479433234883034,0.9592303622513327,-1.2196565865253737
-0.7641766162739038,-0.3018858511576648,-0.45906021033773176,-0.19903458919413933,1.1966230044529447,1.2105714496526023,-0.7736055022721724,-0.43623073195342105,-1.0425024471212316,-1.2196565865253737
-0.06093332629480444,-0.595092777301473,-0.3952592206439654,0.5477184968268938,-0.8356850873489315,-0.8260561574345483,-0.7736055022721724,-0.47910353116260246,0.9592303622513327,-1.2196565865253737
-0.1150289639855044,-0.3018858511576648,-0.4270339579553155,-0.4479522845344837,1.1966230044529447,1.2105714496526023,-0.7736055022721724,-0.45766713155801175,0.9592303622513327,0.8199029227143817
-0.6559853408925039,-0.595092777301473,-0.4024693193478601,-0.19903458919413933,1.1966230044529447,-0.8260561574345483,-0.7736055022721724,-0.3933579327442396,0.9592303622513327,-1.2196565865253737
-0.4936984278204041,-0.595092777301473,-0.4448076896439863,-0.19903458919413933,-0.8356850873489315,-0.8260561574345483,-0.7736055022721724,-0.45766713155801175,0.9592303622513327,0.8199029227143817
-0.7100809785832038,-0.595092777301473,-0.4672763693258909,1.294471582847927,1.1966230044529447,-0.8260561574345483,-0.7736055022721724,-0.35048513353505817,-1.0425024471212316,-1.2196565865253737
-0.7641766162739038,-0.3018858511576648,-0.3919056863630841,0.2988008014865494,-0.8356850873489315,1.2105714496526023,-0.7736055022721724,-0.5005399307671932,0.9592303622513327,0.8199029227143817
-0.27731587705760424,-0.595092777301473,-0.39408548364565693,0.5477184968268938,-0.8356850873489315,-0.8260561574345483,1.2926485102069203,-0.43623073195342105,-1.0425024471212316,-1.2196565865253737
-0.3314115147483042,-0.3018858511576648,-0.40900871119557863,0.5477184968268938,1.1966230044529447,1.2105714496526023,-0.7736055022721724,-0.3719215331396489,0.9592303622513327,-1.2196565865253737
-0.4936984278204041,-0.595092777301473,-0.42074608117866313,-0.19903458919413933,1.1966230044529447,1.2105714496526023,-0.7736055022721724,-0.43623073195342105,0.9592303622513327,0.8199029227143817
-0.8182722539646038,-0.595092777301473,-0.40196628920572797,-0.4479522845344837,-0.8356850873489315,1.2105714496526023,1.2926485102069203,-0.3719215331396489,0.9592303622513327,-1.2196565865253737
-0.1150289639855044,-0.595092777301473,-0.4144582044020107,-0.4479522845344837,1.1966230044529447,-0.8260561574345483,-0.7736055022721724,-0.3719215331396489,-1.0425024471212316,0.8199029227143817
-0.06093332629480444,-0.595092777301473,-0.44044809507884064,0.7966361921672381,-0.8356850873489315,1.2105714496526023,-0.7736055022721724,-0.35048513353505817,0.9592303622513327,-1.2196565865253737
-0.4396027901297041,-0.595092777301473,-0.42795617988255785,-0.4479522845344837,1.1966230044529447,1.2105714496526023,-0.7736055022721724,-0.41479433234883034,-1.0425024471212316,0.8199029227143817
-0.7100809785832038,-0.3018858511576648,-0.46157536104839275,0.5477184968268938,1.1966230044529447,1.2105714496526023,-0.7736055022721724,-0.45766713155801175,-1.0425024471212316,-1.2196565865253737
-0.2232202393669043,-0.3018858511576648,-0.46140768433434864,1.0455538875075825,-0.8356850873489315,-0.8260561574345483,1.2926485102069203,-0.47910353116260246,-1.0425024471212316,0.8199029227143817
-0.2232202393669043,-0.595092777301473,-0.42032688939355295,0.2988008014865494,-0.8356850873489315,1.2105714496526023,1.2926485102069203,-0.43623073195342105,0.9592303622513327,-1.2196565865253737
-0.16912460167620436,-0.595092777301473,-0.4379329443681797,-0.19903458919413933,-0.8356850873489315,1.2105714496526023,-0.7736055022721724,-0.41479433234883034,0.9592303622513327,0.8199029227143817
-0.7641766162739038,-0.595092777301473,-0.44656829514144897,0.049883106146205045,1.1966230044529447,1.2105714496526023,-0.7736055022721724,-0.47910353116260246,0.9592303622513327,0.8199029227143817
-0.7100809785832038,-0.595092777301473,-0.43449557173027636,0.2988008014865494,-0.8356850873489315,1.2105714496526023,1.2926485102069203,-0.5005399307671932,0.9592303622513327,-1.2196565865253737
-0.6018897032018039,-0.3018858511576648,-0.42393193874550034,1.294471582847927,-0.8356850873489315,-0.8260561574345483,-0.7736055022721724,-0.3933579327442396,0.9592303622513327,0.8199029227143817
-0.27731587705760424,-0.595092777301473,-0.38972588908051126,1.294471582847927,1.1966230044529447,-0.8260561574345483,1.2926485102069203,-0.43623073195342105,0.9592303622513327,0.8199029227143817
-0.4396027901297041,-0.3018858511576648,-0.39886426999591273,1.0455538875075825,1.1966230044529447,1.2105714496526023,1.2926485102069203,-0.35048513353505817,0.9592303622513327,-1.2196565865253737
-0.3314115147483042,-0.595092777301473,-0.475408689957028,0.049883106146205045,-0.8356850873489315,1.2105714496526023,1.2926485102069203,-0.47910353116260246,-1.0425024471212316,-1.2196565865253737
-0.4936984278204041,-0.3018858511576648,-0.45176627327681496,0.2988008014865494,-0.8356850873489315,1.2105714496526023,-0.7736055022721724,-0.3719215331396489,0.9592303622513327,-1.2196565865253737
-0.4936984278204041,-0.595092777301473,-0.4249379990297647,-0.4479522845344837,-0.8356850873489315,1.2105714496526023,-0.7736055022721724,-0.41479433234883034,-1.0425024471212316,-1.2196565865253737
-0.2232202393669043,-0.595092777301473,-0.43759759094009154,0.5477184968268938,-0.8356850873489315,-0.8260561574345483,-0.7736055022721724,-0.45766713155801175,-1.0425024471212316,-1.2196565865253737
-0.4936984278204041,-0.3018858511576648,-0.3895582123664672,1.0455538875075825,1.1966230044529447,-0.8260561574345483,1.2926485102069203,-0.35048513353505817,0.9592303622513327,-1.2196565865253737
-0.06093332629480444,-0.595092777301473,-0.42359658531741223,0.049883106146205045,1.1966230044529447,-0.8260561574345483,-0.7736055022721724,-0.43623073195342105,0.9592303622513327,0.8199029227143817
-0.4396027901297041,-0.595092777301473,-0.44438849785887613,1.0455538875075825,-0.8356850873489315,-0.8260561574345483,-0.7736055022721724,-0.41479433234883034,-1.0425024471212316,0.8199029227143817
-0.8182722539646038,-0.595092777301473,-0.4384359745103119,0.2988008014865494,-0.8356850873489315,1.2105714496526023,1.2926485102069203,-0.35048513353505817,-1.0425024471212316,0.8199029227143817
-0.6559853408925039,-0.3018858511576648,-0.40590669198576346,0.5477184968268938,-0.8356850873489315,1.2105714496526023,-0.7736055022721724,-0.3933579327442396,0.9592303622513327,-1.2196565865253737
-0.16912460167620436,-0.595092777301473,-0.40791881255429224,1.0455538875075825,1.1966230044529447,-0.8260561574345483,-0.7736055022721724,-0.43623073195342105,-1.0425024471212316,-1.2196565865253737
-0.547794065511104,-0.595092777301473,-0.3955107357150315,0.049883106146205045,-0.8356850873489315,-0.8260561574345483,-0.7736055022721724,-0.5005399307671932,-1.0425024471212316,0.8199029227143817
-0.38550715243900413,-0.3018858511576648,-0.404732954987455,-0.19903458919413933,-0.8356850873489315,1.2105714496526023,1.2926485102069203,-0.45766713155801175,-1.0425024471212316,0.8199029227143817
-0.16912460167620436,-0.3018858511576648,-0.4080864892683363,0.2988008014865494,1.1966230044529447,1.2105714496526023,-0.7736055022721724,-0.5005399307671932,-1.0425024471212316,-1.2196565865253737
-0.7641766162739038,-0.3018858511576648,-0.39383396857459085,-0.19903458919413933,1.1966230044529447,1.2105714496526023,1.2926485102069203,-0.47910353116260246,0.9592303622513327,0.8199029227143817
-0.8182722539646038,-0.595092777301473,-0.4410349635779949,-0.4479522845344837,-0.8356850873489315,1.2105714496526023,1.2926485102069203,-0.47910353116260246,0.9592303622513327,-1.2196565865253737
-0.16912460167620436,-0.595092777301473,-0.41504507290116494,-0.19903458919413933,-0.8356850873489315,1.2105714496526023,1.2926485102069203,-0.45766713155801175,-1.0425024471212316,-1.2196565865253737
-0.3314115147483042,-0.595092777301473,-0.4378491060111577,-0.19903458919413933,1.1966230044529447,-0.8260561574345483,-0.7736055022721724,-0.41479433234883034,-1.0425024471212316,0.8199029227143817
-0.2232202393669043,-0.3018858511576648,-0.4633359665458554,0.7966361921672381,-0.8356850873489315,-0.8260561574345483,-0.7736055022721724,-0.47910353116260246,-1.0425024471212316,-1.2196565865253737
-0.1150289639855044,-0.595092777301473,-0.41227840711943786,0.2988008014865494,-0.8356850873489315,1.2105714496526023,-0.7736055022721724,-0.5219763303717839,0.9592303622513327,-1.2196565865253737
-0.7641766162739038,-0.595092777301473,-0.41060163997899723,-0.4479522845344837,1.1966230044529447,1.2105714496526023,1.2926485102069203,-0.5219763303717839,0.9592303622513327,-1.2196565865253737
-0.4936984278204041,-0.3018858511576648,-0.394336998716723,-0.19903458919413933,1.1966230044529447,-0.8260561574345483,1.2926485102069203,-0.35048513353505817,-1.0425024471212316,-1.2196565865253737
-0.7100809785832038,-0.3018858511576648,-0.41194305369134976,1.294471582847927,1.1966230044529447,1.2105714496526023,-0.7736055022721724,-0.35048513353505817,-1.0425024471212316,0.8199029227143817
-0.3314115147483042,-0.3018858511576648,-0.3919056863630841,0.5477184968268938,-0.8356850873489315,-0.8260561574345483,1.2926485102069203,-0.43623073195342105,-1.0425024471212316,-1.2196565865253737
-0.7641766162739038,-0.3018858511576648,-0.46954000496548576,0.049883106146205045,1.1966230044529447,-0.8260561574345483,-0.7736055022721724,-0.35048513353505817,0.9592303622513327,-1.2196565865253737
-0.1150289639855044,-0.3018858511576648,-0.425692544242963,-0.19903458919413933,1.1966230044529447,-0.8260561574345483,-0.7736055022721724,-0.3933579327442396,-1.0425024471212316,0.8199029227143817
-0.27731587705760424,-0.595092777301473,-0.45704808976920297,-0.4479522845344837,-0.8356850873489315,-0.8260561574345483,-0.7736055022721724,-0.35048513353505817,-1.0425024471212316,-1.2196565865253737
-0.4936984278204041,-0.3018858511576648,-0.4664379857556706,-0.19903458919413933,-0.8356850873489315,1.2105714496526023,-0.7736055022721724,-0.3933579327442396,-1.0425024471212316,-1.2196565865253737
-0.16912460167620436,-0.595092777301473,-0.4548682924866302,0.049883106146205045,1.1966230044529447,1.2105714496526023,-0.7736055022721724,-0.35048513353505817,-1.0425024471212316,0.8199029227143817
-0.16912460167620436,-0.595092777301473,-0.40540366184363125,-0.4479522845344837,1.1966230044529447,-0.8260561574345483,-0.7736055022721724,-0.5005399307671932,-1.0425024471212316,0.8199029227143817
-0.7641766162739038,-0.3018858511576648,-0.4160511331854293,0.2988008014865494,-0.8356850873489315,1.2105714496526023,-0.7736055022721724,-0.3719215331396489,0.9592303622513327,-1.2196565865253737
-0.7100809785832038,-0.3018858511576648,-0.4654319254714062,-0.4479522845344837,-0.8356850873489315,1.2105714496526023,1.2926485102069203,-0.3933579327442396,0.9592303622513327,-1.2196565865253737
-0.27731587705760424,-0.3018858511576648,-0.3842763958740792,0.2988008014865494,1.1966230044529447,1.2105714496526023,-0.7736055022721724,-0.41479433234883034,0.9592303622513327,0.8199029227143817
-0.4936984278204041,-0.595092777301473,-0.38612083972856387,-0.4479522845344837,1.1966230044529447,1.2105714496526023,1.2926485102069203,-0.43623073195342105,-1.0425024471212316,-1.2196565865253737
-0.1150289639855044,-0.3018858511576648,-0.40179861249168386,1.294471582847927,-0.8356850873489315,-0.8260561574345483,1.2926485102069203,-0.45766713155801175,0.9592303622513327,-1.2196565865253737
-0.6559853408925039,-0.3018858511576648,-0.4733965693884992,1.0455538875075825,1.1966230044529447,1.2105714496526023,-0.7736055022721724,-0.3933579327442396,-1.0425024471212316,-1.2196565865253737
-0.16912460167620436,-0.3018858511576648,-0.4523531417759692,0.049883106146205045,-0.8356850873489315,-0.8260561574345483,1.2926485102069203,-0.47910353116260246,0.9592303622513327,0.8199029227143817
-0.1150289639855044,-0.3018858511576648,-0.3984450782108026,0.049883106146205045,1.1966230044529447,-0.8260561574345483,1.2926485102069203,-0.3719215331396489,0.9592303622513327,-1.2196565865253737
-0.8182722539646038,-0.3018858511576648,-0.4450592047150524,-0.4479522845344837,-0.8356850873489315,1.2105714496526023,1.2926485102069203,-0.5005399307671932,-1.0425024471212316,0.8199029227143817
-0.16912460167620436,-0.595092777301473,-0.43441173337325434,1.0455538875075825,-0.8356850873489315,-0.8260561574345483,-0.7736055022721724,-0.5219763303717839,-1.0425024471212316,0.8199029227143817
-0.1150289639855044,-0.595092777301473,-0.3879652835830486,-0.19903458919413933,1.1966230044529447,1.2105714496526023,-0.7736055022721724,-0.5005399307671932,-1.0425024471212316,0.8199029227143817
-0.6018897032018039,-0.595092777301473,-0.4157157797573412,0.049883106146205045,1.1966230044529447,1.2105714496526023,-0.7736055022721724,-0.35048513353505817,0.9592303622513327,0.8199029227143817
-0.2232202393669043,-0.3018858511576648,-0.3906481110077536,1.294471582847927,-0.8356850873489315,-0.8260561574345483,-0.7736055022721724,-0.43623073195342105,-1.0425024471212316,-1.2196565865253737
-0.38550715243900413,-0.3018858511576648,-0.4251056757438088,0.2988008014865494,1.1966230044529447,1.2105714496526023,-0.7736055022721724,-0.3719215331396489,0.9592303622513327,0.8199029227143817
-0.4396027901297041,-0.3018858511576648,-0.4444723362158982,0.2988008014865494,1.1966230044529447,-0.8260561574345483,1.2926485102069203,-0.47910353116260246,0.9592303622513327,-1.2196565865253737
-0.2232202393669043,-0.595092777301473,-0.42233900996208174,0.5477184968268938,1.1966230044529447,-0.8260561574345483,1.2926485102069203,-0.3933579327442396,0.9592303622513327,0.8199029227143817
-0.06093332629480444,-0.3018858511576648,-0.3879652835830486,0.7966361921672381,-0.8356850873489315,1.2105714496526023,-0.7736055022721724,-0.5005399307671932,-1.0425024471212316,0.8199029227143817
0.4800230506121951,3.216597262568033,0.9095171296899195,-1.6925407612362056,-0.8356850873489315,-0.8260561574345483,-0.7736055022721724,0.9142624431357939,-1.0425024471212316,0.8199029227143817
3.0225180220750927,1.1641487795613759,-0.2549138109890837,-1.94145845657655,-0.8356850873489315,-0.8260561574345483,-0.7736055022721724,0.5498436498577517,0.9592303622513327,0.8199029227143817
2.8061354713122926,0.28452800112995147,1.6381562905684,-2.1903761519168943,-0.8356850873489315,-0.8260561574345483,-0.7736055022721724,1.1714992383908824,-1.0425024471212316,0.8199029227143817
3.0766136597657927,0.8709418534175678,1.0602584956155332,-1.94145845657655,-0.8356850873489315,-0.8260561574345483,-0.7736055022721724,3.50806679529127,-1.0425024471212316,0.8199029227143817
1.616031442116894,2.6301834102804165,2.880808418348959,-1.94145845657655,-0.8356850873489315,-0.8260561574345483,-0.7736055022721724,2.629174411503051,0.9592303622513327,0.8199029227143817
1.3996488913540943,2.923390336424225,0.1971426100737131,-1.6925407612362056,-0.8356850873489315,-0.8260561574345483,-0.7736055022721724,2.050391622179102,0.9592303622513327,0.8199029227143817
2.589752920549493,1.457355705705184,2.5909792181237945,-1.6925407612362056,-0.8356850873489315,-0.8260561574345483,-0.7736055022721724,0.6141528486715239,0.9592303622513327,0.8199029227143817
1.4537445290447941,2.3369764841366085,3.6433182754643405,-1.94145845657655,-0.8356850873489315,-0.8260561574345483,-0.7736055022721724,0.9571352423449753,-1.0425024471212316,0.8199029227143817
0.9127881521377946,0.5777349272737596,0.6564929681974266,-1.6925407612362056,-0.8356850873489315,-0.8260561574345483,-0.7736055022721724,0.828516844717431,0.9592303622513327,0.8199029227143817
0.6964056013749949,0.8709418534175678,2.344745963550086,-1.6925407612362056,-0.8356850873489315,-0.8260561574345483,-0.7736055022721724,1.514481632064334,0.9592303622513327,0.8199029227143817
2.8602311090029926,2.0437695579928,2.450969161897001,-1.6925407612362056,-0.8356850873489315,-0.8260561574345483,-0.7736055022721724,2.2861920178296,-1.0425024471212316,0.8199029227143817
1.2914576159726943,2.923390336424225,0.9105231899741839,-1.443623065895861,-0.8356850873489315,-0.8260561574345483,-0.7736055022721724,1.2572448368092453,-1.0425024471212316,0.8199029227143817
1.724222717498294,1.1641487795613759,1.724761313372159,-1.94145845657655,-0.8356850873489315,-0.8260561574345483,-0.7736055022721724,0.1639884569751189,-1.0425024471212316,0.8199029227143817
2.589752920549493,2.6301834102804165,0.44706475235639065,-1.1947053705555168,-0.8356850873489315,-0.8260561574345483,-0.7736055022721724,1.8574640257377855,0.9592303622513327,0.8199029227143817
3.2929962105285924,2.0437695579928,0.2785496547421062,-1.94145845657655,-0.8356850873489315,-0.8260561574345483,-0.7736055022721724,2.6720472107122326,-1.0425024471212316,0.8199029227143817
2.211083456714593,3.216597262568033,2.6328983966348103,-2.1903761519168943,-0.8356850873489315,-0.8260561574345483,-0.7736055022721724,0.37835245302102605,-1.0425024471212316,0.8199029227143817
1.5078401667354941,3.509804188711841,1.1827463352247218,-1.6925407612362056,-0.8356850873489315,-0.8260561574345483,-0.7736055022721724,1.2572448368092453,0.9592303622513327,0.8199029227143817
2.589752920549493,0.28452800112995147,3.3220496913559137,-1.6925407612362056,-0.8356850873489315,-0.8260561574345483,-0.7736055022721724,3.6366851929188146,-1.0425024471212316,0.8199029227143817
1.9947009059517935,1.1641487795613759,3.456107224234143,-1.1947053705555168,-0.8356850873489315,-0.8260561574345483,-0.7736055022721724,2.8221020079443675,-1.0425024471212316,0.8199029227143817
1.2914576159726943,2.923390336424225,3.6197596971411494,-2.1903761519168943,-0.8356850873489315,-0.8260561574345483,-0.7736055022721724,0.1425520573705282,0.9592303622513327,0.8199029227143817
3.455283123600692,3.216597262568033,0.19990927585544013,-1.443623065895861,-0.8356850873489315,-0.8260561574345483,-0.7736055022721724,2.90784760636273,-1.0425024471212316,0.8199029227143817
2.8061354713122926,1.7505626318489922,1.2704412566697674,-1.94145845657655,-0.8356850873489315,-0.8260561574345483,-0.7736055022721724,2.0075188229699203,0.9592303622513327,0.8199029227143817
1.8324139928796936,1.7505626318489922,1.0749302080943888,-1.443623065895861,-0.8356850873489315,-0.8260561574345483,-0.7736055022721724,2.8221020079443675,0.9592303622513327,0.8199029227143817
2.589752920549493,2.923390336424225,0.5321606847337531,-2.1903761519168943,-0.8356850873489315,-0.8260561574345483,-0.7736055022721724,3.465193996082089,0.9592303622513327,0.8199029227143817
0.6964056013749949,1.7505626318489922,1.9770309296514537,-1.1947053705555168,-0.8356850873489315,-0.8260561574345483,-0.7736055022721724,3.1007752028040465,0.9592303622513327,0.8199029227143817
2.643848558240193,1.457355705705184,0.015464890406969635,-2.1903761519168943,-0.8356850873489315,-0.8260561574345483,-0.7736055022721724,1.9860824233653296,0.9592303622513327,0.8199029227143817
2.8602311090029926,0.8709418534175678,2.412906547808998,-1.1947053705555168,-0.8356850873489315,-0.8260561574345483,-0.7736055022721724,1.042880840763338,-1.0425024471212316,0.8199029227143817
1.1291707029005944,0.5777349272737596,1.1300958470148859,-1.443623065895861,-0.8356850873489315,-0.8260561574345483,-0.7736055022721724,1.2143720376000637,0.9592303622513327,0.8199029227143817
2.1569878190238936,0.8709418534175678,0.7188687058218186,-1.443623065895861,-0.8356850873489315,-0.8260561574345483,-0.7736055022721724,1.3858632344367896,0.9592303622513327,0.8199029227143817
0.9668837898284947,2.6301834102804165,2.1886389427750625,-2.1903761519168943,-0.8356850873489315,-0.8260561574345483,-0.7736055022721724,3.50806679529127,0.9592303622513327,0.8199029227143817
1.2373619782819945,0.8709418534175678,1.1430069539962788,-2.1903761519168943,-0.8356850873489315,-0.8260561574345483,-0.7736055022721724,1.9860824233653296,0.9592303622513327,0.8199029227143817
0.588214325993595,0.8709418534175678,2.3356914209917066,-1.6925407612362056,-0.8356850873489315,-0.8260561574345483,-0.7736055022721724,1.278681236413836,-1.0425024471212316,0.8199029227143817
3.4011874859099924,0.28452800112995147,-0.19530473914641894,-1.1947053705555168,-0.8356850873489315,-0.8260561574345483,-0.7736055022721724,1.5573544312735155,-1.0425024471212316,0.8199029227143817
0.3718317752307952,0.5777349272737596,2.1698591508021274,-1.6925407612362056,-0.8356850873489315,-0.8260561574345483,-0.7736055022721724,1.4287360336459711,-1.0425024471212316,0.8199029227143817
1.9947009059517935,3.216597262568033,1.3775866769439244,-1.94145845657655,-0.8356850873489315,-0.8260561574345483,-0.7736055022721724,0.8713896439266124,0.9592303622513327,0.8199029227143817
2.589752920549493,3.509804188711841,3.7035980541631814,-1.94145845657655,-0.8356850873489315,-0.8260561574345483,-0.7736055022721724,1.6002272304826968,-1.0425024471212316,0.8199029227143817
1.9406052682610935,0.8709418534175678,0.33337994023451517,-2.1903761519168943,-0.8356850873489315,-0.8260561574345483,-0.7736055022721724,2.564865212689279,-1.0425024471212316,0.8199029227143817
2.752039833621593,0.5777349272737596,0.7264141579538015,-1.443623065895861,-0.8356850873489315,-0.8260561574345483,-0.7736055022721724,0.978571641949566,0.9592303622513327,0.8199029227143817
0.8045968767563948,2.3369764841366085,3.3609506890141367,-1.94145845657655,-0.8356850873489315,-0.8260561574345483,-0.7736055022721724,2.993593204781093,0.9592303622513327,0.8199029227143817
2.481561645168093,1.7505626318489922,0.14449212186387697,-1.94145845657655,-0.8356850873489315,-0.8260561574345483,-0.7736055022721724,2.993593204781093,-1.0425024471212316,0.8199029227143817
0.3177361375400952,2.0437695579928,1.3718856686664263,-1.6925407612362056,-0.8356850873489315,-0.8260561574345483,-0.7736055022721724,3.1222116024086373,-1.0425024471212316,0.8199029227143817
1.616031442116894,0.28452800112995147,0.837667657722038,-1.6925407612362056,-0.8356850873489315,-0.8260561574345483,-0.7736055022721724,0.35691605341643534,-1.0425024471212316,0.8199029227143817
0.4259274129214951,1.7505626318489922,1.4728270505209529,-1.94145845657655,-0.8356850873489315,-0.8260561574345483,-0.7736055022721724,2.864974807153549,-1.0425024471212316,0.8199029227143817
1.1291707029005944,0.5777349272737596,1.922955189372243,-2.1903761519168943,-0.8356850873489315,-0.8260561574345483,-0.7736055022721724,3.1007752028040465,0.9592303622513327,0.8199029227143817
1.1291707029005944,1.7505626318489922,1.2489786372721272,-1.6925407612362056,-0.8356850873489315,-0.8260561574345483,-0.7736055022721724,0.31404325420725393,0.9592303622513327,0.8199029227143817
1.724222717498294,0.8709418534175678,2.0718521114433717,-1.94145845657655,-0.8356850873489315,-0.8260561574345483,-0.7736055022721724,1.2358084372046545,0.9592303622513327,0.8199029227143817
1.8324139928796936,2.0437695579928,1.8230198678019807,-1.443623065895861,-0.8356850873489315,-0.8260561574345483,-0.7736055022721724,1.4072996340413804,0.9592303622513327,0.8199029227143817
2.3733703697866932,0.8709418534175678,3.2973173760344143,-1.6925407612362056,-0.8356850873489315,-0.8260561574345483,-0.7736055022721724,3.3365755984545444,0.9592303622513327,0.8199029227143817
1.4537445290447941,2.6301834102804165,3.673080892207162,-1.94145845657655,-0.8356850873489315,-0.8260561574345483,-0.7736055022721724,2.650610811107642,-1.0425024471212316,0.8199029227143817
2.697944195930893,0.8709418534175678,0.9229312668134446,-1.1947053705555168,-0.8356850873489315,-0.8260561574345483,-0.7736055022721724,1.342990435227608,0.9592303622513327,0.8199029227143817
1.5078401667354941,2.0437695579928,2.792107436619649,-1.6925407612362056,-0.8356850873489315,-0.8260561574345483,-0.7736055022721724,3.2722663996407726,0.9592303622513327,0.8199029227143817
1.7783183551889936,3.509804188711841,3.306958787091948,-1.1947053705555168,-0.8356850873489315,-0.8260561574345483,-0.7736055022721724,1.3215540356230173,-1.0425024471212316,0.8199029227143817
0.4259274129214951,1.1641487795613759,1.3175584133161495,-1.6925407612362056,-0.8356850873489315,-0.8260561574345483,-0.7736055022721724,3.015029604385684,0.9592303622513327,0.8199029227143817
2.265179094405293,2.3369764841366085,3.568702137714732,-1.6925407612362056,-0.8356850873489315,-0.8260561574345483,-0.7736055022721724,2.6077380118984603,-1.0425024471212316,0.8199029227143817
1.7783183551889936,0.5777349272737596,3.684231393691092,-1.1947053705555168,-0.8356850873489315,-0.8260561574345483,-0.7736055022721724,2.1575736202020552,0.9592303622513327,0.8199029227143817
1.2373619782819945,2.3369764841366085,2.556437815030717,-2.1903761519168943,-0.8356850873489315,-0.8260561574345483,-0.7736055022721724,2.2004464194112368,0.9592303622513327,0.8199029227143817
1.670127079807594,2.6301834102804165,0.8335595782279585,-1.94145845657655,-0.8356850873489315,-0.8260561574345483,-0.7736055022721724,1.4072996340413804,0.9592303622513327,0.8199029227143817
1.7783183551889936,2.3369764841366085,2.5840206344909658,-2.1903761519168943,-0.8356850873489315,-0.8260561574345483,-0.7736055022721724,2.0718280217836926,-1.0425024471212316,0.8199029227143817
3.2389005728378923,1.7505626318489922,2.3507823252556723,-2.1903761519168943,-0.8356850873489315,-0.8260561574345483,-0.7736055022721724,2.88641120675814,0.9592303622513327,0.8199029227143817
2.1569878190238936,2.923390336424225,2.5450357984757206,-1.94145845657655,-0.8356850873489315,-0.8260561574345483,-0.7736055022721724,1.2572448368092453,-1.0425024471212316,0.8199029227143817
2.1028921813331936,0.28452800112995147,1.8491774351928547,-1.443623065895861,-0.8356850873489315,-0.8260561574345483,-0.7736055022721724,2.7363564095260045,0.9592303622513327,0.8199029227143817
3.0225180220750927,2.0437695579928,2.270884371013676,-2.1903761519168943,-0.8356850873489315,-0.8260561574345483,-0.7736055022721724,2.264755618225009,0.9592303622513327,0.8199029227143817
0.534118688302895,0.28452800112995147,0.678123264309111,-2.1903761519168943,-0.8356850873489315,-0.8260561574345483,-0.7736055022721724,3.1865208012224095,-1.0425024471212316,0.8199029227143817
3.4011874859099924,2.0437695579928,1.5146623906749468,-2.1903761519168943,-0.8356850873489315,-0.8260561574345483,-0.7736055022721724,1.5573544312735155,-1.0425024471212316,0.8199029227143817
1.4537445290447941,0.5777349272737596,0.2851728849468467,-1.443623065895861,-0.8356850873489315,-0.8260561574345483,-0.7736055022721724,3.7224307913371772,0.9592303622513327,0.8199029227143817
2.319274732095993,2.3369764841366085,3.4658324736486987,-1.6925407612362056,-0.8356850873489315,-0.8260561574345483,-0.7736055022721724,2.564865212689279,-1.0425024471212316,0.8199029227143817
2.697944195930893,0.5777349272737596,3.0117639320173732,-1.1947053705555168,-0.8356850873489315,-0.8260561574345483,-0.7736055022721724,2.4576832146663254,0.9592303622513327,0.8199029227143817
2.589752920549493,0.8709418534175678,3.4234102649955505,-1.1947053705555168,-0.8356850873489315,-0.8260561574345483,-0.7736055022721724,1.7288456281102411,0.9592303622513327,0.8199029227143817
2.8061354713122926,3.509804188711841,0.5926081401466383,-1.443623065895861,-0.8356850873489315,-0.8260561574345483,-0.7736055022721724,0.8928260435312031,-1.0425024471212316,0.8199029227143817
3.0225180220750927,0.8709418534175678,0.3201334798250341,-2.1903761519168943,-0.8356850873489315,-0.8260561574345483,-0.7736055022721724,1.7502820277148319,-1.0425024471212316,0.8199029227143817
0.6423099636842949,0.28452800112995147,0.7245697140993168,-1.1947053705555168,-0.8356850873489315,-0.8260561574345483,-0.7736055022721724,1.3215540356230173,-1.0425024471212316,0.8199029227143817
3.1848049351471923,1.457355705705184,2.5217287352235958,-1.443623065895861,-0.8356850873489315,-0.8260561574345483,-0.7736055022721724,3.5509395945004516,0.9592303622513327,0.8199029227143817
0.3177361375400952,1.457355705705184,1.5369633936428073,-1.94145845657655,-0.8356850873489315,-0.8260561574345483,-0.7736055022721724,2.028955222574511,-1.0425024471212316,0.8199029227143817
0.9127881521377946,2.923390336424225,0.4731384813902426,-1.1947053705555168,-0.8356850873489315,-0.8260561574345483,-0.7736055022721724,0.22829765578889105,0.9592303622513327,0.8199029227143817
2.3733703697866932,1.457355705705184,1.489259368497271,-1.94145845657655,-0.8356850873489315,-0.8260561574345483,-0.7736055022721724,0.678462047485296,-1.0425024471212316,0.8199029227143817
3.2929962105285924,2.6301834102804165,3.319534540645253,-2.1903761519168943,-0.8356850873489315,-0.8260561574345483,-0.7736055022721724,2.8221020079443675,-1.0425024471212316,0.8199029227143817
1.3455532536633943,1.7505626318489922,3.2843224306959993,-1.1947053705555168,-0.8356850873489315,-0.8260561574345483,-0.7736055022721724,1.0214444411587473,-1.0425024471212316,0.8199029227143817
1.8865096305703937,1.7505626318489922,0.675691951955472,-1.443623065895861,-0.8356850873489315,-0.8260561574345483,-0.7736055022721724,2.7363564095260045,-1.0425024471212316,0.8199029227143817
3.0225180220750927,0.8709418534175678,1.0695645532449787,-1.6925407612362056,-0.8356850873489315,-0.8260561574345483,-0.7736055022721724,2.7363564095260045,-1.0425024471212316,0.8199029227143817
2.8061354713122926,1.457355705705184,2.0741157470829665,-1.1947053705555168,-0.8356850873489315,-0.8260561574345483,-0.7736055022721724,0.978571641949566,0.9592303622513327,0.8199029227143817
2.1569878190238936,2.923390336424225,2.611184262166104,-1.1947053705555168,-0.8356850873489315,-0.8260561574345483,-0.7736055022721724,0.18542485657970964,-1.0425024471212316,0.8199029227143817
2.8061354713122926,2.0437695579928,3.118154807078332,-1.1947053705555168,-0.8356850873489315,-0.8260561574345483,-0.7736055022721724,1.3215540356230173,-1.0425024471212316,0.8199029227143817
3.0225180220750927,0.8709418534175678,1.4710664450234903,-1.1947053705555168,-0.8356850873489315,-0.8260561574345483,-0.7736055022721724,2.264755618225009,0.9592303622513327,0.8199029227143817
2.265179094405293,0.5777349272737596,0.45670616341392434,-1.443623065895861,-0.8356850873489315,-0.8260561574345483,-0.7736055022721724,2.0932644213882834,0.9592303622513327,0.8199029227143817
1.670127079807594,1.457355705705184,0.4608980812650259,-1.443623065895861,-0.8356850873489315,-0.8260561574345483,-0.7736055022721724,0.013933659742983932,0.9592303622513327,0.8199029227143817
2.1569878190238936,0.8709418534175678,2.409804528599183,-1.6925407612362056,-0.8356850873489315,-0.8260561574345483,-0.7736055022721724,0.9571352423449753,0.9592303622513327,0.8199029227143817
2.8061354713122926,1.457355705705184,1.6251613452299851,-1.443623065895861,-0.8356850873489315,-0.8260561574345483,-0.7736055022721724,1.1071900395771104,-1.0425024471212316,0.8199029227143817
1.4537445290447941,2.6301834102804165,0.3415122608656523,-1.443623065895861,-0.8356850873489315,-0.8260561574345483,-0.7736055022721724,2.2004464194112368,-1.0425024471212316,0.8199029227143817
3.1848049351471923,3.216597262568033,1.750583527334945,-2.1903761519168943,-0.8356850873489315,-0.8260561574345483,-0.7736055022721724,2.2433192186204183,0.9592303622513327,0.8199029227143817
1.3455532536633943,2.923390336424225,3.7067000733729967,-2.1903761519168943,-0.8356850873489315,-0.8260561574345483,-0.7736055022721724,3.165084401617819,-1.0425024471212316,0.8199029227143817
0.9127881521377946,0.28452800112995147,0.46718595804167834,-1.94145845657655,-0.8356850873489315,-0.8260561574345483,-0.7736055022721724,0.528407250253161,0.9592303622513327,0.8199029227143817
2.211083456714593,1.1641487795613759,1.1023453508405932,-1.6925407612362056,-0.8356850873489315,-0.8260561574345483,-0.7736055022721724,1.8360276261331947,0.9592303622513327,0.8199029227143817
2.752039833621593,2.923390336424225,2.8638730702305084,-2.1903761519168943,-0.8356850873489315,-0.8260561574345483,-0.7736055022721724,2.1361372205974645,-1.0425024471212316,0.8199029227143817
1.616031442116894,1.457355705705184,2.880389226563849,-1.6925407612362056,-0.8356850873489315,-0.8260561574345483,-0.7736055022721724,0.1425520573705282,-1.0425024471212316,0.8199029227143817
2.3733703697866932,0.5777349272737596,-0.23412189844761977,-1.6925407612362056,-0.8356850873489315,-0.8260561574345483,-0.7736055022721724,2.993593204781093,0.9592303622513327,0.8199029227143817
0.588214325993595,3.509804188711841,1.6863633458560685,-1.1947053705555168,-0.8356850873489315,-0.8260561574345483,-0.7736055022721724,2.414810415457144,-1.0425024471212316,0.8199029227143817
2.697944195930893,0.5777349272737596,0.8260979644529977,-1.6925407612362056,-0.8356850873489315,-0.8260561574345483,-0.7736055022721724,2.88641120675814,0.9592303622513327,0.8199029227143817
2.319274732095993,0.28452800112995147,0.544736438287058,-1.1947053705555168,-0.8356850873489315,-0.8260561574345483,-0.7736055022721724,2.329064817038781,0.9592303622513327,0.8199029227143817
1.3996488913540943,2.3369764841366085,2.260572253099966,-1.94145845657655,-0.8356850873489315,-0.8260561574345483,-0.7736055022721724,3.1222116024086373,0.9592303622513327,0.8199029227143817
2.319274732095993,0.5777349272737596,2.988037676980138,-1.94145845657655,-0.8356850873489315,-0.8260561574345483,-0.7736055022721724,1.0857536399725196,0.9592303622513327,0.8199029227143817
1.4537445290447941,0.8709418534175678,0.26144662990961165,-1.94145845657655,-0.8356850873489315,-0.8260561574345483,-0.7736055022721724,2.564865212689279,-1.0425024471212316,0.8199029227143817
3.3470918482192924,3.509804188711841,3.4623112626537735,-1.1947053705555168,-0.8356850873489315,-0.8260561574345483,-0.7736055022721724,3.229393600431591,0.9592303622513327,0.8199029227143817
1.8324139928796936,0.5777349272737596,3.4304526869854013,-1.1947053705555168,-0.8356850873489315,-0.8260561574345483,-0.7736055022721724,1.0214444411587473,0.9592303622513327,0.8199029227143817
1.1832663405912944,1.1641487795613759,1.640503764565017,-1.94145845657655,-0.8356850873489315,-0.8260561574345483,-0.7736055022721724,2.7149200099214137,0.9592303622513327,0.8199029227143817
2.481561645168093,0.28452800112995147,3.212640635442162,-1.1947053705555168,-0.8356850873489315,-0.8260561574345483,-0.7736055022721724,3.358011998059135,-1.0425024471212316,0.8199029227143817
1.1832663405912944,0.8709418534175678,2.2132035813825177,-1.443623065895861,-0.8356850873489315,-0.8260561574345483,-0.7736055022721724,0.27117045499807246,0.9592303622513327,0.8199029227143817
2.697944195930893,1.457355705705184,3.303521414454045,-1.443623065895861,-0.8356850873489315,-0.8260561574345483,-0.7736055022721724,1.514481632064334,0.9592303622513327,0.8199029227143817
0.7505012390656949,2.923390336424225,0.17811130302971181,-1.1947053705555168,-0.8356850873489315,-0.8260561574345483,-0.7736055022721724,1.342990435227608,-1.0425024471212316,0.8199029227143817
2.319274732095993,0.28452800112995147,3.6997414897401684,-1.1947053705555168,-0.8356850873489315,-0.8260561574345483,-0.7736055022721724,0.8070804451128403,0.9592303622513327,0.8199029227143817
1.8324139928796936,1.1641487795613759,-0.08178760373858754,-2.1903761519168943,-0.8356850873489315,-0.8260561574345483,-0.7736055022721724,0.678462047485296,0.9592303622513327,0.8199029227143817
1.616031442116894,1.7505626318489922,2.5545933711762325,-2.1903761519168943,-0.8356850873489315,-0.8260561574345483,-0.7736055022721724,1.1929356379954732,0.9592303622513327,0.8199029227143817
0.588214325993595,1.1641487795613759,3.1824588269142304,-1.6925407612362056,-0.8356850873489315,-0.8260561574345483,-0.7736055022721724,0.33547965381184464,0.9592303622513327,0.8199029227143817
0.588214325993595,2.0437695579928,3.1984719531054386,-1.6925407612362056,-0.8356850873489315,-0.8260561574345483,-0.7736055022721724,1.4287360336459711,-1.0425024471212316,0.8199029227143817
0.4800230506121951,2.0437695579928,0.19102241001110476,-1.6925407612362056,-0.8356850873489315,-0.8260561574345483,-0.7736055022721724,3.465193996082089,-1.0425024471212316,0.8199029227143817
0.26364049984939525,1.7505626318489922,2.854818527672129,-1.94145845657655,-0.8356850873489315,-0.8260561574345483,-0.7736055022721724,3.165084401617819,-1.0425024471212316,0.8199029227143817
2.697944195930893,2.6301834102804165,3.1817881200580542,-1.443623065895861,-0.8356850873489315,-0.8260561574345483,-0.7736055022721724,2.543428813084688,0.9592303622513327,0.8199029227143817
1.1832663405912944,0.5777349272737596,3.353489075239176,-1.94145845657655,-0.8356850873489315,-0.8260561574345483,-0.7736055022721724,-0.028939139466197493,-1.0425024471212316,0.8199029227143817
0.9127881521377946,2.923390336424225,3.053850787242433,-1.1947053705555168,-0.8356850873489315,-0.8260561574345483,-0.7736055022721724,1.0214444411587473,-1.0425024471212316,0.8199029227143817
1.5619358044261942,2.3369764841366085,2.062210700385838,-2.1903761519168943,-0.8356850873489315,-0.8260561574345483,-0.7736055022721724,1.7074092285056504,0.9592303622513327,0.8199029227143817
2.3733703697866932,2.3369764841366085,1.9072774166091229,-1.1947053705555168,-0.8356850873489315,-0.8260561574345483,-0.7736055022721724,3.6581215925234054,-1.0425024471212316,0.8199029227143817
0.6423099636842949,3.216597262568033,2.867394281225434,-1.1947053705555168,-0.8356850873489315,-0.8260561574345483,-0.7736055022721724,-0.07181193867537891,-1.0425024471212316,0.8199029227143817
0.7505012390656949,2.923390336424225,0.1961365497894487,-2.1903761519168943,-0.8356850873489315,-0.8260561574345483,-0.7736055022721724,0.678462047485296,-1.0425024471212316,0.8199029227143817
1.9406052682610935,3.216597262568033,2.207586411462042,-1.1947053705555168,-0.8356850873489315,-0.8260561574345483,-0.7736055022721724,2.90784760636273,0.9592303622513327,0.8199029227143817
1.1291707029005944,1.1641487795613759,2.15552279175136,-1.6925407612362056,-0.8356850873489315,-0.8260561574345483,-0.7736055022721724,3.615248793314224,0.9592303622513327,0.8199029227143817
2.265179094405293,1.7505626318489922,0.6952262891416056,-2.1903761519168943,-0.8356850873489315,-0.8260561574345483,-0.7736055022721724,2.90784760636273,-1.0425024471212316,0.8199029227143817
1.0209794275191946,3.216597262568033,1.162373614468368,-1.1947053705555168,-0.8356850873489315,-0.8260561574345483,-0.7736055022721724,1.4287360336459711,-1.0425024471212316,0.8199029227143817
1.0209794275191946,1.7505626318489922,2.2957005246921973,-1.6925407612362056,-0.8356850873489315,-0.8260561574345483,-0.7736055022721724,0.678462047485296,0.9592303622513327,0.8199029227143817
3.2929962105285924,1.457355705705184,2.629209508925841,-1.6925407612362056,-0.8356850873489315,-0.8260561574345483,-0.7736055022721724,3.5509395945004516,0.9592303622513327,0.8199029227143817
2.8061354713122926,0.28452800112995147,0.9517716616290236,-1.443623065895861,-0.8356850873489315,-0.8260561574345483,-0.7736055022721724,2.543428813084688,0.9592303622513327,0.8199029227143817
2.3733703697866932,0.8709418534175678,1.690722940421214,-1.6925407612362056,-0.8356850873489315,-0.8260561574345483,-0.7736055022721724,1.3644268348321988,0.9592303622513327,0.8199029227143817
2.9684223843843927,2.0437695579928,-0.16336232512102472,-1.94145845657655,-0.8356850873489315,-0.8260561574345483,-0.7736055022721724,1.2572448368092453,-1.0425024471212316,0.8199029227143817
1.2914576159726943,2.3369764841366085,0.9402019683599833,-2.1903761519168943,-0.8356850873489315,-0.8260561574345483,-0.7736055022721724,0.39978885262561675,0.9592303622513327,0.8199029227143817
1.0209794275191946,0.5777349272737596,2.555347916389431,-2.1903761519168943,-0.8356850873489315,-0.8260561574345483,-0.7736055022721724,0.20686125618430035,-1.0425024471212316,0.8199029227143817
2.1028921813331936,0.8709418534175678,1.2753038813770454,-2.1903761519168943,-0.8356850873489315,-0.8260561574345483,-0.7736055022721724,0.18542485657970964,0.9592303622513327,0.8199029227143817
0.534118688302895,1.1641487795613759,3.4658324736486987,-1.1947053705555168,-0.8356850873489315,-0.8260561574345483,-0.7736055022721724,2.6720472107122326,0.9592303622513327,0.8199029227143817
1.8324139928796936,3.216597262568033,1.3519321396951827,-1.1947053705555168,-0.8356850873489315,-0.8260561574345483,-0.7736055022721724,0.6570256478807053,0.9592303622513327,0.8199029227143817
3.2929962105285924,1.457355705705184,0.9642635768253064,-1.94145845657655,-0.8356850873489315,-0.8260561574345483,-0.7736055022721724,2.543428813084688,0.9592303622513327,0.8199029227143817
0.6423099636842949,0.8709418534175678,-0.26262693983511065,-1.6925407612362056,-0.8356850873489315,-0.8260561574345483,-0.7736055022721724,2.2861920178296,-1.0425024471212316,0.8199029227143817
1.8865096305703937,1.457355705705184,1.5890270133534892,-1.1947053705555168,-0.8356850873489315,-0.8260561574345483,-0.7736055022721724,3.4223211968729075,-1.0425024471212316,0.8199029227143817
2.8061354713122926,2.3369764841366085,1.3675260741012807,-1.6925407612362056,-0.8356850873489315,-0.8260561574345483,-0.7736055022721724,-0.11468473788456034,-1.0425024471212316,0.8199029227143817
2.752039833621593,2.3369764841366085,1.428811913084386,-1.6925407612362056,-0.8356850873489315,-0.8260561574345483,-0.7736055022721724,1.3858632344367896,0.9592303622513327,0.8199029227143817
1.9406052682610935,0.5777349272737596,-0.3987804316388907,-1.1947053705555168,-0.8356850873489315,-0.8260561574345483,-0.7736055022721724,2.0718280217836926,-1.0425024471212316,0.8199029227143817
2.643848558240193,1.7505626318489922,2.4034328134655087,-1.1947053705555168,-0.8356850873489315,-0.8260561574345483,-0.7736055022721724,0.27117045499807246,0.9592303622513327,0.8199029227143817
3.3470918482192924,1.1641487795613759,0.39248598193504775,-1.94145845657655,-0.8356850873489315,-0.8260561574345483,-0.7736055022721724,0.978571641949566,0.9592303622513327,0.8199029227143817
3.0225180220750927,2.6301834102804165,2.443591386479062,-1.443623065895861,-0.8356850873489315,-0.8260561574345483,-0.7736055022721724,2.393374015852553,-1.0425024471212316,0.8199029227143817
1.0209794275191946,2.923390336424225,0.4229193055340454,-2.1903761519168943,-0.8356850873489315,-0.8260561574345483,-0.7736055022721724,3.250830000036182,0.9592303622513327,0.8199029227143817
1.1832663405912944,0.5777349272737596,2.3453328320492406,-1.1947053705555168,-0.8356850873489315,-0.8260561574345483,-0.7736055022721724,2.1575736202020552,0.9592303622513327,0.8199029227143817
0.9127881521377946,2.3369764841366085,3.1699669117179474,-1.1947053705555168,-0.8356850873489315,-0.8260561574345483,-0.7736055022721724,1.042880840763338,-1.0425024471212316,0.8199029227143817
1.5078401667354941,0.28452800112995147,2.658385257169508,-1.6925407612362056,-0.8356850873489315,-0.8260561574345483,-0.7736055022721724,0.1639884569751189,0.9592303622513327,0.8199029227143817
2.3733703697866932,3.216597262568033,2.786322589985129,-1.443623065895861,-0.8356850873489315,-0.8260561574345483,-0.7736055022721724,0.1425520573705282,0.9592303622513327,0.8199029227143817
0.9668837898284947,1.7505626318489922,2.7678781514402817,-1.1947053705555168,-0.8356850873489315,-0.8260561574345483,-0.7736055022721724,1.664536429296469,-1.0425024471212316,0.8199029227143817
1.724222717498294,3.216597262568033,1.5169260263145417,-1.443623065895861,-0.8356850873489315,-0.8260561574345483,-0.7736055022721724,1.7931548269240132,-1.0425024471212316,0.8199029227143817
0.8045968767563948,3.216597262568033,2.485426726633056,-2.1903761519168943,-0.8356850873489315,-0.8260561574345483,-0.7736055022721724,0.44266165183479816,0.9592303622513327,0.8199029227143817
0.534118688302895,3.509804188711841,-0.19060979115318513,-1.6925407612362056,-0.8356850873489315,-0.8260561574345483,-0.7736055022721724,1.7717184273194224,-1.0425024471212316,0.8199029227143817
3.2389005728378923,2.923390336424225,0.9967928593498548,-1.94145845657655,-0.8356850873489315,-0.8260561574345483,-0.7736055022721724,2.8006656083397767,0.9592303622513327,0.8199029227143817
1.5619358044261942,0.28452800112995147,1.7458885793417112,-2.1903761519168943,-0.8356850873489315,-0.8260561574345483,-0.7736055022721724,0.7427712462990682,-1.0425024471212316,0.8199029227143817
0.26364049984939525,0.5777349272737596,2.063971305883301,-1.443623065895861,-0.8356850873489315,-0.8260561574345483,-0.7736055022721724,0.8928260435312031,0.9592303622513327,0.8199029227143817
1.5619358044261942,0.8709418534175678,0.7805737365900342,-1.443623065895861,-0.8356850873489315,-0.8260561574345483,-0.7736055022721724,0.1211156577659375,-1.0425024471212316,0.8199029227143817
0.3177361375400952,2.6301834102804165,2.632143851421612,-2.1903761519168943,-0.8356850873489315,-0.8260561574345483,-0.7736055022721724,2.8221020079443675,-1.0425024471212316,0.8199029227143817
1.9406052682610935,1.457355705705184,2.4503822933978467,-1.443623065895861,-0.8356850873489315,-0.8260561574345483,-0.7736055022721724,-0.0075027398616067794,0.9592303622513327,0.8199029227143817
0.9127881521377946,2.923390336424225,0.7020171960603901,-1.94145845657655,-0.8356850873489315,-0.8260561574345483,-0.7736055022721724,3.3365755984545444,-1.0425024471212316,0.8199029227143817
1.9947009059517935,2.923390336424225,2.147809662905333,-1.94145845657655,-0.8356850873489315,-0.8260561574345483,-0.7736055022721724,3.7224307913371772,-1.0425024471212316,0.8199029227143817
1.9406052682610935,3.509804188711841,0.8065636272668641,-1.443623065895861,-0.8356850873489315,-0.8260561574345483,-0.7736055022721724,0.7427712462990682,0.9592303622513327,0.8199029227143817
3.2389005728378923,0.5777349272737596,1.5550724787595662,-1.443623065895861,-0.8356850873489315,-0.8260561574345483,-0.7736055022721724,-0.0075027398616067794,-1.0425024471212316,0.8199029227143817
1.5078401667354941,2.923390336424225,3.5566294143035595,-1.94145845657655,-0.8356850873489315,-0.8260561574345483,-0.7736055022721724,2.650610811107642,-1.0425024471212316,0.8199029227143817
1.670127079807594,1.457355705705184,1.039047391288959,-1.443623065895861,-0.8356850873489315,-0.8260561574345483,-0.7736055022721724,0.18542485657970964,-1.0425024471212316,0.8199029227143817
0.4259274129214951,1.457355705705184,3.5091769042290895,-1.1947053705555168,-0.8356850873489315,-0.8260561574345483,-0.7736055022721724,2.9721568051765024,0.9592303622513327,0.8199029227143817
1.5078401667354941,0.28452800112995147,3.6468394864592657,-1.6925407612362056,-0.8356850873489315,-0.8260561574345483,-0.7736055022721724,0.20686125618430035,-1.0425024471212316,0.8199029227143817
1.4537445290447941,0.8709418534175678,3.311737573442204,-1.1947053705555168,-0.8356850873489315,-0.8260561574345483,-0.7736055022721724,3.2079572008270003,0.9592303622513327,0.8199029227143817
1.7783183551889936,1.457355705705184,1.799796642906878,-1.443623065895861,-0.8356850873489315,-0.8260561574345483,-0.7736055022721724,1.6859728289010596,0.9592303622513327,0.8199029227143817
2.0487965436424935,2.6301834102804165,2.199957120973037,-1.443623065895861,-0.8356850873489315,-0.8260561574345483,-0.7736055022721724,0.07824285855675607,-1.0425024471212316,0.8199029227143817
1.3455532536633943,2.923390336424225,-0.13259364809393898,-1.6925407612362056,-0.8356850873489315,-0.8260561574345483,-0.7736055022721724,2.8221020079443675,0.9592303622513327,0.8199029227143817
1.8324139928796936,0.28452800112995147,2.3158217303774853,-1.443623065895861,-0.8356850873489315,-0.8260561574345483,-0.7736055022721724,2.8221020079443675,0.9592303622513327,0.8199029227143817
1.616031442116894,2.3369764841366085,0.0011285313562021553,-1.6925407612362056,-0.8356850873489315,-0.8260561574345483,-0.7736055022721724,3.2079572008270003,0.9592303622513327,0.8199029227143817
1.2914576159726943,0.28452800112995147,1.2897240787848347,-1.94145845657655,-0.8356850873489315,-0.8260561574345483,-0.7736055022721724,3.1222116024086373,0.9592303622513327,0.8199029227143817
1.0750750652098946,2.6301834102804165,3.2387143644760137,-1.6925407612362056,-0.8356850873489315,-0.8260561574345483,-0.7736055022721724,0.27117045499807246,-1.0425024471212316,0.8199029227143817
0.3718317752307952,1.7505626318489922,0.04816184964556214,-1.6925407612362056,-0.8356850873489315,-0.8260561574345483,-0.7736055022721724,1.3215540356230173,-1.0425024471212316,0.8199029227143817
2.8602311090029926,0.28452800112995147,2.39152776676838,-1.1947053705555168,-0.8356850873489315,-0.8260561574345483,-0.7736055022721724,0.7642076459036589,-1.0425024471212316,0.8199029227143817
2.211083456714593,2.3369764841366085,1.6936572829169854,-1.443623065895861,-0.8356850873489315,-0.8260561574345483,-0.7736055022721724,2.864974807153549,0.9592303622513327,0.8199029227143817
3.3470918482192924,1.457355705705184,2.6539418242473403,-1.94145845657655,-0.8356850873489315,-0.8260561574345483,-0.7736055022721724,2.993593204781093,0.9592303622513327,0.8199029227143817
2.3733703697866932,2.0437695579928,-0.3895582123664672,-2.1903761519168943,-0.8356850873489315,-0.8260561574345483,-0.7736055022721724,3.1007752028040465,-1.0425024471212316,0.8199029227143817
2.589752920549493,2.0437695579928,3.4001032017434256,-1.6925407612362056,-0.8356850873489315,-0.8260561574345483,-0.7736055022721724,1.664536429296469,0.9592303622513327,0.8199029227143817
1.5619358044261942,2.0437695579928,2.5026135898225723,-2.1903761519168943,-0.8356850873489315,-0.8260561574345483,-0.7736055022721724,2.7363564095260045,-1.0425024471212316,0.8199029227143817
1.4537445290447941,1.7505626318489922,3.666038470217311,-1.443623065895861,-0.8356850873489315,-0.8260561574345483,-0.7736055022721724,1.0000080415541568,0.9592303622513327,0.8199029227143817
2.589752920549493,3.216597262568033,1.9092895371776517,-1.6925407612362056,-0.8356850873489315,-0.8260561574345483,-0.7736055022721724,1.9646460237607388,-1.0425024471212316,0.8199029227143817
3.4011874859099924,2.3369764841366085,0.6343596419436103,-2.1903761519168943,-0.8356850873489315,-0.8260561574345483,-0.7736055022721724,0.7642076459036589,-1.0425024471212316,0.8199029227143817
0.26364049984939525,2.6301834102804165,2.652768087249032,-1.1947053705555168,-0.8356850873489315,-0.8260561574345483,-0.7736055022721724,0.5069708506485703,-1.0425024471212316,0.8199029227143817
1.9947009059517935,3.509804188711841,0.5200041229655585,-2.1903761519168943,-0.8356850873489315,-0.8260561574345483,-0.7736055022721724,0.05680645895216536,0.9592303622513327,0.8199029227143817
1.0209794275191946,0.5777349272737596,2.7542963376027125,-1.1947053705555168,-0.8356850873489315,-0.8260561574345483,-0.7736055022721724,3.50806679529127,-1.0425024471212316,0.8199029227143817
1.1291707029005944,2.0437695579928,3.1359285387670024,-1.94145845657655,-0.8356850873489315,-0.8260561574345483,-0.7736055022721724,0.5927164490669332,0.9592303622513327,0.8199029227143817
2.0487965436424935,0.5777349272737596,0.34017084715329976,-1.443623065895861,-0.8356850873489315,-0.8260561574345483,-0.7736055022721724,3.465193996082089,0.9592303622513327,0.8199029227143817
1.1291707029005944,1.7505626318489922,3.53189709898206,-2.1903761519168943,-0.8356850873489315,-0.8260561574345483,-0.7736055022721724,1.7502820277148319,-1.0425024471212316,0.8199029227143817
3.0225180220750927,0.5777349272737596,2.407457054602566,-1.6925407612362056,-0.8356850873489315,-0.8260561574345483,-0.7736055022721724,2.9721568051765024,-1.0425024471212316,0.8199029227143817
3.3470918482192924,2.923390336424225,2.0705945360880413,-1.443623065895861,-0.8356850873489315,-0.8260561574345483,-0.7736055022721724,3.229393600431591,0.9592303622513327,0.8199029227143817
2.4274660074773933,1.7505626318489922,-0.3385844912970717,-2.1903761519168943,-0.8356850873489315,-0.8260561574345483,-0.7736055022721724,0.9356988427403846,0.9592303622513327,0.8199029227143817
2.589752920549493,0.5777349272737596,2.066905648379072,-1.6925407612362056,-0.8356850873489315,-0.8260561574345483,-0.7736055022721724,1.4930452324597432,-1.0425024471212316,0.8199029227143817
0.4259274129214951,0.28452800112995147,3.51043447958442,-1.6925407612362056,-0.8356850873489315,-0.8260561574345483,-0.7736055022721724,3.6581215925234054,-1.0425024471212316,0.8199029227143817
0.9127881521377946,2.0437695579928,-0.2914673346506897,-1.6925407612362056,-0.8356850873489315,-0.8260561574345483,-0.7736055022721724,0.8499532443220217,0.9592303622513327,0.8199029227143817
0.4259274129214951,0.8709418534175678,-0.37195215739184045,-1.6925407612362056,-0.8356850873489315,-0.8260561574345483,-0.7736055022721724,0.8499532443220217,-1.0425024471212316,0.8199029227143817
0.588214325993595,3.509804188711841,2.359585352742986,-2.1903761519168943,-0.8356850873489315,-0.8260561574345483,-0.7736055022721724,2.564865212689279,-1.0425024471212316,0.8199029227143817
2.697944195930893,1.1641487795613759,3.152780048528431,-1.94145845657655,-0.8356850873489315,-0.8260561574345483,-0.7736055022721724,0.22829765578889105,-1.0425024471212316,0.8199029227143817
3.4011874859099924,1.7505626318489922,3.500038523313688,-1.1947053705555168,-0.8356850873489315,-0.8260561574345483,-0.7736055022721724,1.278681236413836,-1.0425024471212316,0.8199029227143817
0.6964056013749949,1.457355705705184,3.6867465444017533,-1.1947053705555168,-0.8356850873489315,-0.8260561574345483,-0.7736055022721724,2.0932644213882834,0.9592303622513327,0.8199029227143817
1.4537445290447941,1.1641487795613759,1.2290251083008836,-1.1947053705555168,-0.8356850873489315,-0.8260561574345483,-0.7736055022721724,-0.028939139466197493,0.9592303622513327,0.8199029227143817
1.9947009059517935,2.6301834102804165,2.3825570625670225,-1.94145845657655,-0.8356850873489315,-0.8260561574345483,-0.7736055022721724,2.5005560138755065,-1.0425024471212316,0.8199029227143817
1.9947009059517935,1.7505626318489922,1.6544209318306742,-1.6925407612362056,-0.8356850873489315,-0.8260561574345483,-0.7736055022721724,2.543428813084688,-1.0425024471212316,0.8199029227143817
1.2914576159726943,1.7505626318489922,3.12880227842013,-1.6925407612362056,-0.8356850873489315,-0.8260561574345483,-0.7736055022721724,2.264755618225009,0.9592303622513327,0.8199029227143817
0.4259274129214951,0.5777349272737596,3.3127436337264684,-1.443623065895861,-0.8356850873489315,-0.8260561574345483,-0.7736055022721724,0.20686125618430035,0.9592303622513327,0.8199029227143817
0.26364049984939525,1.7505626318489922,-0.28526329623105934,-1.1947053705555168,-0.8356850873489315,-0.8260561574345483,-0.7736055022721724,1.6002272304826968,0.9592303622513327,0.8199029227143817
3.1307092974564923,2.0437695579928,0.19336988400772165,-1.1947053705555168,-0.8356850873489315,-0.8260561574345483,-0.7736055022721724,1.814591226528604,0.9592303622513327,0.8199029227143817
2.481561645168093,2.3369764841366085,1.740187571064213,-1.6925407612362056,-0.8356850873489315,-0.8260561574345483,-0.7736055022721724,2.757792809130595,0.9592303622513327,0.8199029227143817
2.0487965436424935,2.3369764841366085,3.1762547884946,-1.1947053705555168,-0.8356850873489315,-0.8260561574345483,-0.7736055022721724,2.779229208735186,-1.0425024471212316,0.8199029227143817
1.670127079807594,2.6301834102804165,1.1813210831553473,-1.6925407612362056,-0.8356850873489315,-0.8260561574345483,-0.7736055022721724,1.4072996340413804,-1.0425024471212316,0.8199029227143817
1.3455532536633943,2.923390336424225,0.23621128444598002,-1.6925407612362056,-0.8356850873489315,-0.8260561574345483,-0.7736055022721724,1.9217732245515575,0.9592303622513327,0.8199029227143817
1.5078401667354941,3.216597262568033,0.395671839501885,-1.6925407612362056,-0.8356850873489315,-0.8260561574345483,-0.7736055022721724,2.2433192186204183,0.9592303622513327,0.8199029227143817
1.0209794275191946,3.509804188711841,0.25666784355935585,-2.1903761519168943,-0.8356850873489315,-0.8260561574345483,-0.7736055022721724,1.6216636300872875,-1.0425024471212316,0.8199029227143817
2.1028921813331936,0.8709418534175678,0.5362687642278328,-2.1903761519168943,-0.8356850873489315,-0.8260561574345483,-0.7736055022721724,0.678462047485296,0.9592303622513327,0.8199029227143817
1.5619358044261942,2.923390336424225,1.1657271487492495,-2.1903761519168943,-0.8356850873489315,-0.8260561574345483,-0.7736055022721724,1.0214444411587473,0.9592303622513327,0.8199029227143817
3.1848049351471923,2.0437695579928,2.1437854217682752,-2.1903761519168943,-0.8356850873489315,-0.8260561574345483,-0.7736055022721724,1.4930452324597432,-1.0425024471212316,0.8199029227143817
0.6964056013749949,2.0437695579928,3.2118022518719416,-1.94145845657655,-0.8356850873489315,-0.8260561574345483,-0.7736055022721724,0.18542485657970964,-1.0425024471212316,0.8199029227143817
1.1291707029005944,0.28452800112995147,1.5624502541775052,-1.443623065895861,-0.8356850873489315,-0.8260561574345483,-0.7736055022721724,3.6795579921279957,-1.0425024471212316,0.8199029227143817
1.3455532536633943,2.3369764841366085,1.5164229961724096,-1.443623065895861,-0.8356850873489315,-0.8260561574345483,-0.7736055022721724,2.3505012166433716,-1.0425024471212316,0.8199029227143817
3.455283123600692,1.1641487795613759,2.182183389284366,-1.6925407612362056,-0.8356850873489315,-0.8260561574345483,-0.7736055022721724,0.05680645895216536,0.9592303622513327,0.8199029227143817
0.9127881521377946,1.457355705705184,0.5163152352565891,-1.1947053705555168,-0.8356850873489315,-0.8260561574345483,-0.7736055022721724,0.035370059347574645,-1.0425024471212316,0.8199029227143817
0.3718317752307952,1.7505626318489922,2.1753924823655812,-2.1903761519168943,-0.8356850873489315,-0.8260561574345483,-0.7736055022721724,2.2218828190158275,0.9592303622513327,0.8199029227143817
0.4259274129214951,0.8709418534175678,1.3103483146122548,-1.443623065895861,-0.8356850873489315,-0.8260561574345483,-0.7736055022721724,3.015029604385684,0.9592303622513327,0.8199029227143817
0.4259274129214951,1.457355705705184,1.1714281570267475,-1.443623065895861,-0.8356850873489315,-0.8260561574345483,-0.7736055022721724,0.9571352423449753,0.9592303622513327,0.8199029227143817
2.535657282858793,2.923390336424225,0.03810124680291829,-2.1903761519168943,-0.8356850873489315,-0.8260561574345483,-0.7736055022721724,0.528407250253161,0.9592303622513327,0.8199029227143817
1.724222717498294,1.457355705705184,3.4908163040412643,-1.94145845657655,-0.8356850873489315,-0.8260561574345483,-0.7736055022721724,2.050391622179102,-1.0425024471212316,0.8199029227143817
0.588214325993595,0.28452800112995147,1.473749272448195,-1.94145845657655,-0.8356850873489315,-0.8260561574345483,-0.7736055022721724,-0.07181193867537891,0.9592303622513327,0.8199029227143817
1.616031442116894,0.8709418534175678,0.35031528835296566,-1.443623065895861,-0.8356850873489315,-0.8260561574345483,-0.7736055022721724,1.9860824233653296,0.9592303622513327,0.8199029227143817
0.8045968767563948,0.8709418534175678,1.5395623827104903,-1.94145845657655,-0.8356850873489315,-0.8260561574345483,-0.7736055022721724,1.6431000296918783,0.9592303622513327,0.8199029227143817
1.5078401667354941,0.28452800112995147,3.3741971494236176,-2.1903761519168943,-0.8356850873489315,-0.8260561574345483,-0.7736055022721724,0.7856440455082496,-1.0425024471212316,0.8199029227143817
2.535657282858793,2.0437695579928,1.057407991476784,-1.443623065895861,-0.8356850873489315,-0.8260561574345483,-0.7736055022721724,0.48553445104397963,-1.0425024471212316,0.8199029227143817
0.7505012390656949,0.28452800112995147,2.9384892079801173,-2.1903761519168943,-0.8356850873489315,-0.8260561574345483,-0.7736055022721724,0.07824285855675607,-1.0425024471212316,0.8199029227143817
2.211083456714593,2.0437695579928,2.6616549530933673,-1.94145845657655,-0.8356850873489315,-0.8260561574345483,-0.7736055022721724,2.864974807153549,-1.0425024471212316,0.8199029227143817
0.9127881521377946,1.1641487795613759,2.5854458865603402,-2.1903761519168943,-0.8356850873489315,-0.8260561574345483,-0.7736055022721724,0.8499532443220217,-1.0425024471212316,0.8199029227143817
2.589752920549493,2.6301834102804165,2.59533881268894,-1.94145845657655,-0.8356850873489315,-0.8260561574345483,-0.7736055022721724,0.5069708506485703,0.9592303622513327,0.8199029227143817
2.481561645168093,2.0437695579928,3.0911588561172376,-1.94145845657655,-0.8356850873489315,-0.8260561574345483,-0.7736055022721724,1.878900425342376,-1.0425024471212316,0.8199029227143817
2.319274732095993,1.457355705705184,1.3619927425378264,-2.1903761519168943,-0.8356850873489315,-0.8260561574345483,-0.7736055022721724,0.5498436498577517,0.9592303622513327,0.8199029227143817
1.2373619782819945,2.0437695579928,1.9221168058020226,-1.94145845657655,-0.8356850873489315,-0.8260561574345483,-0.7736055022721724,0.8713896439266124,-1.0425024471212316,0.8199029227143817
2.9684223843843927,2.6301834102804165,3.4072294620902985,-1.6925407612362056,-0.8356850873489315,-0.8260561574345483,-0.7736055022721724,1.7502820277148319,0.9592303622513327,0.8199029227143817
1.2373619782819945,2.923390336424225,2.5778165960713353,-2.1903761519168943,-0.8356850873489315,-0.8260561574345483,-0.7736055022721724,1.2143720376000637,-1.0425024471212316,0.8199029227143817
0.8586925144470947,1.7505626318489922,1.2022806724108555,-1.6925407612362056,-0.8356850873489315,-0.8260561574345483,-0.7736055022721724,3.165084401617819,0.9592303622513327,0.8199029227143817
3.0225180220750927,0.28452800112995147,0.14231232458130413,-2.1903761519168943,-0.8356850873489315,-0.8260561574345483,-0.7736055022721724,2.6720472107122326,-1.0425024471212316,0.8199029227143817
1.3996488913540943,1.7505626318489922,3.5670253705742914,-1.94145845657655,-0.8356850873489315,-0.8260561574345483,-0.7736055022721724,0.35691605341643534,0.9592303622513327,0.8199029227143817
2.752039833621593,0.28452800112995147,1.5056916864735894,-1.94145845657655,-0.8356850873489315,-0.8260561574345483,-0.7736055022721724,1.4501724332505619,0.9592303622513327,0.8199029227143817
2.211083456714593,3.509804188711841,2.4887802609139373,-1.443623065895861,-0.8356850873489315,-0.8260561574345483,-0.7736055022721724,0.9356988427403846,0.9592303622513327,0.8199029227143817
3.2389005728378923,1.1641487795613759,0.5288909888098939,-1.443623065895861,-0.8356850873489315,-0.8260561574345483,-0.7736055022721724,3.379448397663726,0.9592303622513327,0.8199029227143817
1.8324139928796936,2.3369764841366085,3.3531537218110876,-1.6925407612362056,-0.8356850873489315,-0.8260561574345483,-0.7736055022721724,2.5219924134800973,0.9592303622513327,0.8199029227143817
2.697944195930893,1.457355705705184,2.0104824341032446,-1.94145845657655,-0.8356850873489315,-0.8260561574345483,-0.7736055022721724,0.1425520573705282,0.9592303622513327,0.8199029227143817
0.8586925144470947,1.457355705705184,1.0305797172297337,-1.443623065895861,-0.8356850873489315,-0.8260561574345483,-0.7736055022721724,2.564865212689279,-1.0425024471212316,0.8199029227143817
1.7783183551889936,2.923390336424225,2.0238965712267696,-1.94145845657655,-0.8356850873489315,-0.8260561574345483,-0.7736055022721724,0.48553445104397963,-1.0425024471212316,0.8199029227143817
1.3455532536633943,3.216597262568033,-0.15564919627499776,-2.1903761519168943,-0.8356850873489315,-0.8260561574345483,-0.7736055022721724,3.4223211968729075,0.9592303622513327,0.8199029227143817
0.8045968767563948,2.3369764841366085,1.5740199474465455,-1.443623065895861,-0.8356850873489315,-0.8260561574345483,-0.7736055022721724,2.4576832146663254,0.9592303622513327,0.8199029227143817
3.455283123600692,2.3369764841366085,2.6617387914503894,-1.6925407612362056,-0.8356850873489315,-0.8260561574345483,-0.7736055022721724,1.7931548269240132,0.9592303622513327,0.8199029227143817
2.211083456714593,0.28452800112995147,-0.12513203431897812,-1.443623065895861,-0.8356850873489315,-0.8260561574345483,-0.7736055022721724,2.7149200099214137,0.9592303622513327,0.8199029227143817
2.8061354713122926,1.457355705705184,-0.007087627631956986,-1.94145845657655,-0.8356850873489315,-0.8260561574345483,-0.7736055022721724,3.0364660039902747,0.9592303622513327,0.8199029227143817
3.3470918482192924,3.509804188711841,1.5456825827730987,-1.1947053705555168,-0.8356850873489315,-0.8260561574345483,-0.7736055022721724,1.5359180316689247,0.9592303622513327,0.8199029227143817
1.1832663405912944,1.457355705705184,2.9630538465875724,-1.1947053705555168,-0.8356850873489315,-0.8260561574345483,-0.7736055022721724,2.2004464194112368,0.9592303622513327,0.8199029227143817
2.589752920549493,2.3369764841366085,1.9975713271218514,-1.94145845657655,-0.8356850873489315,-0.8260561574345483,-0.7736055022721724,0.1639884569751189,-1.0425024471212316,0.8199029227143817
3.4011874859099924,0.28452800112995147,1.0701514217441328,-2.1903761519168943,-0.8356850873489315,-0.8260561574345483,-0.7736055022721724,2.779229208735186,0.9592303622513327,0.8199029227143817
1.670127079807594,2.0437695579928,2.603471133320077,-1.443623065895861,-0.8356850873489315,-0.8260561574345483,-0.7736055022721724,0.8928260435312031,0.9592303622513327,0.8199029227143817
2.211083456714593,2.0437695579928,0.09586587479109837,-1.1947053705555168,-0.8356850873489315,-0.8260561574345483,-0.7736055022721724,2.88641120675814,-1.0425024471212316,0.8199029227143817
2.8061354713122926,2.6301834102804165,1.4672937189574988,-2.1903761519168943,-0.8356850873489315,-0.8260561574345483,-0.7736055022721724,0.37835245302102605,-1.0425024471212316,0.8199029227143817
0.8586925144470947,0.5777349272737596,1.0815534382991292,-1.94145845657655,-0.8356850873489315,-0.8260561574345483,-0.7736055022721724,1.5573544312735155,0.9592303622513327,0.8199029227143817
1.4537445290447941,0.8709418534175678,3.191597207829632,-2.1903761519168943,-0.8356850873489315,-0.8260561574345483,-0.7736055022721724,3.3365755984545444,-1.0425024471212316,0.8199029227143817
2.0487965436424935,1.1641487795613759,0.41721829725654724,-1.94145845657655,-0.8356850873489315,-0.8260561574345483,-0.7736055022721724,0.9571352423449753,-1.0425024471212316,0.8199029227143817
2.265179094405293,0.28452800112995147,0.9420464122144679,-1.443623065895861,-0.8356850873489315,-0.8260561574345483,-0.7736055022721724,-0.07181193867537891,-1.0425024471212316,0.8199029227143817
1.4537445290447941,2.0437695579928,0.36884356525483475,-2.1903761519168943,-0.8356850873489315,-0.8260561574345483,-0.7736055022721724,2.6077380118984603,0.9592303622513327,0.8199029227143817
3.0766136597657927,2.923390336424225,3.009332619663734,-1.443623065895861,-0.8356850873489315,-0.8260561574345483,-0.7736055022721724,2.414810415457144,0.9592303622513327,0.8199029227143817
1.5619358044261942,0.8709418534175678,-0.22707947645776907,-2.1903761519168943,-0.8356850873489315,-0.8260561574345483,-0.7736055022721724,1.1071900395771104,-1.0425024471212316,0.8199029227143817
0.4259274129214951,0.8709418534175678,2.238690441917216,-1.94145845657655,-0.8356850873489315,-0.8260561574345483,-0.7736055022721724,2.543428813084688,0.9592303622513327,0.8199029227143817
1.8324139928796936,0.8709418534175678,1.816228960883196,-1.94145845657655,-0.8356850873489315,-0.8260561574345483,-0.7736055022721724,2.2861920178296,0.9592303622513327,0.8199029227143817
1.8324139928796936,2.3369764841366085,2.5127580310222384,-2.1903761519168943,-0.8356850873489315,-0.8260561574345483,-0.7736055022721724,1.042880840763338,0.9592303622513327,0.8199029227143817
0.9127881521377946,2.6301834102804165,2.0988480624044663,-1.94145845657655,-0.8356850873489315,-0.8260561574345483,-0.7736055022721724,2.414810415457144,-1.0425024471212316,0.8199029227143817
2.481561645168093,2.923390336424225,1.1340362497949212,-1.6925407612362056,-0.8356850873489315,-0.8260561574345483,-0.7736055022721724,2.4362468150617347,-1.0425024471212316,0.8199029227143817
2.8602311090029926,0.5777349272737596,-0.3416865105068869,-1.6925407612362056,-0.8356850873489315,-0.8260561574345483,-0.7736055022721724,1.578790830878106,-1.0425024471212316,0.8199029227143817
0.9668837898284947,2.923390336424225,2.6860519149867788,-1.443623065895861,-0.8356850873489315,-0.8260561574345483,-0.7736055022721724,0.7642076459036589,-1.0425024471212316,0.8199029227143817
3.2389005728378923,2.923390336424225,2.5206388365823096,-1.6925407612362056,-0.8356850873489315,-0.8260561574345483,-0.7736055022721724,0.31404325420725393,0.9592303622513327,0.8199029227143817
2.752039833621593,0.28452800112995147,3.34829109710381,-1.6925407612362056,-0.8356850873489315,-0.8260561574345483,-0.7736055022721724,0.07824285855675607,0.9592303622513327,0.8199029227143817
0.6423099636842949,2.6301834102804165,-0.14483404821915563,-1.1947053705555168,-0.8356850873489315,-0.8260561574345483,-0.7736055022721724,1.0857536399725196,0.9592303622513327,0.8199029227143817
3.1848049351471923,1.7505626318489922,2.390605544841138,-1.1947053705555168,-0.8356850873489315,-0.8260561574345483,-0.7736055022721724,3.143648002013228,-1.0425024471212316,0.8199029227143817
1.5078401667354941,2.6301834102804165,0.5303162408792684,-1.1947053705555168,-0.8356850873489315,-0.8260561574345483,-0.7736055022721724,1.0643172403679289,-1.0425024471212316,0.8199029227143817
1.1832663405912944,1.7505626318489922,2.096165234979761,-1.1947053705555168,-0.8356850873489315,-0.8260561574345483,-0.7736055022721724,0.678462047485296,0.9592303622513327,0.8199029227143817
2.1028921813331936,0.5777349272737596,1.8988935809069196,-1.94145845657655,-0.8356850873489315,-0.8260561574345483,-0.7736055022721724,1.7074092285056504,-1.0425024471212316,0.8199029227143817
1.5619358044261942,0.28452800112995147,3.079673001205219,-1.443623065895861,-0.8356850873489315,-0.8260561574345483,-0.7736055022721724,2.2861920178296,-1.0425024471212316,0.8199029227143817
1.1291707029005944,2.3369764841366085,1.0963089891350069,-1.443623065895861,-0.8356850873489315,-0.8260561574345483,-0.7736055022721724,2.264755618225009,0.9592303622513327,0.8199029227143817
1.9406052682610935,0.8709418534175678,1.653666386617476,-1.6925407612362056,-0.8356850873489315,-0.8260561574345483,-0.7736055022721724,3.615248793314224,-1.0425024471212316,0.8199029227143817
3.2389005728378923,0.28452800112995147,0.6621939764749248,-1.443623065895861,-0.8356850873489315,-0.8260561574345483,-0.7736055022721724,1.0214444411587473,-1.0425024471212316,0.8199029227143817
1.5078401667354941,2.3369764841366085,1.5442573307037242,-1.6925407612362056,-0.8356850873489315,-0.8260561574345483,-0.7736055022721724,0.8499532443220217,0.9592303622513327,0.8199029227143817
0.588214325993595,3.509804188711841,1.6428512385616338,-1.443623065895861,-0.8356850873489315,-0.8260561574345483,-0.7736055022721724,-0.050375539070788206,-1.0425024471212316,0.8199029227143817
0.9127881521377946,0.28452800112995147,2.370735854226916,-2.1903761519168943,-0.8356850873489315,-0.8260561574345483,-0.7736055022721724,3.529503194895861,0.9592303622513327,0.8199029227143817
1.670127079807594,2.3369764841366085,0.6020818744901278,-2.1903761519168943,-0.8356850873489315,-0.8260561574345483,-0.7736055022721724,1.1929356379954732,0.9592303622513327,0.8199029227143817
2.8061354713122926,0.28452800112995147,0.19554968129029449,-1.443623065895861,-0.8356850873489315,-0.8260561574345483,-0.7736055022721724,2.5219924134800973,-1.0425024471212316,0.8199029227143817
0.4800230506121951,2.6301834102804165,3.6035788942358975,-1.94145845657655,-0.8356850873489315,-0.8260561574345483,-0.7736055022721724,2.6077380118984603,0.9592303622513327,0.8199029227143817
2.1569878190238936,2.6301834102804165,1.0943807069235,-1.6925407612362056,-0.8356850873489315,-0.8260561574345483,-0.7736055022721724,2.264755618225009,-1.0425024471212316,0.8199029227143817
1.616031442116894,3.509804188711841,0.08899112951529174,-1.443623065895861,-0.8356850873489315,-0.8260561574345483,-0.7736055022721724,1.6859728289010596,-1.0425024471212316,0.8199029227143817
2.481561645168093,2.6301834102804165,0.8598848223328766,-1.6925407612362056,-0.8356850873489315,-0.8260561574345483,-0.7736055022721724,-0.050375539070788206,-1.0425024471212316,0.8199029227143817
2.643848558240193,0.8709418534175678,2.469748953869936,-1.1947053705555168,-0.8356850873489315,-0.8260561574345483,-0.7736055022721724,1.2572448368092453,-1.0425024471212316,0.8199029227143817
1.8865096305703937,1.1641487795613759,1.8089350238222792,-1.443623065895861,-0.8356850873489315,-0.8260561574345483,-0.7736055022721724,1.1929356379954732,-1.0425024471212316,0.8199029227143817
0.7505012390656949,1.457355705705184,2.1328025969983893,-1.94145845657655,-0.8356850873489315,-0.8260561574345483,-0.7736055022721724,1.7931548269240132,-1.0425024471212316,0.8199029227143817
2.697944195930893,1.7505626318489922,0.3630587186203145,-1.1947053705555168,-0.8356850873489315,-0.8260561574345483,-0.7736055022721724,2.4362468150617347,-1.0425024471212316,0.8199029227143817
1.616031442116894,2.6301834102804165,3.0577073516654467,-1.443623065895861,-0.8356850873489315,-0.8260561574345483,-0.7736055022721724,2.650610811107642,-1.0425024471212316,0.8199029227143817
1.3996488913540943,3.216597262568033,2.0113208176734645,-2.1903761519168943,-0.8356850873489315,-0.8260561574345483,-0.7736055022721724,2.8006656083397767,-1.0425024471212316,0.8199029227143817
0.8586925144470947,3.509804188711841,3.2087002326621263,-1.443623065895861,-0.8356850873489315,-0.8260561574345483,-0.7736055022721724,0.828516844717431,0.9592303622513327,0.8199029227143817
1.9406052682610935,1.1641487795613759,2.8441710563303313,-2.1903761519168943,-0.8356850873489315,-0.8260561574345483,-0.7736055022721724,2.993593204781093,0.9592303622513327,0.8199029227143817
1.670127079807594,1.7505626318489922,0.43767485636992304,-2.1903761519168943,-0.8356850873489315,-0.8260561574345483,-0.7736055022721724,2.264755618225009,-1.0425024471212316,0.8199029227143817
1.9947009059517935,0.28452800112995147,-0.3016117758503556,-1.443623065895861,-0.8356850873489315,-0.8260561574345483,-0.7736055022721724,3.6366851929188146,-1.0425024471212316,0.8199029227143817
3.0766136597657927,0.5777349272737596,2.560713571238841,-1.443623065895861,-0.8356850873489315,-0.8260561574345483,-0.7736055022721724,0.7642076459036589,-1.0425024471212316,0.8199029227143817
3.0225180220750927,2.3369764841366085,0.9431363108557543,-2.1903761519168943,-0.8356850873489315,-0.8260561574345483,-0.7736055022721724,0.7427712462990682,0.9592303622513327,0.8199029227143817
1.2914576159726943,1.1641487795613759,0.41956577125316413,-1.6925407612362056,-0.8356850873489315,-0.8260561574345483,-0.7736055022721724,1.7717184273194224,0.9592303622513327,0.8199029227143817
2.319274732095993,2.923390336424225,1.5032603741199504,-1.1947053705555168,-0.8356850873489315,-0.8260561574345483,-0.7736055022721724,0.7642076459036589,-1.0425024471212316,0.8199029227143817
2.4274660074773933,2.0437695579928,3.1976335695352183,-1.94145845657655,-0.8356850873489315,-0.8260561574345483,-0.7736055022721724,0.6141528486715239,-1.0425024471212316,0.8199029227143817
2.3733703697866932,1.1641487795613759,0.4352435440162841,-1.443623065895861,-0.8356850873489315,-0.8260561574345483,-0.7736055022721724,3.4223211968729075,-1.0425024471212316,0.8199029227143817
3.4011874859099924,2.6301834102804165,2.186542983849512,-1.1947053705555168,-0.8356850873489315,-0.8260561574345483,-0.7736055022721724,1.3001176360184268,0.9592303622513327,0.8199029227143817
0.9127881521377946,2.6301834102804165,2.7544640143167567,-1.1947053705555168,-0.8356850873489315,-0.8260561574345483,-0.7736055022721724,0.7427712462990682,-1.0425024471212316,0.8199029227143817
0.9668837898284947,1.1641487795613759,0.36917891868292285,-1.6925407612362056,-0.8356850873489315,-0.8260561574345483,-0.7736055022721724,1.9860824233653296,0.9592303622513327,0.8199029227143817
2.589752920549493,2.3369764841366085,2.8377155028396346,-1.1947053705555168,-0.8356850873489315,-0.8260561574345483,-0.7736055022721724,0.9356988427403846,0.9592303622513327,0.8199029227143817
2.3733703697866932,1.7505626318489922,1.0740918245241684,-1.443623065895861,-0.8356850873489315,-0.8260561574345483,-0.7736055022721724,2.0932644213882834,-1.0425024471212316,0.8199029227143817
3.0766136597657927,0.28452800112995147,1.5893623667815773,-1.1947053705555168,-0.8356850873489315,-0.8260561574345483,-0.7736055022721724,1.7074092285056504,0.9592303622513327,0.8199029227143817
1.3996488913540943,2.0437695579928,1.5086260289693605,-1.443623065895861,-0.8356850873489315,-0.8260561574345483,-0.7736055022721724,1.5573544312735155,-1.0425024471212316,0.8199029227143817
1.1832663405912944,0.28452800112995147,2.4406570439832906,-1.443623065895861,-0.8356850873489315,-0.8260561574345483,-0.7736055022721724,0.828516844717431,0.9592303622513327,0.8199029227143817
2.8061354713122926,0.8709418534175678,-0.06711589125973193,-2.1903761519168943,-0.8356850873489315,-0.8260561574345483,-0.7736055022721724,3.015029604385684,0.9592303622513327,0.8199029227143817
1.7783183551889936,2.3369764841366085,0.6827343739453228,-1.6925407612362056,-0.8356850873489315,-0.8260561574345483,-0.7736055022721724,2.1361372205974645,-1.0425024471212316,0.8199029227143817
2.535657282858793,2.6301834102804165,0.40464254370324243,-1.94145845657655,-0.8356850873489315,-0.8260561574345483,-0.7736055022721724,2.9721568051765024,-1.0425024471212316,0.8199029227143817
1.0750750652098946,0.8709418534175678,3.4111698648703337,-2.1903761519168943,-0.8356850873489315,-0.8260561574345483,-0.7736055022721724,2.479119614270916,0.9592303622513327,0.8199029227143817
2.697944195930893,0.28452800112995147,2.4551610797481023,-1.94145845657655,-0.8356850873489315,-0.8260561574345483,-0.7736055022721724,1.514481632064334,0.9592303622513327,0.8199029227143817
2.1028921813331936,0.28452800112995147,3.1337487414844296,-1.443623065895861,-0.8356850873489315,-0.8260561574345483,-0.7736055022721724,1.0643172403679289,0.9592303622513327,0.8199029227143817
3.0766136597657927,2.0437695579928,0.44974757978109564,-2.1903761519168943,-0.8356850873489315,-0.8260561574345483,-0.7736055022721724,2.264755618225009,-1.0425024471212316,0.8199029227143817
2.0487965436424935,1.457355705705184,1.3744846577341092,-1.1947053705555168,-0.8356850873489315,-0.8260561574345483,-0.7736055022721724,1.8574640257377855,-1.0425024471212316,0.8199029227143817
0.3718317752307952,0.28452800112995147,2.0166864725228746,-1.1947053705555168,-0.8356850873489315,-0.8260561574345483,-0.7736055022721724,0.7427712462990682,-1.0425024471212316,0.8199029227143817
0.4259274129214951,1.7505626318489922,3.3337870613389984,-1.94145845657655,-0.8356850873489315,-0.8260561574345483,-0.7736055022721724,3.50806679529127,-1.0425024471212316,0.8199029227143817
3.1307092974564923,1.7505626318489922,0.15212141235288187,-1.443623065895861,-0.8356850873489315,-0.8260561574345483,-0.7736055022721724,-0.0075027398616067794,0.9592303622513327,0.8199029227143817
0.4800230506121951,1.1641487795613759,3.518650638572579,-1.94145845657655,-0.8356850873489315,-0.8260561574345483,-0.7736055022721724,1.9646460237607388,0.9592303622513327,0.8199029227143817
0.7505012390656949,2.0437695579928,2.1658349096650698,-1.6925407612362056,-0.8356850873489315,-0.8260561574345483,-0.7736055022721724,1.4287360336459711,0.9592303622513327,0.8199029227143817
3.0225180220750927,2.0437695579928,1.0584978901180704,-1.1947053705555168,-0.8356850873489315,-0.8260561574345483,-0.7736055022721724,3.465193996082089,0.9592303622513327,0.8199029227143817
1.7783183551889936,3.509804188711841,1.9243804414416175,-2.1903761519168943,-0.8356850873489315,-0.8260561574345483,-0.7736055022721724,0.7427712462990682,0.9592303622513327,0.8199029227143817
1.9406052682610935,2.6301834102804165,2.7807892584216747,-2.1903761519168943,-0.8356850873489315,-0.8260561574345483,-0.7736055022721724,0.05680645895216536,-1.0425024471212316,0.8199029227143817
1.8865096305703937,3.509804188711841,3.3863537111918123,-2.1903761519168943,-0.8356850873489315,-0.8260561574345483,-0.7736055022721724,0.035370059347574645,-1.0425024471212316,0.8199029227143817
0.3177361375400952,0.28452800112995147,2.001176376473799,-1.1947053705555168,-0.8356850873489315,-0.8260561574345483,-0.7736055022721724,3.5509395945004516,0.9592303622513327,0.8199029227143817
0.8586925144470947,1.457355705705184,2.0348793959966556,-1.443623065895861,-0.8356850873489315,-0.8260561574345483,-0.7736055022721724,2.0932644213882834,0.9592303622513327,0.8199029227143817
1.670127079807594,2.923390336424225,1.4910199739947338,-1.1947053705555168,-0.8356850873489315,-0.8260561574345483,-0.7736055022721724,0.1425520573705282,0.9592303622513327,0.8199029227143817
0.4800230506121951,0.8709418534175678,0.1569001987031377,-1.1947053705555168,-0.8356850873489315,-0.8260561574345483,-0.7736055022721724,0.27117045499807246,0.9592303622513327,0.8199029227143817
2.211083456714593,2.0437695579928,1.3691190028846991,-2.1903761519168943,-0.8356850873489315,-0.8260561574345483,-0.7736055022721724,1.9646460237607388,0.9592303622513327,0.8199029227143817
1.670127079807594,1.1641487795613759,0.10391435706521344,-1.1947053705555168,-0.8356850873489315,-0.8260561574345483,-0.7736055022721724,1.9217732245515575,0.9592303622513327,0.8199029227143817
1.4537445290447941,1.1641487795613759,1.402654345693512,-2.1903761519168943,-0.8356850873489315,-0.8260561574345483,-0.7736055022721724,0.9142624431357939,0.9592303622513327,0.8199029227143817
1.9947009059517935,3.509804188711841,3.675260689489735,-1.443623065895861,-0.8356850873489315,-0.8260561574345483,-0.7736055022721724,2.0075188229699203,0.9592303622513327,0.8199029227143817
0.4259274129214951,0.28452800112995147,1.617364378026936,-1.6925407612362056,-0.8356850873489315,-0.8260561574345483,-0.7736055022721724,1.6216636300872875,-1.0425024471212316,0.8199029227143817
3.4011874859099924,0.28452800112995147,-0.22800169838501144,-2.1903761519168943,-0.8356850873489315,-0.8260561574345483,-0.7736055022721724,3.250830000036182,0.9592303622513327,0.8199029227143817
1.3455532536633943,2.923390336424225,2.2588954859595254,-1.94145845657655,-0.8356850873489315,-0.8260561574345483,-0.7736055022721724,1.278681236413836,0.9592303622513327,0.8199029227143817
1.5078401667354941,0.5777349272737596,2.0584379743198467,-1.6925407612362056,-0.8356850873489315,-0.8260561574345483,-0.7736055022721724,1.814591226528604,-1.0425024471212316,0.8199029227143817
2.589752920549493,0.5777349272737596,0.6204424746779529,-1.443623065895861,-0.8356850873489315,-0.8260561574345483,-0.7736055022721724,1.128626439181701,-1.0425024471212316,0.8199029227143817
1.8865096305703937,0.28452800112995147,3.1854770077670236,-1.6925407612362056,-0.8356850873489315,-0.8260561574345483,-0.7736055022721724,1.0000080415541568,0.9592303622513327,0.8199029227143817
2.589752920549493,2.3369764841366085,2.2728126532251824,-2.1903761519168943,-0.8356850873489315,-0.8260561574345483,-0.7736055022721724,0.978571641949566,-1.0425024471212316,0.8199029227143817
2.8061354713122926,1.7505626318489922,1.3827846550792904,-1.443623065895861,-0.8356850873489315,-0.8260561574345483,-0.7736055022721724,1.6002272304826968,-1.0425024471212316,0.8199029227143817
1.5078401667354941,1.7505626318489922,3.4993678164575117,-1.94145845657655,-0.8356850873489315,-0.8260561574345483,-0.7736055022721724,3.2722663996407726,0.9592303622513327,0.8199029227143817
2.8602311090029926,2.923390336424225,-0.13930071665570154,-2.1903761519168943,-0.8356850873489315,-0.8260561574345483,-0.7736055022721724,0.18542485657970964,-1.0425024471212316,0.8199029227143817
3.0766136597657927,2.923390336424225,0.7265818346678455,-2.1903761519168943,-0.8356850873489315,-0.8260561574345483,-0.7736055022721724,2.4576832146663254,0.9592303622513327,0.8199029227143817
0.7505012390656949,2.6301834102804165,2.9658205123692998,-1.443623065895861,-0.8356850873489315,-0.8260561574345483,-0.7736055022721724,3.0364660039902747,0.9592303622513327,0.8199029227143817
2.8602311090029926,1.457355705705184,-0.2638006768334191,-1.443623065895861,-0.8356850873489315,-0.8260561574345483,-0.7736055022721724,-0.028939139466197493,0.9592303622513327,0.8199029227143817
2.8602311090029926,1.1641487795613759,1.1025968659116594,-1.6925407612362056,-0.8356850873489315,-0.8260561574345483,-0.7736055022721724,2.757792809130595,-1.0425024471212316,0.8199029227143817
2.9143267466936926,3.216597262568033,2.2251924664366682,-1.94145845657655,-0.8356850873489315,-0.8260561574345483,-0.7736055022721724,0.24973405539348176,-1.0425024471212316,0.8199029227143817
0.3177361375400952,1.7505626318489922,1.6030280189761685,-1.6925407612362056,-0.8356850873489315,-0.8260561574345483,-0.7736055022721724,1.0643172403679289,0.9592303622513327,0.8199029227143817
1.8865096305703937,2.3369764841366085,1.960095581533003,-1.6925407612362056,-0.8356850873489315,-0.8260561574345483,-0.7736055022721724,1.4716088328551524,0.9592303622513327,0.8199029227143817
1.5619358044261942,0.28452800112995147,1.1328625127966128,-2.1903761519168943,-0.8356850873489315,-0.8260561574345483,-0.7736055022721724,1.9217732245515575,-1.0425024471212316,0.8199029227143817
0.4259274129214951,2.0437695579928,1.3950250552045071,-1.443623065895861,-0.8356850873489315,-0.8260561574345483,-0.7736055022721724,2.30762841743419,0.9592303622513327,0.8199029227143817
2.9684223843843927,2.3369764841366085,2.6249337527177175,-2.1903761519168943,-0.8356850873489315,-0.8260561574345483,-0.7736055022721724,2.028955222574511,-1.0425024471212316,0.8199029227143817
0.8045968767563948,2.6301834102804165,0.5428919944325733,-1.94145845657655,-0.8356850873489315,-0.8260561574345483,-0.7736055022721724,3.5723759941050424,-1.0425024471212316,0.8199029227143817
1.1291707029005944,3.216597262568033,2.691920599978321,-1.6925407612362056,-0.8356850873489315,-0.8260561574345483,-0.7736055022721724,0.46409805143938887,-1.0425024471212316,0.8199029227143817
2.589752920549493,2.3369764841366085,1.7437087820591384,-1.94145845657655,-0.8356850873489315,-0.8260561574345483,-0.7736055022721724,0.9356988427403846,-1.0425024471212316,0.8199029227143817
0.3177361375400952,2.0437695579928,0.4064031492007051,-1.443623065895861,-0.8356850873489315,-0.8260561574345483,-0.7736055022721724,-0.09324833827996963,-1.0425024471212316,0.8199029227143817
0.534118688302895,0.8709418534175678,1.3548664821909537,-1.443623065895861,-0.8356850873489315,-0.8260561574345483,-0.7736055022721724,1.3215540356230173,-1.0425024471212316,0.8199029227143817
0.6964056013749949,0.5777349272737596,0.11296889962359291,-1.1947053705555168,-0.8356850873489315,-0.8260561574345483,-0.7736055022721724,2.6077380118984603,0.9592303622513327,0.8199029227143817
0.4800230506121951,0.8709418534175678,-0.14374414957786924,-1.94145845657655,-0.8356850873489315,-0.8260561574345483,-0.7736055022721724,1.514481632064334,0.9592303622513327,0.8199029227143817
1.2914576159726943,1.1641487795613759,3.025010392426854,-2.1903761519168943,-0.8356850873489315,-0.8260561574345483,-0.7736055022721724,0.37835245302102605,-1.0425024471212316,0.8199029227143817
1.7783183551889936,1.1641487795613759,2.6596428325248387,-1.94145845657655,-0.8356850873489315,-0.8260561574345483,-0.7736055022721724,2.264755618225009,-1.0425024471212316,0.8199029227143817
1.3455532536633943,1.7505626318489922,2.877287207354034,-1.6925407612362056,-0.8356850873489315,-0.8260561574345483,-0.7736055022721724,3.6366851929188146,0.9592303622513327,0.8199029227143817
0.6964056013749949,3.509804188711841,1.9849117352115246,-1.443623065895861,-0.8356850873489315,-0.8260561574345483,-0.7736055022721724,3.5723759941050424,0.9592303622513327,0.8199029227143817
1.724222717498294,2.0437695579928,0.9713059988151571,-1.443623065895861,-0.8356850873489315,-0.8260561574345483,-0.7736055022721724,2.414810415457144,0.9592303622513327,0.8199029227143817
3.1848049351471923,3.509804188711841,0.9332433847271545,-1.94145845657655,-0.8356850873489315,-0.8260561574345483,-0.7736055022721724,0.6355892482761146,0.9592303622513327,0.8199029227143817
0.6423099636842949,1.1641487795613759,2.5183752009427147,-1.94145845657655,-0.8356850873489315,-0.8260561574345483,-0.7736055022721724,-0.09324833827996963,0.9592303622513327,0.8199029227143817
1.8865096305703937,2.923390336424225,1.243277628994629,-1.94145845657655,-0.8356850873489315,-0.8260561574345483,-0.7736055022721724,2.5863016122938696,0.9592303622513327,0.8199029227143817
1.2914576159726943,1.7505626318489922,2.3039166836803564,-1.6925407612362056,-0.8356850873489315,-0.8260561574345483,-0.7736055022721724,2.1147008209928737,0.9592303622513327,0.8199029227143817
1.670127079807594,2.6301834102804165,0.5496829013513579,-1.6925407612362056,-0.8356850873489315,-0.8260561574345483,-0.7736055022721724,0.24973405539348176,0.9592303622513327,0.8199029227143817
0.6423099636842949,1.7505626318489922,2.7713993624352073,-2.1903761519168943,-0.8356850873489315,-0.8260561574345483,-0.7736055022721724,3.6581215925234054,-1.0425024471212316,0.8199029227143817
3.1307092974564923,0.8709418534175678,2.0708460511591076,-1.94145845657655,-0.8356850873489315,-0.8260561574345483,-0.7736055022721724,0.035370059347574645,0.9592303622513327,0.8199029227143817
1.3455532536633943,0.28452800112995147,0.3914799216507834,-2.1903761519168943,-0.8356850873489315,-0.8260561574345483,-0.7736055022721724,0.18542485657970964,-1.0425024471212316,0.8199029227143817
1.724222717498294,3.216597262568033,2.407373216245544,-1.1947053705555168,-0.8356850873489315,-0.8260561574345483,-0.7736055022721724,2.9721568051765024,0.9592303622513327,0.8199029227143817
1.4537445290447941,2.923390336424225,2.0952430130525186,-1.6925407612362056,-0.8356850873489315,-0.8260561574345483,-0.7736055022721724,0.35691605341643534,0.9592303622513327,0.8199029227143817
0.534118688302895,2.923390336424225,3.4609698489414207,-1.443623065895861,-0.8356850873489315,-0.8260561574345483,-0.7736055022721724,1.8574640257377855,0.9592303622513327,0.8199029227143817
0.3718317752307952,1.457355705705184,0.8748080498827983,-1.1947053705555168,-0.8356850873489315,-0.8260561574345483,-0.7736055022721724,3.1865208012224095,0.9592303622513327,0.8199029227143817
0.4800230506121951,2.923390336424225,1.625077506872963,-1.443623065895861,-0.8356850873489315,-0.8260561574345483,-0.7736055022721724,3.4008847972683167,0.9592303622513327,0.8199029227143817
0.6964056013749949,2.923390336424225,0.23377997209234108,-1.1947053705555168,-0.8356850873489315,-0.8260561574345483,-0.7736055022721724,0.9142624431357939,-1.0425024471212316,0.8199029227143817
0.588214325993595,0.8709418534175678,3.0406043268329523,-2.1903761519168943,-0.8356850873489315,-0.8260561574345483,-0.7736055022721724,1.2358084372046545,0.9592303622513327,0.8199029227143817
3.455283123600692,2.3369764841366085,1.3785927372281888,-2.1903761519168943,-0.8356850873489315,-0.8260561574345483,-0.7736055022721724,0.5927164490669332,-1.0425024471212316,0.8199029227143817
0.4259274129214951,2.923390336424225,1.9425733649153984,-1.6925407612362056,-0.8356850873489315,-0.8260561574345483,-0.7736055022721724,0.24973405539348176,-1.0425024471212316,0.8199029227143817
2.319274732095993,0.28452800112995147,2.6670206079427774,-1.443623065895861,-0.8356850873489315,-0.8260561574345483,-0.7736055022721724,1.2358084372046545,0.9592303622513327,0.8199029227143817
0.4800230506121951,3.216597262568033,-0.11834112740019352,-1.1947053705555168,-0.8356850873489315,-0.8260561574345483,-0.7736055022721724,2.1361372205974645,-1.0425024471212316,0.8199029227143817
0.8045968767563948,0.5777349272737596,-0.03835933480117494,-1.94145845657655,-0.8356850873489315,-0.8260561574345483,-0.7736055022721724,1.4501724332505619,0.9592303622513327,0.8199029227143817
1.0209794275191946,0.8709418534175678,0.5620071398335965,-1.94145845657655,-0.8356850873489315,-0.8260561574345483,-0.7736055022721724,2.050391622179102,0.9592303622513327,0.8199029227143817
2.0487965436424935,0.8709418534175678,0.21986280482668377,-1.6925407612362056,-0.8356850873489315,-0.8260561574345483,-0.7736055022721724,3.5509395945004516,0.9592303622513327,0.8199029227143817
0.9127881521377946,3.509804188711841,-0.19480170900428675,-1.443623065895861,-0.8356850873489315,-0.8260561574345483,-0.7736055022721724,0.22829765578889105,-1.0425024471212316,0.8199029227143817
3.1307092974564923,2.3369764841366085,1.4165715129591694,-1.94145845657655,-0.8356850873489315,-0.8260561574345483,-0.7736055022721724,2.88641120675814,0.9592303622513327,0.8199029227143817
2.8061354713122926,1.457355705705184,2.3824732242100004,-1.6925407612362056,-0.8356850873489315,-0.8260561574345483,-0.7736055022721724,0.978571641949566,-1.0425024471212316,0.8199029227143817
0.588214325993595,2.3369764841366085,0.7620454596881651,-1.6925407612362056,-0.8356850873489315,-0.8260561574345483,-0.7736055022721724,3.50806679529127,0.9592303622513327,0.8199029227143817
2.3733703697866932,3.216597262568033,1.724509798301093,-1.443623065895861,-0.8356850873489315,-0.8260561574345483,-0.7736055022721724,1.2358084372046545,0.9592303622513327,0.8199029227143817
0.534118688302895,3.216597262568033,3.4792466107722237,-1.94145845657655,-0.8356850873489315,-0.8260561574345483,-0.7736055022721724,0.5927164490669332,-1.0425024471212316,0.8199029227143817
3.2389005728378923,1.7505626318489922,1.3064917501892412,-1.94145845657655,-0.8356850873489315,-0.8260561574345483,-0.7736055022721724,1.9003368249469668,-1.0425024471212316,0.8199029227143817
2.319274732095993,3.509804188711841,0.33732034301455066,-1.94145845657655,-0.8356850873489315,-0.8260561574345483,-0.7736055022721724,1.7288456281102411,-1.0425024471212316,0.8199029227143817
2.9143267466936926,0.5777349272737596,1.5323522840065955,-2.1903761519168943,-0.8356850873489315,-0.8260561574345483,-0.7736055022721724,2.050391622179102,-1.0425024471212316,0.8199029227143817
1.8324139928796936,3.216597262568033,2.524914592790433,-1.94145845657655,-0.8356850873489315,-0.8260561574345483,-0.7736055022721724,3.3151391988499537,-1.0425024471212316,0.8199029227143817
1.3996488913540943,1.1641487795613759,1.0822241451553054,-1.1947053705555168,-0.8356850873489315,-0.8260561574345483,-0.7736055022721724,2.864974807153549,-1.0425024471212316,0.8199029227143817
1.5619358044261942,2.6301834102804165,0.0200760000431814,-2.1903761519168943,-0.8356850873489315,-0.8260561574345483,-0.7736055022721724,1.4930452324597432,0.9592303622513327,0.8199029227143817
1.724222717498294,1.1641487795613759,2.2543682146803357,-2.1903761519168943,-0.8356850873489315,-0.8260561574345483,-0.7736055022721724,0.27117045499807246,-1.0425024471212316,0.8199029227143817
3.1307092974564923,1.457355705705184,0.3254152963174221,-2.1903761519168943,-0.8356850873489315,-0.8260561574345483,-0.7736055022721724,2.8006656083397767,0.9592303622513327,0.8199029227143817
1.2914576159726943,1.457355705705184,1.4399624145683163,-2.1903761519168943,-0.8356850873489315,-0.8260561574345483,-0.7736055022721724,1.4501724332505619,0.9592303622513327,0.8199029227143817
2.319274732095993,2.923390336424225,2.2877358807751045,-1.6925407612362056,-0.8356850873489315,-0.8260561574345483,-0.7736055022721724,2.9721568051765024,0.9592303622513327,0.8199029227143817
0.3718317752307952,2.3369764841366085,2.344745963550086,-1.1947053705555168,-0.8356850873489315,-0.8260561574345483,-0.7736055022721724,0.9356988427403846,0.9592303622513327,0.8199029227143817
0.4800230506121951,1.7505626318489922,1.8231037061590027,-1.443623065895861,-0.8356850873489315,-0.8260561574345483,-0.7736055022721724,0.6998984470898867,0.9592303622513327,0.8199029227143817
0.26364049984939525,2.923390336424225,0.4992960487811166,-1.94145845657655,-0.8356850873489315,-0.8260561574345483,-0.7736055022721724,3.4866303956866793,-1.0425024471212316,0.8199029227143817
1.0209794275191946,2.0437695579928,1.1710928035986594,-2.1903761519168943,-0.8356850873489315,-0.8260561574345483,-0.7736055022721724,2.8221020079443675,0.9592303622513327,0.8199029227143817
1.616031442116894,1.7505626318489922,1.1441806909945873,-1.443623065895861,-0.8356850873489315,-0.8260561574345483,-0.7736055022721724,0.1211156577659375,0.9592303622513327,0.8199029227143817
0.3718317752307952,1.457355705705184,1.0724988957407497,-1.6925407612362056,-0.8356850873489315,-0.8260561574345483,-0.7736055022721724,1.5573544312735155,0.9592303622513327,0.8199029227143817
2.3733703697866932,1.457355705705184,3.574486984349252,-1.443623065895861,-0.8356850873489315,-0.8260561574345483,-0.7736055022721724,0.18542485657970964,-1.0425024471212316,0.8199029227143817
3.2929962105285924,0.8709418534175678,-0.07055326389763525,-2.1903761519168943,-0.8356850873489315,-0.8260561574345483,-0.7736055022721724,0.46409805143938887,-1.0425024471212316,0.8199029227143817
2.4274660074773933,2.0437695579928,0.5561384548420544,-1.1947053705555168,-0.8356850873489315,-0.8260561574345483,-0.7736055022721724,2.693483610316823,-1.0425024471212316,0.8199029227143817
2.752039833621593,2.923390336424225,2.2329894336397174,-1.443623065895861,-0.8356850873489315,-0.8260561574345483,-0.7736055022721724,0.6355892482761146,-1.0425024471212316,0.8199029227143817
2.481561645168093,1.457355705705184,2.182518742712454,-2.1903761519168943,-0.8356850873489315,-0.8260561574345483,-0.7736055022721724,2.414810415457144,0.9592303622513327,0.8199029227143817
2.0487965436424935,2.0437695579928,0.2847536931617366,-2.1903761519168943,-0.8356850873489315,-0.8260561574345483,-0.7736055022721724,1.2572448368092453,-1.0425024471212316,0.8199029227143817
3.0225180220750927,0.5777349272737596,1.8932764109864435,-1.94145845657655,-0.8356850873489315,-0.8260561574345483,-0.7736055022721724,1.9646460237607388,0.9592303622513327,0.8199029227143817
0.4800230506121951,2.6301834102804165,-0.33523095701619043,-1.94145845657655,-0.8356850873489315,-0.8260561574345483,-0.7736055022721724,0.8713896439266124,-1.0425024471212316,0.8199029227143817
1.8865096305703937,2.3369764841366085,1.25652408940411,-1.1947053705555168,-0.8356850873489315,-0.8260561574345483,-0.7736055022721724,1.6002272304826968,-1.0425024471212316,0.8199029227143817
2.9684223843843927,1.457355705705184,3.6802909909110566,-1.94145845657655,-0.8356850873489315,-0.8260561574345483,-0.7736055022721724,0.6998984470898867,-1.0425024471212316,0.8199029227143817
0.9127881521377946,0.5777349272737596,2.5495630697549103,-1.1947053705555168,-0.8356850873489315,-0.8260561574345483,-0.7736055022721724,0.678462047485296,-1.0425024471212316,0.8199029227143817
2.535657282858793,1.7505626318489922,2.21286822795443,-1.6925407612362056,-0.8356850873489315,-0.8260561574345483,-0.7736055022721724,0.8070804451128403,0.9592303622513327,0.8199029227143817
0.26364049984939525,2.3369764841366085,1.3150432626054884,-1.6925407612362056,-0.8356850873489315,-0.8260561574345483,-0.7736055022721724,3.7009943917325865,-1.0425024471212316,0.8199029227143817
1.3996488913540943,2.0437695579928,3.390964820828024,-1.94145845657655,-0.8356850873489315,-0.8260561574345483,-0.7736055022721724,1.9432096241561483,0.9592303622513327,0.8199029227143817
1.0209794275191946,2.3369764841366085,-0.19589160764557317,-1.6925407612362056,-0.8356850873489315,-0.8260561574345483,-0.7736055022721724,2.5219924134800973,0.9592303622513327,0.8199029227143817
1.616031442116894,1.1641487795613759,0.2539011777776288,-1.443623065895861,-0.8356850873489315,-0.8260561574345483,-0.7736055022721724,0.42122525223020746,0.9592303622513327,0.8199029227143817
1.1832663405912944,0.8709418534175678,3.4386688459735604,-1.443623065895861,-0.8356850873489315,-0.8260561574345483,-0.7736055022721724,3.379448397663726,0.9592303622513327,0.8199029227143817
2.8061354713122926,2.0437695579928,3.589829403684284,-1.443623065895861,-0.8356850873489315,-0.8260561574345483,-0.7736055022721724,1.9432096241561483,0.9592303622513327,0.8199029227143817
0.6964056013749949,0.5777349272737596,0.7072990125527782,-1.6925407612362056,-0.8356850873489315,-0.8260561574345483,-0.7736055022721724,-0.11468473788456034,0.9592303622513327,0.8199029227143817
0.26364049984939525,1.457355705705184,1.4149785841757507,-1.443623065895861,-0.8356850873489315,-0.8260561574345483,-0.7736055022721724,1.0000080415541568,0.9592303622513327,0.8199029227143817
2.535657282858793,2.0437695579928,1.4416391817087568,-1.1947053705555168,-0.8356850873489315,-0.8260561574345483,-0.7736055022721724,-0.0075027398616067794,-1.0425024471212316,0.8199029227143817
0.6964056013749949,0.28452800112995147,-0.2336188683054876,-2.1903761519168943,-0.8356850873489315,-0.8260561574345483,-0.7736055022721724,0.6570256478807053,0.9592303622513327,0.8199029227143817
1.4537445290447941,1.1641487795613759,0.2592668326270388,-1.94145845657655,-0.8356850873489315,-0.8260561574345483,-0.7736055022721724,-0.09324833827996963,-1.0425024471212316,0.8199029227143817
2.535657282858793,0.5777349272737596,3.12301743178561,-1.1947053705555168,-0.8356850873489315,-0.8260561574345483,-0.7736055022721724,2.5005560138755065,-1.0425024471212316,0.8199029227143817
2.643848558240193,1.7505626318489922,2.4259853315044353,-1.443623065895861,-0.8356850873489315,-0.8260561574345483,-0.7736055022721724,1.342990435227608,0.9592303622513327,0.8199029227143817
3.3470918482192924,3.509804188711841,1.6623855757477672,-2.1903761519168943,-0.8356850873489315,-0.8260561574345483,-0.7736055022721724,3.4866303956866793,0.9592303622513327,0.8199029227143817
0.3177361375400952,0.28452800112995147,1.4553886722603702,-1.94145845657655,-0.8356850873489315,-0.8260561574345483,-0.7736055022721724,3.7009943917325865,-1.0425024471212316,0.8199029227143817
0.9668837898284947,2.0437695579928,2.1603854164586376,-1.1947053705555168,-0.8356850873489315,-0.8260561574345483,-0.7736055022721724,3.615248793314224,-1.0425024471212316,0.8199029227143817
2.265179094405293,0.8709418534175678,2.778609461139102,-1.94145845657655,-0.8356850873489315,-0.8260561574345483,-0.7736055022721724,0.1425520573705282,0.9592303622513327,0.8199029227143817
2.3733703697866932,3.509804188711841,2.1857884386363136,-1.6925407612362056,-0.8356850873489315,-0.8260561574345483,-0.7736055022721724,1.342990435227608,0.9592303622513327,0.8199029227143817
1.1832663405912944,0.28452800112995147,3.269566879860122,-1.443623065895861,-0.8356850873489315,-0.8260561574345483,-0.7736055022721724,1.278681236413836,-1.0425024471212316,0.8199029227143817
1.0750750652098946,2.3369764841366085,0.49502029257299296,-1.1947053705555168,-0.8356850873489315,-0.8260561574345483,-0.7736055022721724,1.128626439181701,-1.0425024471212316,0.8199029227143817
3.0766136597657927,2.0437695579928,3.6215203026386122,-1.1947053705555168,-0.8356850873489315,-0.8260561574345483,-0.7736055022721724,1.3215540356230173,0.9592303622513327,0.8199029227143817
1.7783183551889936,0.5777349272737596,2.1217359338714807,-2.1903761519168943,-0.8356850873489315,-0.8260561574345483,-0.7736055022721724,1.128626439181701,-1.0425024471212316,0.8199029227143817
2.589752920549493,2.0437695579928,2.4864327869173204,-2.1903761519168943,-0.8356850873489315,-0.8260561574345483,-0.7736055022721724,2.3719376162479624,-1.0425024471212316,0.8199029227143817
0.8045968767563948,0.8709418534175678,3.4208951142848893,-2.1903761519168943,-0.8356850873489315,-0.8260561574345483,-0.7736055022721724,0.07824285855675607,0.9592303622513327,0.8199029227143817
0.534118688302895,2.6301834102804165,1.805329974470332,-1.94145845657655,-0.8356850873489315,-0.8260561574345483,-0.7736055022721724,2.88641120675814,-1.0425024471212316,0.8199029227143817
0.3718317752307952,2.3369764841366085,3.097279056179846,-1.443623065895861,-0.8356850873489315,-0.8260561574345483,-0.7736055022721724,2.650610811107642,0.9592303622513327,0.8199029227143817
0.9668837898284947,1.457355705705184,0.46726979639870037,-1.94145845657655,-0.8356850873489315,-0.8260561574345483,-0.7736055022721724,0.18542485657970964,0.9592303622513327,0.8199029227143817
3.455283123600692,2.0437695579928,0.3996960806389425,-1.443623065895861,-0.8356850873489315,-0.8260561574345483,-0.7736055022721724,0.8499532443220217,0.9592303622513327,0.8199029227143817
0.3177361375400952,0.8709418534175678,0.3927374970061139,-1.1947053705555168,-0.8356850873489315,-0.8260561574345483,-0.7736055022721724,2.8221020079443675,-1.0425024471212316,0.8199029227143817
1.9406052682610935,0.28452800112995147,2.4964933897599644,-1.94145845657655,-0.8356850873489315,-0.8260561574345483,-0.7736055022721724,3.079338803199456,0.9592303622513327,0.8199029227143817
1.8865096305703937,0.28452800112995147,1.9911157736311549,-1.94145845657655,-0.8356850873489315,-0.8260561574345483,-0.7736055022721724,1.7717184273194224,-1.0425024471212316,0.8199029227143817
0.8045968767563948,3.216597262568033,0.0982971871447373,-1.94145845657655,-0.8356850873489315,-0.8260561574345483,-0.7736055022721724,1.514481632064334,0.9592303622513327,0.8199029227143817
1.3996488913540943,0.5777349272737596,0.8151151396831114,-1.6925407612362056,-0.8356850873489315,-0.8260561574345483,-0.7736055022721724,2.779229208735186,0.9592303622513327,0.8199029227143817
0.3718317752307952,2.3369764841366085,1.1918008777831015,-1.443623065895861,-0.8356850873489315,-0.8260561574345483,-0.7736055022721724,3.0579024035948654,-1.0425024471212316,0.8199029227143817
2.9143267466936926,0.28452800112995147,1.6934057678459191,-1.443623065895861,-0.8356850873489315,-0.8260561574345483,-0.7736055022721724,3.079338803199456,-1.0425024471212316,0.8199029227143817
1.8865096305703937,3.216597262568033,2.5673368014435813,-1.94145845657655,-0.8356850873489315,-0.8260561574345483,-0.7736055022721724,2.2218828190158275,-1.0425024471212316,0.8199029227143817
1.9947009059517935,3.509804188711841,0.24182845436645617,-1.6925407612362056,-0.8356850873489315,-0.8260561574345483,-0.7736055022721724,1.9432096241561483,0.9592303622513327,0.8199029227143817
1.5078401667354941,1.457355705705184,1.7999643196209218,-1.94145845657655,-0.8356850873489315,-0.8260561574345483,-0.7736055022721724,0.828516844717431,-1.0425024471212316,0.8199029227143817
0.26364049984939525,2.6301834102804165,-0.3804198314510657,-1.443623065895861,-0.8356850873489315,-0.8260561574345483,-0.7736055022721724,1.814591226528604,0.9592303622513327,0.8199029227143817
2.589752920549493,3.509804188711841,1.269686711456569,-1.1947053705555168,-0.8356850873489315,-0.8260561574345483,-0.7736055022721724,3.465193996082089,-1.0425024471212316,0.8199029227143817
1.0209794275191946,2.6301834102804165,3.5114405398686843,-1.6925407612362056,-0.8356850873489315,-0.8260561574345483,-0.7736055022721724,2.30762841743419,0.9592303622513327,0.8199029227143817
2.211083456714593,0.5777349272737596,0.38250921744942595,-1.6925407612362056,-0.8356850873489315,-0.8260561574345483,-0.7736055022721724,3.079338803199456,0.9592303622513327,0.8199029227143817
1.670127079807594,2.0437695579928,3.1641820650834274,-1.94145845657655,-0.8356850873489315,-0.8260561574345483,-0.7736055022721724,3.250830000036182,0.9592303622513327,0.8199029227143817
2.265179094405293,3.216597262568033,0.46726979639870037,-1.1947053705555168,-0.8356850873489315,-0.8260561574345483,-0.7736055022721724,1.4287360336459711,0.9592303622513327,0.8199029227143817
2.8061354713122926,0.28452800112995147,3.4855344875488763,-1.443623065895861,-0.8356850873489315,-0.8260561574345483,-0.7736055022721724,3.5723759941050424,-1.0425024471212316,0.8199029227143817
1.670127079807594,0.8709418534175678,0.5757566303852099,-2.1903761519168943,-0.8356850873489315,-0.8260561574345483,-0.7736055022721724,0.6141528486715239,-1.0425024471212316,0.8199029227143817
2.589752920549493,1.7505626318489922,1.970072346018625,-1.443623065895861,-0.8356850873489315,-0.8260561574345483,-0.7736055022721724,0.7642076459036589,0.9592303622513327,0.8199029227143817
0.8586925144470947,2.6301834102804165,3.3734426042104193,-1.443623065895861,-0.8356850873489315,-0.8260561574345483,-0.7736055022721724,2.7149200099214137,0.9592303622513327,0.8199029227143817
0.3718317752307952,2.923390336424225,3.009081104592668,-1.1947053705555168,-0.8356850873489315,-0.8260561574345483,-0.7736055022721724,0.44266165183479816,-1.0425024471212316,0.8199029227143817
1.8324139928796936,0.5777349272737596,2.945866983398056,-1.6925407612362056,-0.8356850873489315,-0.8260561574345483,-0.7736055022721724,0.5498436498577517,-1.0425024471212316,0.8199029227143817
1.9406052682610935,2.0437695579928,2.8382185329817666,-1.443623065895861,-0.8356850873489315,-0.8260561574345483,-0.7736055022721724,2.779229208735186,-1.0425024471212316,0.8199029227143817
1.4537445290447941,1.1641487795613759,3.4410163199701773,-1.6925407612362056,-0.8356850873489315,-0.8260561574345483,-0.7736055022721724,2.0718280217836926,-1.0425024471212316,0.8199029227143817
0.3177361375400952,0.5777349272737596,0.9940261935681278,-1.1947053705555168,-0.8356850873489315,-0.8260561574345483,-0.7736055022721724,1.6859728289010596,-1.0425024471212316,0.8199029227143817
0.588214325993595,0.8709418534175678,1.8753350025837288,-1.1947053705555168,-0.8356850873489315,-0.8260561574345483,-0.7736055022721724,2.993593204781093,-1.0425024471212316,0.8199029227143817
2.0487965436424935,1.7505626318489922,0.6325990364461476,-1.94145845657655,-0.8356850873489315,-0.8260561574345483,-0.7736055022721724,1.5359180316689247,0.9592303622513327,0.8199029227143817
1.9406052682610935,2.923390336424225,2.7092751398818815,-2.1903761519168943,-0.8356850873489315,-0.8260561574345483,-0.7736055022721724,2.929284005967321,-1.0425024471212316,0.8199029227143817
3.0766136597657927,2.6301834102804165,2.0524016126142604,-1.1947053705555168,-0.8356850873489315,-0.8260561574345483,-0.7736055022721724,3.165084401617819,-1.0425024471212316,0.8199029227143817
2.319274732095993,2.3369764841366085,1.5685704542401135,-1.1947053705555168,-0.8356850873489315,-0.8260561574345483,-0.7736055022721724,0.8070804451128403,0.9592303622513327,0.8199029227143817
1.9406052682610935,2.923390336424225,-0.16059565933929768,-1.6925407612362056,-0.8356850873489315,-0.8260561574345483,-0.7736055022721724,0.5498436498577517,-1.0425024471212316,0.8199029227143817
2.535657282858793,3.216597262568033,0.8504110879893869,-1.1947053705555168,-0.8356850873489315,-0.8260561574345483,-0.7736055022721724,0.46409805143938887,-1.0425024471212316,0.8199029227143817
2.535657282858793,2.6301834102804165,2.394545947621173,-1.443623065895861,-0.8356850873489315,-0.8260561574345483,-0.7736055022721724,3.4437575964774982,-1.0425024471212316,0.8199029227143817
0.9668837898284947,1.1641487795613759,0.30479106049000226,-1.94145845657655,-0.8356850873489315,-0.8260561574345483,-0.7736055022721724,3.293702799245363,0.9592303622513327,0.8199029227143817
0.3718317752307952,3.509804188711841,0.4033011299908899,-1.94145845657655,-0.8356850873489315,-0.8260561574345483,-0.7736055022721724,1.514481632064334,-1.0425024471212316,0.8199029227143817
2.697944195930893,1.1641487795613759,1.637904775497334,-1.443623065895861,-0.8356850873489315,-0.8260561574345483,-0.7736055022721724,0.24973405539348176,0.9592303622513327,0.8199029227143817
